id,nome,data,tasso
MII158910,Agrigento,2024-10-06,138.7097
MII157783,Alba,2024-10-06,77.5510
MII158919,"Alessandria Cantiello, Gaeta",2024-10-06,98.5714
MII158924,Alessandria San Michele,2024-10-06,139.7727
MII158935,Alghero,2024-10-06,55.1282
MII172277,Altamura,2024-10-06,158.8235
MII158944,Ancona Barcaglione,2024-10-06,96.0000
MII158941,Ancona Montacuto,2024-10-06,129.2969
MII158945,Arbus,2024-10-06,73.8095
MII158948,Arezzo,2024-10-06,137.5000
MII159053,Ariano Irpino,2024-10-06,120.5426
MII159060,Arienzo,2024-10-06,172.4138
MII159065,Ascoli Piceno,2024-10-06,125.2525
MII159069,Asti,2024-10-06,127.9412
MII159314,Augusta,2024-10-06,159.3567
MII172011,Avellino,2024-10-06,123.8569
MII172187,Aversa,2024-10-06,106.8376
MII182440,Avezzano,2024-10-06,139.2157
MII172222,Barcellona Pozzo di Gotto,2024-10-06,75.3676
MII181678,Bari,2024-10-06,164.3725
MII158901,Belluno,2024-10-06,128.0488
MII160204,Benevento,2024-10-06,160.3175
MII172827,Bergamo,2024-10-06,180.8176
MII172332,Biella,2024-10-06,110.7692
MII172344,Bollate,2024-10-06,113.0332
MII172508,Bologna,2024-10-06,168.3027
MII172580,Bolzano,2024-10-06,120.0000
MII172592,Brescia Canton Monbello,2024-10-06,207.1429
MII172610,Brescia Verziano,2024-10-06,167.6056
MII172623,Brindisi,2024-10-06,176.4706
MII172814,Brissogne - Aosta,2024-10-06,77.0115
MII172320,Busto Arsizio,2024-10-06,190.7080
MII172835,Cagliari Uta,2024-10-06,130.1248
MII173006,Caltagirone,2024-10-06,110.3448
MII173063,Caltanissetta,2024-10-06,120.2186
MII173088,Campobasso,2024-10-06,177.0833
MII173101,Carinola,2024-10-06,102.4194
MII173114,Cassino,2024-10-06,170.0787
MII173237,Castelfranco Emilia,2024-10-06,70.4698
MII173259,Castelvetrano,2024-10-06,161.3636
MII173265,Castrovillari,2024-10-06,150.8475
MII173285,Catania Bicocca,2024-10-06,131.8519
MII173301,Catania Piazza Lanza,2024-10-06,148.7455
MII173311,Catanzaro,2024-10-06,104.8387
MII173356,Chiavari,2024-10-06,113.4615
MII173364,Chieti,2024-10-06,173.4177
MII173688,Civitavecchia Giuseppe Passerini,2024-10-06,82.6087
MII172208,Civitavecchia Nuovo Complesso,2024-10-06,173.9550
MII173712,Como,2024-10-06,189.3333
MII173341,Cosenza,2024-10-06,127.9621
MII173747,Cremona,2024-10-06,153.1250
MII173324,Crotone,2024-10-06,130.5263
MII173764,Cuneo,2024-10-06,105.2770
MII173784,Eboli,2024-10-06,81.4815
MII173813,Enna,2024-10-06,124.6914
MII173994,Favignana,2024-10-06,103.3708
MII174501,Fermo,2024-10-06,130.2326
MII174686,Ferrara,2024-10-06,156.5574
MII174825,Firenze Mario Gozzini,2024-10-06,134.6154
MII174720,Firenze Sollicciano,2024-10-06,141.5301
MII176375,Foggia,2024-10-06,205.7971
MII176403,Forlì,2024-10-06,113.5338
MII176414,Fossano,2024-10-06,79.4118
MII176424,Fossombrone,2024-10-06,87.1287
MII176437,Frosinone,2024-10-06,126.2397
MII176451,Gela,2024-10-06,143.7500
MII152284,Genova Marassi,2024-10-06,126.3551
MII176703,Genova Pontedecimo,2024-10-06,151.0417
MII176714,Giarre,2024-10-06,127.5862
MII176719,Gorizia,2024-10-06,147.1698
MII176743,Grosseto,2024-10-06,200.0000
MII176749,Imperia,2024-10-06,134.6154
MII176759,Isernia,2024-10-06,126.0000
MII176771,Isili,2024-10-06,71.9626
MII176781,Ivrea,2024-10-06,133.5106
MII177134,L'Aquila,2024-10-06,76.5766
MII176788,La Spezia,2024-10-06,118.4466
MII177107,Lanciano,2024-10-06,110.7623
MII177118,Lanusei,2024-10-06,81.8182
MII177323,Larino,2024-10-06,102.5210
MII177332,Latina,2024-10-06,166.2338
MII177346,Laureana di Borrello,2024-10-06,148.6486
MII177384,Lauro,2024-10-06,14.0000
MII177420,Lecce,2024-10-06,161.4035
MII177436,Lecco,2024-10-06,160.3774
MII177463,Livorno,2024-10-06,137.7778
MII177498,Livorno Gorgona,2024-10-06,95.5056
MII177996,Locri,2024-10-06,141.8605
MII178027,Lodi,2024-10-06,197.7273
MII178035,Lucca,2024-10-06,180.4878
MII178045,Lucera,2024-10-06,114.8148
MII178072,Mantova,2024-10-06,154.6392
MII178085,Massa,2024-10-06,139.8810
MII178115,Massa Marittima,2024-10-06,97.9167
MII178124,Matera,2024-10-06,147.6190
MII178141,Melfi,2024-10-06,144.4444
MII178148,Messina,2024-10-06,95.9091
MII158895,Milano San Vittore,2024-10-06,227.8027
MII178501,Milano San Vittore femminile,2024-10-06,186.3636
MII178638,Modena,2024-10-06,153.9295
MII178659,Monza,2024-10-06,178.2396
MII178666,Napoli Poggioreale,2024-10-06,155.3756
MII178672,Napoli Secondigliano,2024-10-06,130.8237
MII178681,Noto,2024-10-06,84.6591
MII178700,Novara,2024-10-06,112.1795
MII179224,Nuoro,2024-10-06,69.0299
MII178003,Onanì,2024-10-06,72.9412
MII179237,Opera,2024-10-06,144.7281
MII179274,Oristano,2024-10-06,92.8030
MII179280,Orvieto,2024-10-06,122.4490
MII179290,Padova,2024-10-06,117.3913
MII179299,Padova Nuovo Complesso,2024-10-06,148.0000
MII179306,Palermo Pagliarelli,2024-10-06,119.2042
MII179324,Palermo Ucciardone,2024-10-06,106.5306
MII179331,Paliano,2024-10-06,42.7632
MII179342,Palmi,2024-10-06,118.4397
MII179353,Paola,2024-10-06,120.1299
MII179364,Parma,2024-10-06,113.5566
MII182910,Pavia,2024-10-06,133.2685
MII179781,Perugia,2024-10-06,148.5531
MII179818,Pesaro,2024-10-06,168.4211
MII179830,Pescara,2024-10-06,168.0147
MII179842,Piacenza,2024-10-06,121.6216
MII179856,Piazza Armerina,2024-10-06,156.2500
MII182919,Pisa,2024-10-06,157.7778
MII179896,Pistoia,2024-10-06,96.0526
MII179913,Pordenone,2024-10-06,143.2432
MII179932,Porto Azzurro,2024-10-06,96.8847
MII179938,Potenza,2024-10-06,184.6154
MII179958,Prato,2024-10-06,101.1945
MII179965,Ragusa,2024-10-06,116.9399
MII179981,Ravenna,2024-10-06,165.3061
MII179988,Reggio Calabria Arghillà,2024-10-06,108.5034
MII179995,Reggio Calabria Giuseppe Panzera,2024-10-06,119.1860
MII182339,Reggio Emilia,2024-10-06,121.8884
MII169535,Rieti,2024-10-06,188.1919
MII180001,Rimini,2024-10-06,131.3559
MII180380,Roma Rebibbia,2024-10-06,98.3108
MII180348,Roma Rebibbia femminile,2024-10-06,139.6226
MII180356,Roma Rebibbia IIIª casa,2024-10-06,63.6364
MII180370,Roma Rebibbia Nuovo Complesso,2024-10-06,149.1012
MII180401,Roma Regina Coeli,2024-10-06,188.3387
MII180415,Rossano,2024-10-06,123.3716
MII180424,Rovigo,2024-10-06,117.2414
MII180426,Salerno,2024-10-06,159.3085
MII180437,Saluzzo,2024-10-06,81.1321
MII180451,San Cataldo,2024-10-06,65.6716
MII180458,San Gimignano,2024-10-06,141.7040
MII180476,San Severo,2024-10-06,129.5082
MII180465,Sanremo,2024-10-06,116.6667
MII181079,Sant'Angelo dei Lombardi,2024-10-06,147.8632
MII180487,Santa Maria Capua Vetere,2024-10-06,146.4646
MII181091,Sassari,2024-10-06,113.4658
MII181109,Sciacca,2024-10-06,105.0000
MII181115,Siena,2024-10-06,122.4138
MII181125,Siracusa,2024-10-06,123.8532
MII181346,Sondrio,2024-10-06,142.3077
MII181358,Spoleto,2024-10-06,102.2222
MII181371,Sulmona,2024-10-06,137.7778
MII181377,Taranto,2024-10-06,197.1014
MII181385,Tempio Pausania,2024-10-06,102.3529
MII181392,Teramo,2024-10-06,138.9764
MII181401,Termini Imerese,2024-10-06,110.5263
MII181407,Terni,2024-10-06,133.8863
MII181417,Tolmezzo,2024-10-06,95.3020
MII181424,Torino,2024-10-06,132.7555
MII181434,Trani,2024-10-06,128.9037
MII181440,Trani femminile,2024-10-06,115.6250
MII181625,Trapani,2024-10-06,106.4386
MII181636,Trento,2024-10-06,91.6067
MII181645,Treviso,2024-10-06,185.7143
MII181661,Trieste,2024-10-06,167.8082
MII181681,Turi,2024-10-06,139.8148
MII181672,Udine,2024-10-06,187.3684
MII181691,Vallo della Lucania,2024-10-06,142.5000
MII181703,Varese,2024-10-06,188.6792
MII181820,Vasto,2024-10-06,63.2653
MII181839,Velletri,2024-10-06,133.6788
MII181847,Venezia Giudecca,2024-10-06,83.0357
MII181863,Venezia Santa Maria Maggiore,2024-10-06,162.8931
MII181870,Verbania,2024-10-06,156.6038
MII181880,Vercelli,2024-10-06,156.3218
MII181891,Verona,2024-10-06,186.4780
MII181908,Vibo Valentia,2024-10-06,103.4574
MII181918,Vicenza,2024-10-06,147.3469
MII181924,Vigevano,2024-10-06,166.0550
MII181934,Viterbo,2024-10-06,171.3580
MII179733,Voghera,2024-10-06,103.8123
MII179876,Volterra,2024-10-06,95.7672
MII158910,Agrigento,2024-10-13,139.4265
MII157783,Alba,2024-10-13,83.6735
MII158919,"Alessandria Cantiello, Gaeta",2024-10-13,96.6667
MII158924,Alessandria San Michele,2024-10-13,137.8788
MII158935,Alghero,2024-10-13,55.1282
MII172277,Altamura,2024-10-13,156.8627
MII158944,Ancona Barcaglione,2024-10-13,101.0000
MII158941,Ancona Montacuto,2024-10-13,129.2969
MII158945,Arbus,2024-10-13,72.2222
MII158948,Arezzo,2024-10-13,158.3333
MII159053,Ariano Irpino,2024-10-13,120.1550
MII159060,Arienzo,2024-10-13,168.9655
MII159065,Ascoli Piceno,2024-10-13,124.2424
MII159069,Asti,2024-10-13,127.4510
MII159314,Augusta,2024-10-13,159.9415
MII172011,Avellino,2024-10-13,123.0616
MII172187,Aversa,2024-10-13,110.0877
MII182440,Avezzano,2024-10-13,133.3333
MII172222,Barcellona Pozzo di Gotto,2024-10-13,75.3676
MII181678,Bari,2024-10-13,170.2811
MII158901,Belluno,2024-10-13,131.7073
MII160204,Benevento,2024-10-13,161.1111
MII172827,Bergamo,2024-10-13,179.5597
MII172332,Biella,2024-10-13,113.0769
MII172344,Bollate,2024-10-13,113.0332
MII172508,Bologna,2024-10-13,167.8279
MII172580,Bolzano,2024-10-13,122.3529
MII172592,Brescia Canton Monbello,2024-10-13,207.6923
MII172610,Brescia Verziano,2024-10-13,163.3803
MII172623,Brindisi,2024-10-13,173.5043
MII172814,Brissogne - Aosta,2024-10-13,79.4286
MII172320,Busto Arsizio,2024-10-13,195.1327
MII172835,Cagliari Uta,2024-10-13,132.2638
MII173006,Caltagirone,2024-10-13,110.8753
MII173063,Caltanissetta,2024-10-13,120.2186
MII173088,Campobasso,2024-10-13,177.0833
MII173101,Carinola,2024-10-13,100.8065
MII173114,Cassino,2024-10-13,174.0157
MII173237,Castelfranco Emilia,2024-10-13,69.7987
MII173259,Castelvetrano,2024-10-13,161.3636
MII173265,Castrovillari,2024-10-13,146.2810
MII173285,Catania Bicocca,2024-10-13,133.0827
MII173301,Catania Piazza Lanza,2024-10-13,152.6882
MII173311,Catanzaro,2024-10-13,103.0303
MII173356,Chiavari,2024-10-13,123.0769
MII173364,Chieti,2024-10-13,164.5570
MII173688,Civitavecchia Giuseppe Passerini,2024-10-13,90.2174
MII172208,Civitavecchia Nuovo Complesso,2024-10-13,168.8103
MII173712,Como,2024-10-13,188.4444
MII173341,Cosenza,2024-10-13,125.5924
MII173747,Cremona,2024-10-13,150.0000
MII173324,Crotone,2024-10-13,127.3684
MII173764,Cuneo,2024-10-13,108.2447
MII173784,Eboli,2024-10-13,81.4815
MII173813,Enna,2024-10-13,125.3086
MII173994,Favignana,2024-10-13,103.3708
MII174501,Fermo,2024-10-13,123.2558
MII174686,Ferrara,2024-10-13,155.7377
MII174825,Firenze Mario Gozzini,2024-10-13,136.3636
MII174720,Firenze Sollicciano,2024-10-13,143.4903
MII176375,Foggia,2024-10-13,205.5072
MII176403,Forlì,2024-10-13,123.3083
MII176414,Fossano,2024-10-13,81.6176
MII176424,Fossombrone,2024-10-13,87.1287
MII176437,Frosinone,2024-10-13,126.3918
MII176451,Gela,2024-10-13,141.6667
MII152284,Genova Marassi,2024-10-13,127.1028
MII176703,Genova Pontedecimo,2024-10-13,168.6047
MII176714,Giarre,2024-10-13,127.5862
MII176719,Gorizia,2024-10-13,137.7358
MII176743,Grosseto,2024-10-13,213.3333
MII176749,Imperia,2024-10-13,138.4615
MII176759,Isernia,2024-10-13,134.0000
MII176771,Isili,2024-10-13,71.9626
MII176781,Ivrea,2024-10-13,135.6383
MII177134,L'Aquila,2024-10-13,78.3784
MII176788,La Spezia,2024-10-13,117.4757
MII177107,Lanciano,2024-10-13,111.2108
MII177118,Lanusei,2024-10-13,84.8485
MII177323,Larino,2024-10-13,104.2017
MII177332,Latina,2024-10-13,163.6364
MII177346,Laureana di Borrello,2024-10-13,151.3514
MII177384,Lauro,2024-10-13,12.0000
MII177420,Lecce,2024-10-13,162.0783
MII177436,Lecco,2024-10-13,158.4906
MII177463,Livorno,2024-10-13,137.7778
MII177498,Livorno Gorgona,2024-10-13,94.3820
MII177996,Locri,2024-10-13,145.3488
MII178027,Lodi,2024-10-13,211.9048
MII178035,Lucca,2024-10-13,178.0488
MII178045,Lucera,2024-10-13,116.2963
MII178072,Mantova,2024-10-13,154.6392
MII178085,Massa,2024-10-13,140.4762
MII178115,Massa Marittima,2024-10-13,100.0000
MII178124,Matera,2024-10-13,145.2381
MII178141,Melfi,2024-10-13,143.6508
MII178148,Messina,2024-10-13,97.2727
MII158895,Milano San Vittore,2024-10-13,227.5168
MII178501,Milano San Vittore femminile,2024-10-13,171.1111
MII178638,Modena,2024-10-13,152.8455
MII178659,Monza,2024-10-13,180.4401
MII178666,Napoli Poggioreale,2024-10-13,157.2901
MII178672,Napoli Secondigliano,2024-10-13,130.6466
MII178681,Noto,2024-10-13,81.8182
MII178700,Novara,2024-10-13,112.1795
MII179224,Nuoro,2024-10-13,69.7761
MII178003,Onanì,2024-10-13,71.7647
MII179237,Opera,2024-10-13,144.3951
MII179274,Oristano,2024-10-13,92.4242
MII179280,Orvieto,2024-10-13,124.4898
MII179290,Padova,2024-10-13,117.3913
MII179299,Padova Nuovo Complesso,2024-10-13,147.2000
MII179306,Palermo Pagliarelli,2024-10-13,119.9827
MII179324,Palermo Ucciardone,2024-10-13,106.1224
MII179331,Paliano,2024-10-13,43.4211
MII179342,Palmi,2024-10-13,117.7305
MII179353,Paola,2024-10-13,118.1818
MII179364,Parma,2024-10-13,115.0400
MII182910,Pavia,2024-10-13,133.8521
MII179781,Perugia,2024-10-13,150.0000
MII179818,Pesaro,2024-10-13,170.3947
MII179830,Pescara,2024-10-13,168.7500
MII179842,Piacenza,2024-10-13,122.8501
MII179856,Piazza Armerina,2024-10-13,156.2500
MII182919,Pisa,2024-10-13,160.3352
MII179896,Pistoia,2024-10-13,82.8947
MII179913,Pordenone,2024-10-13,145.9459
MII179932,Porto Azzurro,2024-10-13,96.2617
MII179938,Potenza,2024-10-13,184.6154
MII179958,Prato,2024-10-13,102.7304
MII179965,Ragusa,2024-10-13,112.5683
MII179981,Ravenna,2024-10-13,153.0612
MII179988,Reggio Calabria Arghillà,2024-10-13,112.5850
MII179995,Reggio Calabria Giuseppe Panzera,2024-10-13,116.2791
MII182339,Reggio Emilia,2024-10-13,119.7425
MII169535,Rieti,2024-10-13,189.6679
MII180001,Rimini,2024-10-13,132.2034
MII180380,Roma Rebibbia,2024-10-13,100.6757
MII180348,Roma Rebibbia femminile,2024-10-13,142.0455
MII180356,Roma Rebibbia IIIª casa,2024-10-13,63.6364
MII180370,Roma Rebibbia Nuovo Complesso,2024-10-13,149.1012
MII180401,Roma Regina Coeli,2024-10-13,179.0735
MII180415,Rossano,2024-10-13,122.4335
MII180424,Rovigo,2024-10-13,116.0976
MII180426,Salerno,2024-10-13,157.1809
MII180437,Saluzzo,2024-10-13,81.1321
MII180451,San Cataldo,2024-10-13,65.6716
MII180458,San Gimignano,2024-10-13,142.1525
MII180476,San Severo,2024-10-13,119.6721
MII180465,Sanremo,2024-10-13,118.0995
MII181079,Sant'Angelo dei Lombardi,2024-10-13,147.8632
MII180487,Santa Maria Capua Vetere,2024-10-13,145.4545
MII181091,Sassari,2024-10-13,114.5695
MII181109,Sciacca,2024-10-13,100.0000
MII181115,Siena,2024-10-13,120.6897
MII181125,Siracusa,2024-10-13,123.3028
MII181346,Sondrio,2024-10-13,142.3077
MII181358,Spoleto,2024-10-13,101.7778
MII181371,Sulmona,2024-10-13,137.1429
MII181377,Taranto,2024-10-13,193.5818
MII181385,Tempio Pausania,2024-10-13,102.3529
MII181392,Teramo,2024-10-13,139.7638
MII181401,Termini Imerese,2024-10-13,112.6316
MII181407,Terni,2024-10-13,134.3602
MII181417,Tolmezzo,2024-10-13,96.6443
MII181424,Torino,2024-10-13,131.1759
MII181434,Trani,2024-10-13,130.5648
MII181440,Trani femminile,2024-10-13,118.7500
MII181625,Trapani,2024-10-13,106.6398
MII181636,Trento,2024-10-13,91.1271
MII181645,Treviso,2024-10-13,182.5397
MII181661,Trieste,2024-10-13,169.8630
MII181681,Turi,2024-10-13,140.7407
MII181672,Udine,2024-10-13,187.3684
MII181691,Vallo della Lucania,2024-10-13,145.0000
MII181703,Varese,2024-10-13,186.7925
MII181820,Vasto,2024-10-13,64.6259
MII181839,Velletri,2024-10-13,150.7418
MII181847,Venezia Giudecca,2024-10-13,82.1429
MII181863,Venezia Santa Maria Maggiore,2024-10-13,162.2642
MII181870,Verbania,2024-10-13,156.6038
MII181880,Vercelli,2024-10-13,159.5376
MII181891,Verona,2024-10-13,187.7358
MII181908,Vibo Valentia,2024-10-13,98.9744
MII181918,Vicenza,2024-10-13,146.7480
MII181924,Vigevano,2024-10-13,165.1376
MII181934,Viterbo,2024-10-13,172.0988
MII179733,Voghera,2024-10-13,103.2258
MII179876,Volterra,2024-10-13,95.7672
MII158910,Agrigento,2024-10-20,143.0657
MII157783,Alba,2024-10-20,83.6735
MII158919,"Alessandria Cantiello, Gaeta",2024-10-20,97.6190
MII158924,Alessandria San Michele,2024-10-20,135.6061
MII158935,Alghero,2024-10-20,53.8462
MII172277,Altamura,2024-10-20,152.9412
MII158944,Ancona Barcaglione,2024-10-20,101.0000
MII158941,Ancona Montacuto,2024-10-20,130.8594
MII158945,Arbus,2024-10-20,69.0476
MII158948,Arezzo,2024-10-20,162.5000
MII159053,Ariano Irpino,2024-10-20,123.5521
MII159060,Arienzo,2024-10-20,168.9655
MII159065,Ascoli Piceno,2024-10-20,125.2525
MII159069,Asti,2024-10-20,125.0000
MII159314,Augusta,2024-10-20,161.1111
MII172011,Avellino,2024-10-20,126.5136
MII172187,Aversa,2024-10-20,108.5470
MII182440,Avezzano,2024-10-20,139.2157
MII172222,Barcellona Pozzo di Gotto,2024-10-20,74.6324
MII181678,Bari,2024-10-20,170.2811
MII158901,Belluno,2024-10-20,130.4878
MII160204,Benevento,2024-10-20,160.0791
MII172827,Bergamo,2024-10-20,178.9308
MII172332,Biella,2024-10-20,117.1795
MII172344,Bollate,2024-10-20,112.0853
MII172508,Bologna,2024-10-20,170.5394
MII172580,Bolzano,2024-10-20,125.8824
MII172592,Brescia Canton Monbello,2024-10-20,203.8462
MII172610,Brescia Verziano,2024-10-20,164.2857
MII172623,Brindisi,2024-10-20,168.0672
MII172814,Brissogne - Aosta,2024-10-20,77.7143
MII172320,Busto Arsizio,2024-10-20,193.8053
MII172835,Cagliari Uta,2024-10-20,132.6203
MII173006,Caltagirone,2024-10-20,113.5279
MII173063,Caltanissetta,2024-10-20,121.8579
MII173088,Campobasso,2024-10-20,176.0417
MII173101,Carinola,2024-10-20,100.4032
MII173114,Cassino,2024-10-20,170.0787
MII173237,Castelfranco Emilia,2024-10-20,71.1409
MII173259,Castelvetrano,2024-10-20,163.6364
MII173265,Castrovillari,2024-10-20,143.8017
MII173285,Catania Bicocca,2024-10-20,133.0827
MII173301,Catania Piazza Lanza,2024-10-20,153.0466
MII173311,Catanzaro,2024-10-20,102.8708
MII173356,Chiavari,2024-10-20,121.1538
MII173364,Chieti,2024-10-20,159.4937
MII173688,Civitavecchia Giuseppe Passerini,2024-10-20,97.8261
MII172208,Civitavecchia Nuovo Complesso,2024-10-20,170.0965
MII173712,Como,2024-10-20,191.1111
MII173341,Cosenza,2024-10-20,124.6445
MII173747,Cremona,2024-10-20,155.9896
MII173324,Crotone,2024-10-20,125.2632
MII173764,Cuneo,2024-10-20,108.2447
MII173784,Eboli,2024-10-20,81.4815
MII173813,Enna,2024-10-20,122.2222
MII173994,Favignana,2024-10-20,102.2472
MII174501,Fermo,2024-10-20,127.9070
MII174686,Ferrara,2024-10-20,156.9672
MII174825,Firenze Mario Gozzini,2024-10-20,136.3636
MII174720,Firenze Sollicciano,2024-10-20,147.0914
MII176375,Foggia,2024-10-20,203.4783
MII176403,Forlì,2024-10-20,115.1515
MII176414,Fossano,2024-10-20,82.3529
MII176424,Fossombrone,2024-10-20,87.1287
MII176437,Frosinone,2024-10-20,122.3140
MII176451,Gela,2024-10-20,141.6667
MII152284,Genova Marassi,2024-10-20,125.6075
MII176703,Genova Pontedecimo,2024-10-20,159.3023
MII176714,Giarre,2024-10-20,127.5862
MII176719,Gorizia,2024-10-20,139.6226
MII176743,Grosseto,2024-10-20,200.0000
MII176749,Imperia,2024-10-20,140.3846
MII176759,Isernia,2024-10-20,138.0000
MII176771,Isili,2024-10-20,71.0280
MII176781,Ivrea,2024-10-20,134.0426
MII177134,L'Aquila,2024-10-20,77.4775
MII176788,La Spezia,2024-10-20,121.3592
MII177107,Lanciano,2024-10-20,114.3498
MII177118,Lanusei,2024-10-20,84.8485
MII177323,Larino,2024-10-20,104.2017
MII177332,Latina,2024-10-20,167.5325
MII177346,Laureana di Borrello,2024-10-20,154.0541
MII177384,Lauro,2024-10-20,10.0000
MII177420,Lecce,2024-10-20,162.0783
MII177436,Lecco,2024-10-20,152.8302
MII177463,Livorno,2024-10-20,136.6667
MII177498,Livorno Gorgona,2024-10-20,94.3820
MII177996,Locri,2024-10-20,145.3488
MII178027,Lodi,2024-10-20,193.1818
MII178035,Lucca,2024-10-20,187.8049
MII178045,Lucera,2024-10-20,121.4815
MII178072,Mantova,2024-10-20,157.4468
MII178085,Massa,2024-10-20,140.4762
MII178115,Massa Marittima,2024-10-20,102.0833
MII178124,Matera,2024-10-20,151.5873
MII178141,Melfi,2024-10-20,143.6508
MII178148,Messina,2024-10-20,95.9091
MII158895,Milano San Vittore,2024-10-20,222.9935
MII178501,Milano San Vittore femminile,2024-10-20,177.7778
MII178638,Modena,2024-10-20,152.8455
MII178659,Monza,2024-10-20,180.0487
MII178666,Napoli Poggioreale,2024-10-20,155.6701
MII178672,Napoli Secondigliano,2024-10-20,130.5580
MII178681,Noto,2024-10-20,82.9545
MII178700,Novara,2024-10-20,109.6154
MII179224,Nuoro,2024-10-20,68.6347
MII178003,Onanì,2024-10-20,70.0000
MII179237,Opera,2024-10-20,144.1242
MII179274,Oristano,2024-10-20,90.5303
MII179280,Orvieto,2024-10-20,125.5102
MII179290,Padova,2024-10-20,119.0217
MII179299,Padova Nuovo Complesso,2024-10-20,145.6000
MII179306,Palermo Pagliarelli,2024-10-20,122.5779
MII179324,Palermo Ucciardone,2024-10-20,106.5306
MII179331,Paliano,2024-10-20,42.7632
MII179342,Palmi,2024-10-20,117.0213
MII179353,Paola,2024-10-20,118.8312
MII179364,Parma,2024-10-20,115.6800
MII182910,Pavia,2024-10-20,134.4358
MII179781,Perugia,2024-10-20,148.7097
MII179818,Pesaro,2024-10-20,172.3684
MII179830,Pescara,2024-10-20,168.3824
MII179842,Piacenza,2024-10-20,124.8157
MII179856,Piazza Armerina,2024-10-20,156.2500
MII182919,Pisa,2024-10-20,159.7765
MII179896,Pistoia,2024-10-20,90.7895
MII179913,Pordenone,2024-10-20,145.9459
MII179932,Porto Azzurro,2024-10-20,97.1963
MII179938,Potenza,2024-10-20,188.4615
MII179958,Prato,2024-10-20,102.5597
MII179965,Ragusa,2024-10-20,104.9180
MII179981,Ravenna,2024-10-20,148.9796
MII179988,Reggio Calabria Arghillà,2024-10-20,111.2628
MII179995,Reggio Calabria Giuseppe Panzera,2024-10-20,114.5349
MII182339,Reggio Emilia,2024-10-20,118.8841
MII169535,Rieti,2024-10-20,186.3469
MII180001,Rimini,2024-10-20,138.1356
MII180380,Roma Rebibbia,2024-10-20,103.0405
MII180348,Roma Rebibbia femminile,2024-10-20,144.6970
MII180356,Roma Rebibbia IIIª casa,2024-10-20,63.6364
MII180370,Roma Rebibbia Nuovo Complesso,2024-10-20,147.3983
MII180401,Roma Regina Coeli,2024-10-20,193.1579
MII180415,Rossano,2024-10-20,122.8137
MII180424,Rovigo,2024-10-20,116.5854
MII180426,Salerno,2024-10-20,157.4468
MII180437,Saluzzo,2024-10-20,81.8396
MII180451,San Cataldo,2024-10-20,73.1343
MII180458,San Gimignano,2024-10-20,145.7399
MII180476,San Severo,2024-10-20,127.8689
MII180465,Sanremo,2024-10-20,119.0045
MII181079,Sant'Angelo dei Lombardi,2024-10-20,149.5726
MII180487,Santa Maria Capua Vetere,2024-10-20,144.8773
MII181091,Sassari,2024-10-20,116.1148
MII181109,Sciacca,2024-10-20,100.0000
MII181115,Siena,2024-10-20,125.8621
MII181125,Siracusa,2024-10-20,122.3853
MII181346,Sondrio,2024-10-20,161.5385
MII181358,Spoleto,2024-10-20,100.6667
MII181371,Sulmona,2024-10-20,138.7302
MII181377,Taranto,2024-10-20,193.9959
MII181385,Tempio Pausania,2024-10-20,101.1765
MII181392,Teramo,2024-10-20,144.4882
MII181401,Termini Imerese,2024-10-20,117.3913
MII181407,Terni,2024-10-20,133.1754
MII181417,Tolmezzo,2024-10-20,98.6577
MII181424,Torino,2024-10-20,133.1502
MII181434,Trani,2024-10-20,133.8870
MII181440,Trani femminile,2024-10-20,131.2500
MII181625,Trapani,2024-10-20,107.4447
MII181636,Trento,2024-10-20,89.4484
MII181645,Treviso,2024-10-20,184.9206
MII181661,Trieste,2024-10-20,173.9726
MII181681,Turi,2024-10-20,141.6667
MII181672,Udine,2024-10-20,183.1579
MII181691,Vallo della Lucania,2024-10-20,145.0000
MII181703,Varese,2024-10-20,188.6792
MII181820,Vasto,2024-10-20,64.6259
MII181839,Velletri,2024-10-20,151.3353
MII181847,Venezia Giudecca,2024-10-20,82.1429
MII181863,Venezia Santa Maria Maggiore,2024-10-20,163.5220
MII181870,Verbania,2024-10-20,154.7170
MII181880,Vercelli,2024-10-20,149.4737
MII181891,Verona,2024-10-20,188.6792
MII181908,Vibo Valentia,2024-10-20,100.0000
MII181918,Vicenza,2024-10-20,147.5806
MII181924,Vigevano,2024-10-20,163.7615
MII181934,Viterbo,2024-10-20,175.3086
MII179733,Voghera,2024-10-20,102.6393
MII179876,Volterra,2024-10-20,95.2381
MII158910,Agrigento,2024-10-27,142.7007
MII157783,Alba,2024-10-27,83.6735
MII158919,"Alessandria Cantiello, Gaeta",2024-10-27,101.4286
MII158924,Alessandria San Michele,2024-10-27,137.5000
MII158935,Alghero,2024-10-27,53.8462
MII172277,Altamura,2024-10-27,152.9412
MII158944,Ancona Barcaglione,2024-10-27,97.0000
MII158941,Ancona Montacuto,2024-10-27,132.0313
MII158945,Arbus,2024-10-27,69.0476
MII158948,Arezzo,2024-10-27,166.6667
MII159053,Ariano Irpino,2024-10-27,123.9382
MII159060,Arienzo,2024-10-27,162.0690
MII159065,Ascoli Piceno,2024-10-27,128.2828
MII159069,Asti,2024-10-27,124.6305
MII159314,Augusta,2024-10-27,162.8655
MII172011,Avellino,2024-10-27,114.4050
MII172187,Aversa,2024-10-27,110.2564
MII182440,Avezzano,2024-10-27,150.9804
MII172222,Barcellona Pozzo di Gotto,2024-10-27,72.4265
MII181678,Bari,2024-10-27,173.8956
MII158901,Belluno,2024-10-27,130.4878
MII160204,Benevento,2024-10-27,161.5079
MII172827,Bergamo,2024-10-27,180.5031
MII172332,Biella,2024-10-27,117.9487
MII172344,Bollate,2024-10-27,112.5990
MII172508,Bologna,2024-10-27,173.4990
MII172580,Bolzano,2024-10-27,127.0588
MII172592,Brescia Canton Monbello,2024-10-27,204.3956
MII172610,Brescia Verziano,2024-10-27,162.8571
MII172623,Brindisi,2024-10-27,166.3866
MII172814,Brissogne - Aosta,2024-10-27,80.0000
MII172320,Busto Arsizio,2024-10-27,191.5929
MII172835,Cagliari Uta,2024-10-27,133.3333
MII173006,Caltagirone,2024-10-27,113.5279
MII173063,Caltanissetta,2024-10-27,122.4044
MII173088,Campobasso,2024-10-27,175.0000
MII173101,Carinola,2024-10-27,100.6048
MII173114,Cassino,2024-10-27,167.7165
MII173237,Castelfranco Emilia,2024-10-27,69.1275
MII173259,Castelvetrano,2024-10-27,161.3636
MII173265,Castrovillari,2024-10-27,143.8017
MII173285,Catania Bicocca,2024-10-27,133.8346
MII173301,Catania Piazza Lanza,2024-10-27,155.5556
MII173311,Catanzaro,2024-10-27,102.2364
MII173356,Chiavari,2024-10-27,123.0769
MII173364,Chieti,2024-10-27,159.4937
MII173688,Civitavecchia Giuseppe Passerini,2024-10-27,94.5652
MII172208,Civitavecchia Nuovo Complesso,2024-10-27,169.1318
MII173712,Como,2024-10-27,193.3036
MII173341,Cosenza,2024-10-27,122.7488
MII173747,Cremona,2024-10-27,151.8229
MII173324,Crotone,2024-10-27,124.2105
MII173764,Cuneo,2024-10-27,108.1081
MII173784,Eboli,2024-10-27,77.7778
MII173813,Enna,2024-10-27,122.2222
MII173994,Favignana,2024-10-27,101.1236
MII174501,Fermo,2024-10-27,130.2326
MII174686,Ferrara,2024-10-27,159.4262
MII174825,Firenze Mario Gozzini,2024-10-27,135.0649
MII174720,Firenze Sollicciano,2024-10-27,147.0914
MII176375,Foggia,2024-10-27,200.2899
MII176403,Forlì,2024-10-27,118.1818
MII176414,Fossano,2024-10-27,82.3529
MII176424,Fossombrone,2024-10-27,87.1287
MII176437,Frosinone,2024-10-27,121.9008
MII176451,Gela,2024-10-27,143.7500
MII152284,Genova Marassi,2024-10-27,126.1682
MII176703,Genova Pontedecimo,2024-10-27,164.7059
MII176714,Giarre,2024-10-27,127.5862
MII176719,Gorizia,2024-10-27,141.5094
MII176743,Grosseto,2024-10-27,200.0000
MII176749,Imperia,2024-10-27,140.3846
MII176759,Isernia,2024-10-27,142.0000
MII176771,Isili,2024-10-27,71.9626
MII176781,Ivrea,2024-10-27,140.9574
MII177134,L'Aquila,2024-10-27,77.4775
MII176788,La Spezia,2024-10-27,126.2136
MII177107,Lanciano,2024-10-27,114.3498
MII177118,Lanusei,2024-10-27,84.8485
MII177323,Larino,2024-10-27,105.8824
MII177332,Latina,2024-10-27,174.0260
MII177346,Laureana di Borrello,2024-10-27,145.9459
MII177384,Lauro,2024-10-27,10.0000
MII177420,Lecce,2024-10-27,160.9987
MII177436,Lecco,2024-10-27,158.4906
MII177463,Livorno,2024-10-27,135.5556
MII177498,Livorno Gorgona,2024-10-27,95.5056
MII177996,Locri,2024-10-27,148.8372
MII178027,Lodi,2024-10-27,195.4545
MII178035,Lucca,2024-10-27,197.5610
MII178045,Lucera,2024-10-27,121.4815
MII178072,Mantova,2024-10-27,158.5106
MII178085,Massa,2024-10-27,139.2857
MII178115,Massa Marittima,2024-10-27,97.9167
MII178124,Matera,2024-10-27,152.3810
MII178141,Melfi,2024-10-27,147.6190
MII178148,Messina,2024-10-27,94.0909
MII158895,Milano San Vittore,2024-10-27,227.2727
MII178501,Milano San Vittore femminile,2024-10-27,173.3333
MII178638,Modena,2024-10-27,153.3875
MII178659,Monza,2024-10-27,177.3171
MII178666,Napoli Poggioreale,2024-10-27,158.0265
MII178672,Napoli Secondigliano,2024-10-27,131.0009
MII178681,Noto,2024-10-27,81.8182
MII178700,Novara,2024-10-27,115.3846
MII179224,Nuoro,2024-10-27,69.3727
MII178003,Onanì,2024-10-27,69.4118
MII179237,Opera,2024-10-27,144.1242
MII179274,Oristano,2024-10-27,90.5303
MII179280,Orvieto,2024-10-27,126.5306
MII179290,Padova,2024-10-27,119.0217
MII179299,Padova Nuovo Complesso,2024-10-27,145.8667
MII179306,Palermo Pagliarelli,2024-10-27,121.0208
MII179324,Palermo Ucciardone,2024-10-27,108.1633
MII179331,Paliano,2024-10-27,42.7632
MII179342,Palmi,2024-10-27,120.5674
MII179353,Paola,2024-10-27,121.4286
MII179364,Parma,2024-10-27,115.4589
MII182910,Pavia,2024-10-27,135.6031
MII179781,Perugia,2024-10-27,148.5437
MII179818,Pesaro,2024-10-27,169.0789
MII179830,Pescara,2024-10-27,167.6471
MII179842,Piacenza,2024-10-27,125.8621
MII179856,Piazza Armerina,2024-10-27,156.2500
MII182919,Pisa,2024-10-27,158.1006
MII179896,Pistoia,2024-10-27,90.7895
MII179913,Pordenone,2024-10-27,140.5405
MII179932,Porto Azzurro,2024-10-27,97.8193
MII179938,Potenza,2024-10-27,188.4615
MII179958,Prato,2024-10-27,101.7065
MII179965,Ragusa,2024-10-27,103.8251
MII179981,Ravenna,2024-10-27,167.3469
MII179988,Reggio Calabria Arghillà,2024-10-27,110.5802
MII179995,Reggio Calabria Giuseppe Panzera,2024-10-27,119.7674
MII182339,Reggio Emilia,2024-10-27,119.3133
MII169535,Rieti,2024-10-27,186.7159
MII180001,Rimini,2024-10-27,144.9153
MII180380,Roma Rebibbia,2024-10-27,102.7027
MII180348,Roma Rebibbia femminile,2024-10-27,143.3962
MII180356,Roma Rebibbia IIIª casa,2024-10-27,61.3636
MII180370,Roma Rebibbia Nuovo Complesso,2024-10-27,146.4522
MII180401,Roma Regina Coeli,2024-10-27,192.8070
MII180415,Rossano,2024-10-27,122.4335
MII180424,Rovigo,2024-10-27,115.6098
MII180426,Salerno,2024-10-27,156.9149
MII180437,Saluzzo,2024-10-27,82.5472
MII180451,San Cataldo,2024-10-27,74.6269
MII180458,San Gimignano,2024-10-27,146.6368
MII180476,San Severo,2024-10-27,122.9508
MII180465,Sanremo,2024-10-27,119.9095
MII181079,Sant'Angelo dei Lombardi,2024-10-27,149.5726
MII180487,Santa Maria Capua Vetere,2024-10-27,144.4444
MII181091,Sassari,2024-10-27,116.1148
MII181109,Sciacca,2024-10-27,105.0000
MII181115,Siena,2024-10-27,124.1379
MII181125,Siracusa,2024-10-27,122.9358
MII181346,Sondrio,2024-10-27,150.0000
MII181358,Spoleto,2024-10-27,101.1111
MII181371,Sulmona,2024-10-27,139.6825
MII181377,Taranto,2024-10-27,193.3747
MII181385,Tempio Pausania,2024-10-27,101.7647
MII181392,Teramo,2024-10-27,146.0630
MII181401,Termini Imerese,2024-10-27,110.5263
MII181407,Terni,2024-10-27,132.7014
MII181417,Tolmezzo,2024-10-27,97.9866
MII181424,Torino,2024-10-27,133.1502
MII181434,Trani,2024-10-27,130.5648
MII181440,Trani femminile,2024-10-27,128.1250
MII181625,Trapani,2024-10-27,109.0543
MII181636,Trento,2024-10-27,88.7290
MII181645,Treviso,2024-10-27,188.0952
MII181661,Trieste,2024-10-27,178.7671
MII181681,Turi,2024-10-27,147.2222
MII181672,Udine,2024-10-27,187.3684
MII181691,Vallo della Lucania,2024-10-27,142.5000
MII181703,Varese,2024-10-27,194.3396
MII181820,Vasto,2024-10-27,65.9864
MII181839,Velletri,2024-10-27,150.7418
MII181847,Venezia Giudecca,2024-10-27,85.7143
MII181863,Venezia Santa Maria Maggiore,2024-10-27,166.0377
MII181870,Verbania,2024-10-27,150.9434
MII181880,Vercelli,2024-10-27,154.9223
MII181891,Verona,2024-10-27,190.5660
MII181908,Vibo Valentia,2024-10-27,103.1088
MII181918,Vicenza,2024-10-27,148.3871
MII181924,Vigevano,2024-10-27,163.7615
MII181934,Viterbo,2024-10-27,175.3086
MII179733,Voghera,2024-10-27,102.0528
MII179876,Volterra,2024-10-27,95.2381
MII158910,Agrigento,2024-11-03,145.6274
MII157783,Alba,2024-11-03,85.7143
MII158919,"Alessandria Cantiello, Gaeta",2024-11-03,102.8571
MII158924,Alessandria San Michele,2024-11-03,138.2576
MII158935,Alghero,2024-11-03,53.8462
MII172277,Altamura,2024-11-03,154.9020
MII158944,Ancona Barcaglione,2024-11-03,97.0000
MII158941,Ancona Montacuto,2024-11-03,133.2031
MII158945,Arbus,2024-11-03,69.8413
MII158948,Arezzo,2024-11-03,179.1667
MII159053,Ariano Irpino,2024-11-03,122.6923
MII159060,Arienzo,2024-11-03,153.4483
MII159065,Ascoli Piceno,2024-11-03,131.3131
MII159069,Asti,2024-11-03,123.6453
MII159314,Augusta,2024-11-03,162.8655
MII172011,Avellino,2024-11-03,113.4454
MII172187,Aversa,2024-11-03,110.2564
MII182440,Avezzano,2024-11-03,149.0196
MII172222,Barcellona Pozzo di Gotto,2024-11-03,64.7249
MII181678,Bari,2024-11-03,171.4859
MII158901,Belluno,2024-11-03,134.1463
MII160204,Benevento,2024-11-03,163.0952
MII172827,Bergamo,2024-11-03,183.0189
MII172332,Biella,2024-11-03,119.2308
MII172344,Bollate,2024-11-03,112.9952
MII172508,Bologna,2024-11-03,174.0125
MII172580,Bolzano,2024-11-03,129.4118
MII172592,Brescia Canton Monbello,2024-11-03,207.6923
MII172610,Brescia Verziano,2024-11-03,164.2857
MII172623,Brindisi,2024-11-03,165.5462
MII172814,Brissogne - Aosta,2024-11-03,81.7143
MII172320,Busto Arsizio,2024-11-03,195.5752
MII172835,Cagliari Uta,2024-11-03,133.6898
MII173006,Caltagirone,2024-11-03,112.4668
MII173063,Caltanissetta,2024-11-03,123.4973
MII173088,Campobasso,2024-11-03,178.1250
MII173101,Carinola,2024-11-03,92.1348
MII173114,Cassino,2024-11-03,166.9291
MII173237,Castelfranco Emilia,2024-11-03,68.2432
MII173259,Castelvetrano,2024-11-03,161.3636
MII173265,Castrovillari,2024-11-03,146.2810
MII173285,Catania Bicocca,2024-11-03,132.3308
MII173301,Catania Piazza Lanza,2024-11-03,152.5180
MII173311,Catanzaro,2024-11-03,101.7572
MII173356,Chiavari,2024-11-03,121.1538
MII173364,Chieti,2024-11-03,158.2278
MII173688,Civitavecchia Giuseppe Passerini,2024-11-03,93.4783
MII172208,Civitavecchia Nuovo Complesso,2024-11-03,169.7749
MII173712,Como,2024-11-03,197.7679
MII173341,Cosenza,2024-11-03,124.6445
MII173747,Cremona,2024-11-03,149.7396
MII173324,Crotone,2024-11-03,125.2632
MII173764,Cuneo,2024-11-03,107.7128
MII173784,Eboli,2024-11-03,83.3333
MII173813,Enna,2024-11-03,124.6914
MII173994,Favignana,2024-11-03,98.8764
MII174501,Fermo,2024-11-03,125.5814
MII174686,Ferrara,2024-11-03,159.4262
MII174825,Firenze Mario Gozzini,2024-11-03,133.7662
MII174720,Firenze Sollicciano,2024-11-03,147.0914
MII176375,Foggia,2024-11-03,203.4783
MII176403,Forlì,2024-11-03,116.6667
MII176414,Fossano,2024-11-03,80.8824
MII176424,Fossombrone,2024-11-03,87.1287
MII176437,Frosinone,2024-11-03,121.6942
MII176451,Gela,2024-11-03,135.4167
MII152284,Genova Marassi,2024-11-03,128.2486
MII176703,Genova Pontedecimo,2024-11-03,164.7059
MII176714,Giarre,2024-11-03,127.5862
MII176719,Gorizia,2024-11-03,137.7358
MII176743,Grosseto,2024-11-03,206.6667
MII176749,Imperia,2024-11-03,136.5385
MII176759,Isernia,2024-11-03,144.0000
MII176771,Isili,2024-11-03,72.8972
MII176781,Ivrea,2024-11-03,137.7660
MII177134,L'Aquila,2024-11-03,75.2252
MII176788,La Spezia,2024-11-03,124.2718
MII177107,Lanciano,2024-11-03,113.4529
MII177118,Lanusei,2024-11-03,84.8485
MII177323,Larino,2024-11-03,104.2017
MII177332,Latina,2024-11-03,174.0260
MII177346,Laureana di Borrello,2024-11-03,145.9459
MII177384,Lauro,2024-11-03,10.0000
MII177420,Lecce,2024-11-03,161.2686
MII177436,Lecco,2024-11-03,158.4906
MII177463,Livorno,2024-11-03,137.2222
MII177498,Livorno Gorgona,2024-11-03,95.5056
MII177996,Locri,2024-11-03,145.3488
MII178027,Lodi,2024-11-03,193.1818
MII178035,Lucca,2024-11-03,202.4390
MII178045,Lucera,2024-11-03,122.9630
MII178072,Mantova,2024-11-03,161.7021
MII178085,Massa,2024-11-03,139.2857
MII178115,Massa Marittima,2024-11-03,97.9167
MII178124,Matera,2024-11-03,153.9683
MII178141,Melfi,2024-11-03,150.0000
MII178148,Messina,2024-11-03,97.7169
MII158895,Milano San Vittore,2024-11-03,223.3051
MII178501,Milano San Vittore femminile,2024-11-03,186.6667
MII178638,Modena,2024-11-03,152.8455
MII178659,Monza,2024-11-03,175.3056
MII178666,Napoli Poggioreale,2024-11-03,160.3829
MII178672,Napoli Secondigliano,2024-11-03,131.2666
MII178681,Noto,2024-11-03,82.3864
MII178700,Novara,2024-11-03,108.3333
MII179224,Nuoro,2024-11-03,70.1107
MII178003,Onanì,2024-11-03,68.2353
MII179237,Opera,2024-11-03,144.4568
MII179274,Oristano,2024-11-03,90.1515
MII179280,Orvieto,2024-11-03,126.5306
MII179290,Padova,2024-11-03,119.0217
MII179299,Padova Nuovo Complesso,2024-11-03,146.4000
MII179306,Palermo Pagliarelli,2024-11-03,122.0588
MII179324,Palermo Ucciardone,2024-11-03,108.7755
MII179331,Paliano,2024-11-03,43.4211
MII179342,Palmi,2024-11-03,123.4043
MII179353,Paola,2024-11-03,120.1299
MII179364,Parma,2024-11-03,115.0000
MII182910,Pavia,2024-11-03,134.2412
MII179781,Perugia,2024-11-03,147.5728
MII179818,Pesaro,2024-11-03,168.4211
MII179830,Pescara,2024-11-03,169.1176
MII179842,Piacenza,2024-11-03,126.4198
MII179856,Piazza Armerina,2024-11-03,158.3333
MII182919,Pisa,2024-11-03,158.1006
MII179896,Pistoia,2024-11-03,97.3684
MII179913,Pordenone,2024-11-03,135.1351
MII179932,Porto Azzurro,2024-11-03,98.4424
MII179938,Potenza,2024-11-03,194.2308
MII179958,Prato,2024-11-03,101.5358
MII179965,Ragusa,2024-11-03,109.2896
MII179981,Ravenna,2024-11-03,177.5510
MII179988,Reggio Calabria Arghillà,2024-11-03,113.3106
MII179995,Reggio Calabria Giuseppe Panzera,2024-11-03,118.6047
MII182339,Reggio Emilia,2024-11-03,120.1717
MII169535,Rieti,2024-11-03,190.7749
MII180001,Rimini,2024-11-03,140.6780
MII180380,Roma Rebibbia,2024-11-03,102.7027
MII180348,Roma Rebibbia femminile,2024-11-03,138.4906
MII180356,Roma Rebibbia IIIª casa,2024-11-03,60.6061
MII180370,Roma Rebibbia Nuovo Complesso,2024-11-03,145.5061
MII180401,Roma Regina Coeli,2024-11-03,194.5614
MII180415,Rossano,2024-11-03,120.9125
MII180424,Rovigo,2024-11-03,117.0732
MII180426,Salerno,2024-11-03,156.6489
MII180437,Saluzzo,2024-11-03,83.0189
MII180451,San Cataldo,2024-11-03,75.3731
MII180458,San Gimignano,2024-11-03,146.6368
MII180476,San Severo,2024-11-03,121.3115
MII180465,Sanremo,2024-11-03,120.3620
MII181079,Sant'Angelo dei Lombardi,2024-11-03,148.7179
MII180487,Santa Maria Capua Vetere,2024-11-03,143.4343
MII181091,Sassari,2024-11-03,116.9978
MII181109,Sciacca,2024-11-03,105.0000
MII181115,Siena,2024-11-03,125.8621
MII181125,Siracusa,2024-11-03,123.3028
MII181346,Sondrio,2024-11-03,146.1538
MII181358,Spoleto,2024-11-03,101.5556
MII181371,Sulmona,2024-11-03,140.3175
MII181377,Taranto,2024-11-03,193.3747
MII181385,Tempio Pausania,2024-11-03,100.5882
MII181392,Teramo,2024-11-03,148.4252
MII181401,Termini Imerese,2024-11-03,109.4737
MII181407,Terni,2024-11-03,133.8863
MII181417,Tolmezzo,2024-11-03,97.9730
MII181424,Torino,2024-11-03,133.1199
MII181434,Trani,2024-11-03,130.5648
MII181440,Trani femminile,2024-11-03,121.8750
MII181625,Trapani,2024-11-03,108.2495
MII181636,Trento,2024-11-03,88.7560
MII181645,Treviso,2024-11-03,187.3016
MII181661,Trieste,2024-11-03,181.5068
MII181681,Turi,2024-11-03,149.0741
MII181672,Udine,2024-11-03,192.6316
MII181691,Vallo della Lucania,2024-11-03,140.0000
MII181703,Varese,2024-11-03,186.7925
MII181820,Vasto,2024-11-03,69.3878
MII181839,Velletri,2024-11-03,149.5549
MII181847,Venezia Giudecca,2024-11-03,84.8214
MII181863,Venezia Santa Maria Maggiore,2024-11-03,168.5535
MII181870,Verbania,2024-11-03,150.9434
MII181880,Vercelli,2024-11-03,164.8936
MII181891,Verona,2024-11-03,188.9937
MII181908,Vibo Valentia,2024-11-03,101.2755
MII181918,Vicenza,2024-11-03,150.8065
MII181924,Vigevano,2024-11-03,163.7615
MII181934,Viterbo,2024-11-03,176.5432
MII179733,Voghera,2024-11-03,101.4663
MII179876,Volterra,2024-11-03,95.2381
MII158910,Agrigento,2024-11-08,148.6692
MII157783,Alba,2024-11-08,83.6735
MII158919,"Alessandria Cantiello, Gaeta",2024-11-08,101.4286
MII158924,Alessandria San Michele,2024-11-08,135.9848
MII158935,Alghero,2024-11-08,54.4872
MII172277,Altamura,2024-11-08,160.7843
MII158944,Ancona Barcaglione,2024-11-08,96.0000
MII158941,Ancona Montacuto,2024-11-08,132.4219
MII158945,Arbus,2024-11-08,69.8413
MII158948,Arezzo,2024-11-08,175.0000
MII159053,Ariano Irpino,2024-11-08,127.9352
MII159060,Arienzo,2024-11-08,146.5517
MII159065,Ascoli Piceno,2024-11-08,128.2828
MII159069,Asti,2024-11-08,122.0588
MII159314,Augusta,2024-11-08,162.2807
MII172011,Avellino,2024-11-08,110.2941
MII172187,Aversa,2024-11-08,110.2564
MII182440,Avezzano,2024-11-08,149.0196
MII172222,Barcellona Pozzo di Gotto,2024-11-08,66.0194
MII181678,Bari,2024-11-08,168.6508
MII158901,Belluno,2024-11-08,134.1463
MII160204,Benevento,2024-11-08,161.9048
MII172827,Bergamo,2024-11-08,183.9623
MII172332,Biella,2024-11-08,118.4615
MII172344,Bollate,2024-11-08,112.8469
MII172508,Bologna,2024-11-08,173.5967
MII172580,Bolzano,2024-11-08,135.2941
MII172592,Brescia Canton Monbello,2024-11-08,209.8901
MII172610,Brescia Verziano,2024-11-08,164.2857
MII172623,Brindisi,2024-11-08,166.3866
MII172814,Brissogne - Aosta,2024-11-08,87.5000
MII172320,Busto Arsizio,2024-11-08,198.6667
MII172835,Cagliari Uta,2024-11-08,134.7594
MII173006,Caltagirone,2024-11-08,111.9363
MII173063,Caltanissetta,2024-11-08,124.0437
MII173088,Campobasso,2024-11-08,176.0417
MII173101,Carinola,2024-11-08,91.1985
MII173114,Cassino,2024-11-08,169.2913
MII173237,Castelfranco Emilia,2024-11-08,68.9189
MII173259,Castelvetrano,2024-11-08,161.3636
MII173265,Castrovillari,2024-11-08,144.6281
MII173285,Catania Bicocca,2024-11-08,131.6176
MII173301,Catania Piazza Lanza,2024-11-08,154.4803
MII173311,Catanzaro,2024-11-08,103.6859
MII173356,Chiavari,2024-11-08,117.3077
MII173364,Chieti,2024-11-08,164.5570
MII173688,Civitavecchia Giuseppe Passerini,2024-11-08,93.4783
MII172208,Civitavecchia Nuovo Complesso,2024-11-08,171.0611
MII173712,Como,2024-11-08,197.3333
MII173341,Cosenza,2024-11-08,129.3269
MII173747,Cremona,2024-11-08,150.2604
MII173324,Crotone,2024-11-08,134.0659
MII173764,Cuneo,2024-11-08,107.9365
MII173784,Eboli,2024-11-08,83.3333
MII173813,Enna,2024-11-08,130.3226
MII173994,Favignana,2024-11-08,98.8764
MII174501,Fermo,2024-11-08,134.8837
MII174686,Ferrara,2024-11-08,158.1967
MII174825,Firenze Mario Gozzini,2024-11-08,137.6623
MII174720,Firenze Sollicciano,2024-11-08,145.4294
MII176375,Foggia,2024-11-08,209.2754
MII176403,Forlì,2024-11-08,117.4242
MII176414,Fossano,2024-11-08,81.6176
MII176424,Fossombrone,2024-11-08,87.1287
MII176437,Frosinone,2024-11-08,121.6942
MII176451,Gela,2024-11-08,135.4167
MII152284,Genova Marassi,2024-11-08,128.0374
MII176703,Genova Pontedecimo,2024-11-08,163.5294
MII176714,Giarre,2024-11-08,143.1373
MII176719,Gorizia,2024-11-08,141.5094
MII176743,Grosseto,2024-11-08,193.3333
MII176749,Imperia,2024-11-08,144.2308
MII176759,Isernia,2024-11-08,136.0000
MII176771,Isili,2024-11-08,72.8972
MII176781,Ivrea,2024-11-08,141.4894
MII177134,L'Aquila,2024-11-08,76.1261
MII176788,La Spezia,2024-11-08,124.2718
MII177107,Lanciano,2024-11-08,113.9013
MII177118,Lanusei,2024-11-08,84.8485
MII177323,Larino,2024-11-08,107.5630
MII177332,Latina,2024-11-08,175.3247
MII177346,Laureana di Borrello,2024-11-08,145.9459
MII177384,Lauro,2024-11-08,10.0000
MII177420,Lecce,2024-11-08,162.6181
MII177436,Lecco,2024-11-08,160.3774
MII177463,Livorno,2024-11-08,135.5556
MII177498,Livorno Gorgona,2024-11-08,93.2584
MII177996,Locri,2024-11-08,148.8372
MII178027,Lodi,2024-11-08,195.2381
MII178035,Lucca,2024-11-08,204.8780
MII178045,Lucera,2024-11-08,121.4815
MII178072,Mantova,2024-11-08,161.7021
MII178085,Massa,2024-11-08,140.0000
MII178115,Massa Marittima,2024-11-08,97.9167
MII178124,Matera,2024-11-08,150.4000
MII178141,Melfi,2024-11-08,150.7937
MII178148,Messina,2024-11-08,100.0000
MII158895,Milano San Vittore,2024-11-08,225.9574
MII178501,Milano San Vittore femminile,2024-11-08,191.1111
MII178638,Modena,2024-11-08,152.8455
MII178659,Monza,2024-11-08,174.6341
MII178666,Napoli Poggioreale,2024-11-08,159.5729
MII178672,Napoli Secondigliano,2024-11-08,131.6209
MII178681,Noto,2024-11-08,81.2500
MII178700,Novara,2024-11-08,106.4103
MII179224,Nuoro,2024-11-08,70.8487
MII178003,Onanì,2024-11-08,67.6471
MII179237,Opera,2024-11-08,144.3826
MII179274,Oristano,2024-11-08,88.2576
MII179280,Orvieto,2024-11-08,125.5102
MII179290,Padova,2024-11-08,119.0217
MII179299,Padova Nuovo Complesso,2024-11-08,146.1333
MII179306,Palermo Pagliarelli,2024-11-08,121.9723
MII179324,Palermo Ucciardone,2024-11-08,98.8785
MII179331,Paliano,2024-11-08,43.4211
MII179342,Palmi,2024-11-08,124.1135
MII179353,Paola,2024-11-08,115.5844
MII179364,Parma,2024-11-08,115.6452
MII182910,Pavia,2024-11-08,133.5922
MII179781,Perugia,2024-11-08,148.3660
MII179818,Pesaro,2024-11-08,167.1053
MII179830,Pescara,2024-11-08,168.7500
MII179842,Piacenza,2024-11-08,126.6667
MII179856,Piazza Armerina,2024-11-08,154.1667
MII182919,Pisa,2024-11-08,159.7765
MII179896,Pistoia,2024-11-08,98.6842
MII179913,Pordenone,2024-11-08,132.4324
MII179932,Porto Azzurro,2024-11-08,98.1308
MII179938,Potenza,2024-11-08,188.4615
MII179958,Prato,2024-11-08,101.0239
MII179965,Ragusa,2024-11-08,109.8361
MII179981,Ravenna,2024-11-08,179.5918
MII179988,Reggio Calabria Arghillà,2024-11-08,115.0171
MII179995,Reggio Calabria Giuseppe Panzera,2024-11-08,120.9302
MII182339,Reggio Emilia,2024-11-08,121.8884
MII169535,Rieti,2024-11-08,187.4539
MII180001,Rimini,2024-11-08,136.4407
MII180380,Roma Rebibbia,2024-11-08,101.6892
MII180348,Roma Rebibbia femminile,2024-11-08,138.4906
MII180356,Roma Rebibbia IIIª casa,2024-11-08,61.3636
MII180370,Roma Rebibbia Nuovo Complesso,2024-11-08,146.6414
MII180401,Roma Regina Coeli,2024-11-08,198.5866
MII180415,Rossano,2024-11-08,117.8707
MII180424,Rovigo,2024-11-08,111.7073
MII180426,Salerno,2024-11-08,158.7766
MII180437,Saluzzo,2024-11-08,83.9623
MII180451,San Cataldo,2024-11-08,75.3731
MII180458,San Gimignano,2024-11-08,144.3946
MII180476,San Severo,2024-11-08,124.5902
MII180465,Sanremo,2024-11-08,119.9095
MII181079,Sant'Angelo dei Lombardi,2024-11-08,149.5726
MII180487,Santa Maria Capua Vetere,2024-11-08,143.7229
MII181091,Sassari,2024-11-08,116.1148
MII181109,Sciacca,2024-11-08,110.0000
MII181115,Siena,2024-11-08,125.8621
MII181125,Siracusa,2024-11-08,122.2018
MII181346,Sondrio,2024-11-08,146.1538
MII181358,Spoleto,2024-11-08,103.1111
MII181371,Sulmona,2024-11-08,140.3175
MII181377,Taranto,2024-11-08,191.9421
MII181385,Tempio Pausania,2024-11-08,100.5882
MII181392,Teramo,2024-11-08,149.6063
MII181401,Termini Imerese,2024-11-08,114.7368
MII181407,Terni,2024-11-08,131.0427
MII181417,Tolmezzo,2024-11-08,97.2973
MII181424,Torino,2024-11-08,132.1134
MII181434,Trani,2024-11-08,130.8970
MII181440,Trani femminile,2024-11-08,125.0000
MII181625,Trapani,2024-11-08,107.6459
MII181636,Trento,2024-11-08,88.2775
MII181645,Treviso,2024-11-08,188.0952
MII181661,Trieste,2024-11-08,176.0274
MII181681,Turi,2024-11-08,149.0741
MII181672,Udine,2024-11-08,189.4737
MII181691,Vallo della Lucania,2024-11-08,140.0000
MII181703,Varese,2024-11-08,190.5660
MII181820,Vasto,2024-11-08,68.7075
MII181839,Velletri,2024-11-08,150.4451
MII181847,Venezia Giudecca,2024-11-08,88.3929
MII181863,Venezia Santa Maria Maggiore,2024-11-08,167.3077
MII181870,Verbania,2024-11-08,152.8302
MII181880,Vercelli,2024-11-08,167.3797
MII181891,Verona,2024-11-08,185.5346
MII181908,Vibo Valentia,2024-11-08,103.6364
MII181918,Vicenza,2024-11-08,150.8065
MII181924,Vigevano,2024-11-08,164.2202
MII181934,Viterbo,2024-11-08,175.3086
MII179733,Voghera,2024-11-08,101.4663
MII179876,Volterra,2024-11-08,95.2381
MII158910,Agrigento,2024-11-12,146.3878
MII157783,Alba,2024-11-12,81.6327
MII158919,"Alessandria Cantiello, Gaeta",2024-11-12,103.3333
MII158924,Alessandria San Michele,2024-11-12,138.6364
MII158935,Alghero,2024-11-12,55.1282
MII172277,Altamura,2024-11-12,160.7843
MII158944,Ancona Barcaglione,2024-11-12,90.0000
MII158941,Ancona Montacuto,2024-11-12,131.2500
MII158945,Arbus,2024-11-12,70.6349
MII158948,Arezzo,2024-11-12,179.1667
MII159053,Ariano Irpino,2024-11-12,131.1741
MII159060,Arienzo,2024-11-12,144.8276
MII159065,Ascoli Piceno,2024-11-12,128.2828
MII159069,Asti,2024-11-12,119.6078
MII159314,Augusta,2024-11-12,163.7427
MII172011,Avellino,2024-11-12,109.4538
MII172187,Aversa,2024-11-12,112.3932
MII182440,Avezzano,2024-11-12,152.9412
MII172222,Barcellona Pozzo di Gotto,2024-11-12,66.0194
MII181678,Bari,2024-11-12,167.4603
MII158901,Belluno,2024-11-12,134.1463
MII160204,Benevento,2024-11-12,159.1270
MII172827,Bergamo,2024-11-12,183.9623
MII172332,Biella,2024-11-12,118.7179
MII172344,Bollate,2024-11-12,113.0849
MII172508,Bologna,2024-11-12,175.4167
MII172580,Bolzano,2024-11-12,137.6471
MII172592,Brescia Canton Monbello,2024-11-12,207.6923
MII172610,Brescia Verziano,2024-11-12,160.0000
MII172623,Brindisi,2024-11-12,163.8655
MII172814,Brissogne - Aosta,2024-11-12,88.0952
MII172320,Busto Arsizio,2024-11-12,199.5556
MII172835,Cagliari Uta,2024-11-12,136.0071
MII173006,Caltagirone,2024-11-12,113.5279
MII173063,Caltanissetta,2024-11-12,125.1366
MII173088,Campobasso,2024-11-12,180.2083
MII173101,Carinola,2024-11-12,91.1985
MII173114,Cassino,2024-11-12,169.2913
MII173237,Castelfranco Emilia,2024-11-12,69.7987
MII173259,Castelvetrano,2024-11-12,161.3636
MII173265,Castrovillari,2024-11-12,143.8017
MII173285,Catania Bicocca,2024-11-12,136.6412
MII173301,Catania Piazza Lanza,2024-11-12,148.3871
MII173311,Catanzaro,2024-11-12,103.8462
MII173356,Chiavari,2024-11-12,119.2308
MII173364,Chieti,2024-11-12,168.3544
MII173688,Civitavecchia Giuseppe Passerini,2024-11-12,94.5652
MII172208,Civitavecchia Nuovo Complesso,2024-11-12,171.3826
MII173712,Como,2024-11-12,198.6607
MII173341,Cosenza,2024-11-12,129.3269
MII173747,Cremona,2024-11-12,151.0417
MII173324,Crotone,2024-11-12,135.1648
MII173764,Cuneo,2024-11-12,105.5118
MII173784,Eboli,2024-11-12,88.8889
MII173813,Enna,2024-11-12,131.6129
MII173994,Favignana,2024-11-12,100.0000
MII174501,Fermo,2024-11-12,139.5349
MII174686,Ferrara,2024-11-12,161.4754
MII174825,Firenze Mario Gozzini,2024-11-12,137.6623
MII174720,Firenze Sollicciano,2024-11-12,147.9224
MII176375,Foggia,2024-11-12,207.8261
MII176403,Forlì,2024-11-12,121.2121
MII176414,Fossano,2024-11-12,82.3529
MII176424,Fossombrone,2024-11-12,87.1287
MII176437,Frosinone,2024-11-12,124.5690
MII176451,Gela,2024-11-12,139.5833
MII152284,Genova Marassi,2024-11-12,130.6542
MII176703,Genova Pontedecimo,2024-11-12,164.7059
MII176714,Giarre,2024-11-12,141.1765
MII176719,Gorizia,2024-11-12,135.8491
MII176743,Grosseto,2024-11-12,193.3333
MII176749,Imperia,2024-11-12,147.1698
MII176759,Isernia,2024-11-12,128.0000
MII176771,Isili,2024-11-12,72.8972
MII176781,Ivrea,2024-11-12,138.2979
MII177134,L'Aquila,2024-11-12,76.1261
MII176788,La Spezia,2024-11-12,124.2718
MII177107,Lanciano,2024-11-12,113.9013
MII177118,Lanusei,2024-11-12,90.9091
MII177323,Larino,2024-11-12,138.2979
MII177332,Latina,2024-11-12,175.3247
MII177346,Laureana di Borrello,2024-11-12,143.2432
MII177384,Lauro,2024-11-12,10.0000
MII177420,Lecce,2024-11-12,161.2686
MII177436,Lecco,2024-11-12,160.3774
MII177463,Livorno,2024-11-12,136.6667
MII177498,Livorno Gorgona,2024-11-12,92.1348
MII177996,Locri,2024-11-12,150.0000
MII178027,Lodi,2024-11-12,197.6190
MII178035,Lucca,2024-11-12,207.3171
MII178045,Lucera,2024-11-12,121.4815
MII178072,Mantova,2024-11-12,161.7021
MII178085,Massa,2024-11-12,143.3735
MII178115,Massa Marittima,2024-11-12,95.8333
MII178124,Matera,2024-11-12,148.8000
MII178141,Melfi,2024-11-12,146.8254
MII178148,Messina,2024-11-12,100.9132
MII158895,Milano San Vittore,2024-11-12,228.0851
MII178501,Milano San Vittore femminile,2024-11-12,184.4444
MII178638,Modena,2024-11-12,153.9295
MII178659,Monza,2024-11-12,175.2451
MII178666,Napoli Poggioreale,2024-11-12,157.2901
MII178672,Napoli Secondigliano,2024-11-12,131.7981
MII178681,Noto,2024-11-12,82.3864
MII178700,Novara,2024-11-12,108.3333
MII179224,Nuoro,2024-11-12,70.4797
MII178003,Onanì,2024-11-12,66.4706
MII179237,Opera,2024-11-12,144.8276
MII179274,Oristano,2024-11-12,89.3130
MII179280,Orvieto,2024-11-12,124.4898
MII179290,Padova,2024-11-12,117.9348
MII179299,Padova Nuovo Complesso,2024-11-12,145.8667
MII179306,Palermo Pagliarelli,2024-11-12,122.4913
MII179324,Palermo Ucciardone,2024-11-12,100.0000
MII179331,Paliano,2024-11-12,43.4211
MII179342,Palmi,2024-11-12,124.8227
MII179353,Paola,2024-11-12,115.5844
MII179364,Parma,2024-11-12,115.9677
MII182910,Pavia,2024-11-12,132.6214
MII179781,Perugia,2024-11-12,149.3464
MII179818,Pesaro,2024-11-12,167.1053
MII179830,Pescara,2024-11-12,168.7500
MII179842,Piacenza,2024-11-12,126.9802
MII179856,Piazza Armerina,2024-11-12,158.3333
MII182919,Pisa,2024-11-12,160.8939
MII179896,Pistoia,2024-11-12,94.7368
MII179913,Pordenone,2024-11-12,129.7297
MII179932,Porto Azzurro,2024-11-12,98.4424
MII179938,Potenza,2024-11-12,178.8462
MII179958,Prato,2024-11-12,101.8771
MII179965,Ragusa,2024-11-12,109.8361
MII179981,Ravenna,2024-11-12,187.7551
MII179988,Reggio Calabria Arghillà,2024-11-12,114.6758
MII179995,Reggio Calabria Giuseppe Panzera,2024-11-12,119.1860
MII182339,Reggio Emilia,2024-11-12,120.6009
MII169535,Rieti,2024-11-12,188.9299
MII180001,Rimini,2024-11-12,130.5085
MII180380,Roma Rebibbia,2024-11-12,101.0135
MII180348,Roma Rebibbia femminile,2024-11-12,139.6226
MII180356,Roma Rebibbia IIIª casa,2024-11-12,62.1212
MII180370,Roma Rebibbia Nuovo Complesso,2024-11-12,147.3037
MII180401,Roma Regina Coeli,2024-11-12,198.4099
MII180415,Rossano,2024-11-12,117.1103
MII180424,Rovigo,2024-11-12,114.1463
MII180426,Salerno,2024-11-12,159.0426
MII180437,Saluzzo,2024-11-12,83.9623
MII180451,San Cataldo,2024-11-12,76.8657
MII180458,San Gimignano,2024-11-12,143.0493
MII180476,San Severo,2024-11-12,131.1475
MII180465,Sanremo,2024-11-12,119.0045
MII181079,Sant'Angelo dei Lombardi,2024-11-12,152.9915
MII180487,Santa Maria Capua Vetere,2024-11-12,140.9812
MII181091,Sassari,2024-11-12,116.7770
MII181109,Sciacca,2024-11-12,115.0000
MII181115,Siena,2024-11-12,125.8621
MII181125,Siracusa,2024-11-12,121.2844
MII181346,Sondrio,2024-11-12,146.1538
MII181358,Spoleto,2024-11-12,102.0000
MII181371,Sulmona,2024-11-12,140.3175
MII181377,Taranto,2024-11-12,193.3884
MII181385,Tempio Pausania,2024-11-12,98.2353
MII181392,Teramo,2024-11-12,153.5433
MII181401,Termini Imerese,2024-11-12,113.6842
MII181407,Terni,2024-11-12,131.9905
MII181417,Tolmezzo,2024-11-12,95.9459
MII181424,Torino,2024-11-12,131.6560
MII181434,Trani,2024-11-12,131.5615
MII181440,Trani femminile,2024-11-12,125.0000
MII181625,Trapani,2024-11-12,108.4507
MII181636,Trento,2024-11-12,88.2775
MII181645,Treviso,2024-11-12,191.2698
MII181661,Trieste,2024-11-12,171.9178
MII181681,Turi,2024-11-12,149.0741
MII181672,Udine,2024-11-12,193.4066
MII181691,Vallo della Lucania,2024-11-12,142.5000
MII181703,Varese,2024-11-12,188.6792
MII181820,Vasto,2024-11-12,68.0272
MII181839,Velletri,2024-11-12,151.3353
MII181847,Venezia Giudecca,2024-11-12,89.2857
MII181863,Venezia Santa Maria Maggiore,2024-11-12,168.5897
MII181870,Verbania,2024-11-12,152.8302
MII181880,Vercelli,2024-11-12,168.4492
MII181891,Verona,2024-11-12,186.7925
MII181908,Vibo Valentia,2024-11-12,100.0000
MII181918,Vicenza,2024-11-12,152.0161
MII181924,Vigevano,2024-11-12,165.5963
MII181934,Viterbo,2024-11-12,174.0741
MII179733,Voghera,2024-11-12,101.1730
MII179876,Volterra,2024-11-12,95.2381
MII158910,Agrigento,2024-12-01,143.4109
MII157783,Alba,2024-12-01,85.7143
MII158919,"Alessandria Cantiello, Gaeta",2024-12-01,97.1564
MII158924,Alessandria San Michele,2024-12-01,141.6667
MII158935,Alghero,2024-12-01,55.1282
MII172277,Altamura,2024-12-01,174.5098
MII158944,Ancona Barcaglione,2024-12-01,89.0000
MII158941,Ancona Montacuto,2024-12-01,133.5938
MII158945,Arbus,2024-12-01,70.6349
MII158948,Arezzo,2024-12-01,182.6087
MII159053,Ariano Irpino,2024-12-01,131.9838
MII159060,Arienzo,2024-12-01,156.8966
MII159065,Ascoli Piceno,2024-12-01,134.3434
MII159069,Asti,2024-12-01,120.5882
MII159314,Augusta,2024-12-01,163.1579
MII172011,Avellino,2024-12-01,108.1933
MII172187,Aversa,2024-12-01,109.4017
MII182440,Avezzano,2024-12-01,147.0588
MII172222,Barcellona Pozzo di Gotto,2024-12-01,66.5574
MII181678,Bari,2024-12-01,169.0476
MII158901,Belluno,2024-12-01,135.3659
MII160204,Benevento,2024-12-01,156.1753
MII172827,Bergamo,2024-12-01,184.2767
MII172332,Biella,2024-12-01,128.4615
MII172344,Bollate,2024-12-01,112.6090
MII172508,Bologna,2024-12-01,176.1006
MII172580,Bolzano,2024-12-01,131.8182
MII172592,Brescia Canton Monbello,2024-12-01,202.1978
MII172610,Brescia Verziano,2024-12-01,160.0000
MII172623,Brindisi,2024-12-01,169.7479
MII172814,Brissogne - Aosta,2024-12-01,82.7381
MII172320,Busto Arsizio,2024-12-01,193.3333
MII172835,Cagliari Uta,2024-12-01,136.3636
MII173006,Caltagirone,2024-12-01,113.2626
MII173063,Caltanissetta,2024-12-01,123.4973
MII173088,Campobasso,2024-12-01,194.6809
MII173101,Carinola,2024-12-01,90.6367
MII173114,Cassino,2024-12-01,181.1024
MII173237,Castelfranco Emilia,2024-12-01,67.7852
MII173259,Castelvetrano,2024-12-01,161.3636
MII173265,Castrovillari,2024-12-01,151.2397
MII173285,Catania Bicocca,2024-12-01,147.3282
MII173301,Catania Piazza Lanza,2024-12-01,154.8387
MII173311,Catanzaro,2024-12-01,105.2885
MII173356,Chiavari,2024-12-01,123.0769
MII173364,Chieti,2024-12-01,170.8861
MII173688,Civitavecchia Giuseppe Passerini,2024-12-01,95.6522
MII172208,Civitavecchia Nuovo Complesso,2024-12-01,176.2058
MII173712,Como,2024-12-01,196.4126
MII173341,Cosenza,2024-12-01,132.2115
MII173747,Cremona,2024-12-01,153.1250
MII173324,Crotone,2024-12-01,138.4615
MII173764,Cuneo,2024-12-01,107.1053
MII173784,Eboli,2024-12-01,90.7407
MII173813,Enna,2024-12-01,132.9032
MII173994,Favignana,2024-12-01,96.6292
MII174501,Fermo,2024-12-01,123.2558
MII174686,Ferrara,2024-12-01,163.1148
MII174825,Firenze Mario Gozzini,2024-12-01,136.3636
MII174720,Firenze Sollicciano,2024-12-01,147.7901
MII176375,Foggia,2024-12-01,198.5507
MII176403,Forlì,2024-12-01,116.6667
MII176414,Fossano,2024-12-01,80.1471
MII176424,Fossombrone,2024-12-01,88.1188
MII176437,Frosinone,2024-12-01,127.4892
MII176451,Gela,2024-12-01,156.2500
MII152284,Genova Marassi,2024-12-01,129.3458
MII176703,Genova Pontedecimo,2024-12-01,168.2353
MII176714,Giarre,2024-12-01,139.2157
MII176719,Gorizia,2024-12-01,139.6226
MII176743,Grosseto,2024-12-01,200.0000
MII176749,Imperia,2024-12-01,150.9434
MII176759,Isernia,2024-12-01,147.7273
MII176771,Isili,2024-12-01,73.8318
MII176781,Ivrea,2024-12-01,142.8571
MII177134,L'Aquila,2024-12-01,78.3784
MII176788,La Spezia,2024-12-01,125.2427
MII177107,Lanciano,2024-12-01,115.2466
MII177118,Lanusei,2024-12-01,84.8485
MII177323,Larino,2024-12-01,137.2340
MII177332,Latina,2024-12-01,176.6234
MII177346,Laureana di Borrello,2024-12-01,129.7297
MII177384,Lauro,2024-12-01,10.0000
MII177420,Lecce,2024-12-01,162.9679
MII177436,Lecco,2024-12-01,160.3774
MII177463,Livorno,2024-12-01,141.6667
MII177498,Livorno Gorgona,2024-12-01,86.5169
MII177996,Locri,2024-12-01,147.6744
MII178027,Lodi,2024-12-01,190.4762
MII178035,Lucca,2024-12-01,192.6829
MII178045,Lucera,2024-12-01,125.9259
MII178072,Mantova,2024-12-01,171.2766
MII178085,Massa,2024-12-01,143.9759
MII178115,Massa Marittima,2024-12-01,97.9167
MII178124,Matera,2024-12-01,143.2000
MII178141,Melfi,2024-12-01,143.6508
MII178148,Messina,2024-12-01,98.6239
MII158895,Milano San Vittore,2024-12-01,228.9362
MII178501,Milano San Vittore femminile,2024-12-01,193.3333
MII178638,Modena,2024-12-01,153.9295
MII178659,Monza,2024-12-01,174.0196
MII178666,Napoli Poggioreale,2024-12-01,157.1429
MII178672,Napoli Secondigliano,2024-12-01,131.2943
MII178681,Noto,2024-12-01,84.0909
MII178700,Novara,2024-12-01,105.7692
MII179224,Nuoro,2024-12-01,68.4982
MII178003,Onanì,2024-12-01,71.7647
MII179237,Opera,2024-12-01,146.3687
MII179274,Oristano,2024-12-01,89.3130
MII179280,Orvieto,2024-12-01,121.4286
MII179290,Padova,2024-12-01,130.0000
MII179299,Padova Nuovo Complesso,2024-12-01,147.4667
MII179306,Palermo Pagliarelli,2024-12-01,122.4048
MII179324,Palermo Ucciardone,2024-12-01,99.4393
MII179331,Paliano,2024-12-01,43.4211
MII179342,Palmi,2024-12-01,133.3333
MII179353,Paola,2024-12-01,125.9740
MII179364,Parma,2024-12-01,117.9612
MII182910,Pavia,2024-12-01,131.8271
MII179781,Perugia,2024-12-01,149.1857
MII179818,Pesaro,2024-12-01,165.1613
MII179830,Pescara,2024-12-01,169.8529
MII179842,Piacenza,2024-12-01,134.6734
MII179856,Piazza Armerina,2024-12-01,152.0833
MII182919,Pisa,2024-12-01,156.9832
MII179896,Pistoia,2024-12-01,84.2105
MII179913,Pordenone,2024-12-01,137.8378
MII179932,Porto Azzurro,2024-12-01,109.2409
MII179938,Potenza,2024-12-01,182.6923
MII179958,Prato,2024-12-01,104.9488
MII179965,Ragusa,2024-12-01,111.4754
MII179981,Ravenna,2024-12-01,179.5918
MII179988,Reggio Calabria Arghillà,2024-12-01,119.3878
MII179995,Reggio Calabria Giuseppe Panzera,2024-12-01,115.1163
MII182339,Reggio Emilia,2024-12-01,126.5217
MII169535,Rieti,2024-12-01,180.6228
MII180001,Rimini,2024-12-01,121.1864
MII180380,Roma Rebibbia,2024-12-01,98.9865
MII180348,Roma Rebibbia femminile,2024-12-01,141.1321
MII180356,Roma Rebibbia IIIª casa,2024-12-01,59.8485
MII180370,Roma Rebibbia Nuovo Complesso,2024-12-01,149.4797
MII180401,Roma Regina Coeli,2024-12-01,191.3428
MII180415,Rossano,2024-12-01,117.1103
MII180424,Rovigo,2024-12-01,116.7464
MII180426,Salerno,2024-12-01,159.7855
MII180437,Saluzzo,2024-12-01,84.4340
MII180451,San Cataldo,2024-12-01,80.5970
MII180458,San Gimignano,2024-12-01,142.6009
MII180476,San Severo,2024-12-01,140.9836
MII180465,Sanremo,2024-12-01,121.7195
MII181079,Sant'Angelo dei Lombardi,2024-12-01,145.2991
MII180487,Santa Maria Capua Vetere,2024-12-01,139.1053
MII181091,Sassari,2024-12-01,119.2053
MII181109,Sciacca,2024-12-01,90.0000
MII181115,Siena,2024-12-01,127.5862
MII181125,Siracusa,2024-12-01,124.0809
MII181346,Sondrio,2024-12-01,153.8462
MII181358,Spoleto,2024-12-01,100.4386
MII181371,Sulmona,2024-12-01,142.2222
MII181377,Taranto,2024-12-01,195.2479
MII181385,Tempio Pausania,2024-12-01,97.0588
MII181392,Teramo,2024-12-01,153.5433
MII181401,Termini Imerese,2024-12-01,108.4211
MII181407,Terni,2024-12-01,135.0711
MII181417,Tolmezzo,2024-12-01,96.6216
MII181424,Torino,2024-12-01,132.4201
MII181434,Trani,2024-12-01,124.5847
MII181440,Trani femminile,2024-12-01,118.7500
MII181625,Trapani,2024-12-01,107.6459
MII181636,Trento,2024-12-01,88.2775
MII181645,Treviso,2024-12-01,190.4762
MII181661,Trieste,2024-12-01,169.1781
MII181681,Turi,2024-12-01,159.2593
MII181672,Udine,2024-12-01,186.8132
MII181691,Vallo della Lucania,2024-12-01,140.0000
MII181703,Varese,2024-12-01,196.2264
MII181820,Vasto,2024-12-01,67.3469
MII181839,Velletri,2024-12-01,148.6647
MII181847,Venezia Giudecca,2024-12-01,88.3929
MII181863,Venezia Santa Maria Maggiore,2024-12-01,168.5897
MII181870,Verbania,2024-12-01,145.2830
MII181880,Vercelli,2024-12-01,161.1702
MII181891,Verona,2024-12-01,189.6226
MII181908,Vibo Valentia,2024-12-01,101.8519
MII181918,Vicenza,2024-12-01,154.8387
MII181924,Vigevano,2024-12-01,160.3604
MII181934,Viterbo,2024-12-01,176.0494
MII179733,Voghera,2024-12-01,101.4663
MII179876,Volterra,2024-12-01,95.2381
MII158910,Agrigento,2024-12-08,137.9845
MII157783,Alba,2024-12-08,87.7551
MII158919,"Alessandria Cantiello, Gaeta",2024-12-08,96.6825
MII158924,Alessandria San Michele,2024-12-08,142.5856
MII158935,Alghero,2024-12-08,55.7692
MII172277,Altamura,2024-12-08,168.6275
MII158944,Ancona Barcaglione,2024-12-08,89.0000
MII158941,Ancona Montacuto,2024-12-08,133.5938
MII158945,Arbus,2024-12-08,70.6349
MII158948,Arezzo,2024-12-08,182.6087
MII159053,Ariano Irpino,2024-12-08,129.9595
MII159060,Arienzo,2024-12-08,156.8966
MII159065,Ascoli Piceno,2024-12-08,131.3131
MII159069,Asti,2024-12-08,121.0784
MII159314,Augusta,2024-12-08,165.2047
MII172011,Avellino,2024-12-08,108.4034
MII172187,Aversa,2024-12-08,108.9744
MII182440,Avezzano,2024-12-08,145.0980
MII172222,Barcellona Pozzo di Gotto,2024-12-08,67.2131
MII181678,Bari,2024-12-08,173.0159
MII158901,Belluno,2024-12-08,136.5854
MII160204,Benevento,2024-12-08,154.1833
MII172827,Bergamo,2024-12-08,184.5912
MII172332,Biella,2024-12-08,131.7949
MII172344,Bollate,2024-12-08,112.0539
MII172508,Bologna,2024-12-08,175.7261
MII172580,Bolzano,2024-12-08,134.0909
MII172592,Brescia Canton Monbello,2024-12-08,207.1429
MII172610,Brescia Verziano,2024-12-08,164.2857
MII172623,Brindisi,2024-12-08,170.5882
MII172814,Brissogne - Aosta,2024-12-08,85.1190
MII172320,Busto Arsizio,2024-12-08,192.0000
MII172835,Cagliari Uta,2024-12-08,135.4724
MII173006,Caltagirone,2024-12-08,112.7321
MII173063,Caltanissetta,2024-12-08,121.8579
MII173088,Campobasso,2024-12-08,180.0000
MII173101,Carinola,2024-12-08,90.2622
MII173114,Cassino,2024-12-08,182.6772
MII173237,Castelfranco Emilia,2024-12-08,66.4430
MII173259,Castelvetrano,2024-12-08,159.0909
MII173265,Castrovillari,2024-12-08,151.2397
MII173285,Catania Bicocca,2024-12-08,144.2748
MII173301,Catania Piazza Lanza,2024-12-08,154.1219
MII173311,Catanzaro,2024-12-08,105.7692
MII173356,Chiavari,2024-12-08,125.0000
MII173364,Chieti,2024-12-08,170.8861
MII173688,Civitavecchia Giuseppe Passerini,2024-12-08,95.6522
MII172208,Civitavecchia Nuovo Complesso,2024-12-08,176.5273
MII173712,Como,2024-12-08,200.0000
MII173341,Cosenza,2024-12-08,132.6923
MII173747,Cremona,2024-12-08,151.3021
MII173324,Crotone,2024-12-08,129.2929
MII173764,Cuneo,2024-12-08,102.6316
MII173784,Eboli,2024-12-08,90.7407
MII173813,Enna,2024-12-08,132.0513
MII173994,Favignana,2024-12-08,94.3820
MII174501,Fermo,2024-12-08,127.9070
MII174686,Ferrara,2024-12-08,162.2951
MII174825,Firenze Mario Gozzini,2024-12-08,137.6623
MII174720,Firenze Sollicciano,2024-12-08,146.9613
MII176375,Foggia,2024-12-08,187.5362
MII176403,Forlì,2024-12-08,115.1515
MII176414,Fossano,2024-12-08,78.6765
MII176424,Fossombrone,2024-12-08,89.1089
MII176437,Frosinone,2024-12-08,127.0563
MII176451,Gela,2024-12-08,156.2500
MII152284,Genova Marassi,2024-12-08,129.5327
MII176703,Genova Pontedecimo,2024-12-08,167.0588
MII176714,Giarre,2024-12-08,137.2549
MII176719,Gorizia,2024-12-08,137.7358
MII176743,Grosseto,2024-12-08,200.0000
MII176749,Imperia,2024-12-08,143.3962
MII176759,Isernia,2024-12-08,145.4545
MII176771,Isili,2024-12-08,72.8972
MII176781,Ivrea,2024-12-08,139.1534
MII177134,L'Aquila,2024-12-08,78.3784
MII176788,La Spezia,2024-12-08,120.3883
MII177107,Lanciano,2024-12-08,115.2466
MII177118,Lanusei,2024-12-08,81.8182
MII177323,Larino,2024-12-08,133.6842
MII177332,Latina,2024-12-08,171.4286
MII177346,Laureana di Borrello,2024-12-08,129.7297
MII177384,Lauro,2024-12-08,10.0000
MII177420,Lecce,2024-12-08,165.5080
MII177436,Lecco,2024-12-08,152.8302
MII177463,Livorno,2024-12-08,141.1111
MII177498,Livorno Gorgona,2024-12-08,85.3933
MII177996,Locri,2024-12-08,144.1860
MII178027,Lodi,2024-12-08,190.4762
MII178035,Lucca,2024-12-08,195.1220
MII178045,Lucera,2024-12-08,125.9259
MII178072,Mantova,2024-12-08,165.9574
MII178085,Massa,2024-12-08,140.3614
MII178115,Massa Marittima,2024-12-08,95.8333
MII178124,Matera,2024-12-08,146.4000
MII178141,Melfi,2024-12-08,144.4444
MII178148,Messina,2024-12-08,101.3761
MII158895,Milano San Vittore,2024-12-08,227.2340
MII178501,Milano San Vittore femminile,2024-12-08,175.5556
MII178638,Modena,2024-12-08,153.3875
MII178659,Monza,2024-12-08,175.2451
MII178666,Napoli Poggioreale,2024-12-08,158.7629
MII178672,Napoli Secondigliano,2024-12-08,130.8511
MII178681,Noto,2024-12-08,83.5227
MII178700,Novara,2024-12-08,110.2564
MII179224,Nuoro,2024-12-08,72.8938
MII178003,Onanì,2024-12-08,71.7647
MII179237,Opera,2024-12-08,145.6667
MII179274,Oristano,2024-12-08,87.7863
MII179280,Orvieto,2024-12-08,118.3673
MII179290,Padova,2024-12-08,130.5556
MII179299,Padova Nuovo Complesso,2024-12-08,146.4000
MII179306,Palermo Pagliarelli,2024-12-08,123.4429
MII179324,Palermo Ucciardone,2024-12-08,98.6916
MII179331,Paliano,2024-12-08,43.4211
MII179342,Palmi,2024-12-08,129.7872
MII179353,Paola,2024-12-08,125.9740
MII179364,Parma,2024-12-08,120.2265
MII182910,Pavia,2024-12-08,132.2200
MII179781,Perugia,2024-12-08,149.3506
MII179818,Pesaro,2024-12-08,161.9355
MII179830,Pescara,2024-12-08,167.2794
MII179842,Piacenza,2024-12-08,132.3308
MII179856,Piazza Armerina,2024-12-08,147.9167
MII182919,Pisa,2024-12-08,154.7486
MII179896,Pistoia,2024-12-08,85.3333
MII179913,Pordenone,2024-12-08,140.5405
MII179932,Porto Azzurro,2024-12-08,107.9208
MII179938,Potenza,2024-12-08,184.6154
MII179958,Prato,2024-12-08,105.8020
MII179965,Ragusa,2024-12-08,109.8361
MII179981,Ravenna,2024-12-08,175.5102
MII179988,Reggio Calabria Arghillà,2024-12-08,120.2797
MII179995,Reggio Calabria Giuseppe Panzera,2024-12-08,117.2619
MII182339,Reggio Emilia,2024-12-08,126.4069
MII169535,Rieti,2024-12-08,182.0069
MII180001,Rimini,2024-12-08,116.9492
MII180380,Roma Rebibbia,2024-12-08,96.2838
MII180348,Roma Rebibbia femminile,2024-12-08,142.2642
MII180356,Roma Rebibbia IIIª casa,2024-12-08,60.6061
MII180370,Roma Rebibbia Nuovo Complesso,2024-12-08,148.2498
MII180401,Roma Regina Coeli,2024-12-08,192.5795
MII180415,Rossano,2024-12-08,117.1103
MII180424,Rovigo,2024-12-08,119.1388
MII180426,Salerno,2024-12-08,158.1769
MII180437,Saluzzo,2024-12-08,84.1981
MII180451,San Cataldo,2024-12-08,82.8358
MII180458,San Gimignano,2024-12-08,143.4978
MII180476,San Severo,2024-12-08,134.4262
MII180465,Sanremo,2024-12-08,119.9095
MII181079,Sant'Angelo dei Lombardi,2024-12-08,146.1538
MII180487,Santa Maria Capua Vetere,2024-12-08,138.2395
MII181091,Sassari,2024-12-08,118.7638
MII181109,Sciacca,2024-12-08,90.0000
MII181115,Siena,2024-12-08,131.0345
MII181125,Siracusa,2024-12-08,122.6103
MII181346,Sondrio,2024-12-08,146.1538
MII181358,Spoleto,2024-12-08,101.3158
MII181371,Sulmona,2024-12-08,140.6349
MII181377,Taranto,2024-12-08,196.6942
MII181385,Tempio Pausania,2024-12-08,97.0588
MII181392,Teramo,2024-12-08,151.5748
MII181401,Termini Imerese,2024-12-08,103.1579
MII181407,Terni,2024-12-08,135.5450
MII181417,Tolmezzo,2024-12-08,97.9730
MII181424,Torino,2024-12-08,132.8767
MII181434,Trani,2024-12-08,131.2292
MII181440,Trani femminile,2024-12-08,118.7500
MII181625,Trapani,2024-12-08,107.8471
MII181636,Trento,2024-12-08,87.7990
MII181645,Treviso,2024-12-08,187.3016
MII181661,Trieste,2024-12-08,163.6986
MII181681,Turi,2024-12-08,160.1852
MII181672,Udine,2024-12-08,184.2105
MII181691,Vallo della Lucania,2024-12-08,137.5000
MII181703,Varese,2024-12-08,192.4528
MII181820,Vasto,2024-12-08,65.3061
MII181839,Velletri,2024-12-08,148.0712
MII181847,Venezia Giudecca,2024-12-08,86.6071
MII181863,Venezia Santa Maria Maggiore,2024-12-08,166.2420
MII181870,Verbania,2024-12-08,143.3962
MII181880,Vercelli,2024-12-08,161.7021
MII181891,Verona,2024-12-08,190.8805
MII181908,Vibo Valentia,2024-12-08,105.4496
MII181918,Vicenza,2024-12-08,153.6290
MII181924,Vigevano,2024-12-08,159.9099
MII181934,Viterbo,2024-12-08,177.0370
MII179733,Voghera,2024-12-08,101.7595
MII179876,Volterra,2024-12-08,95.2128
MII158910,Agrigento,2024-12-09,137.9845
MII157783,Alba,2024-12-09,87.7551
MII158919,"Alessandria Cantiello, Gaeta",2024-12-09,97.1564
MII158924,Alessandria San Michele,2024-12-09,143.3460
MII158935,Alghero,2024-12-09,55.7692
MII172277,Altamura,2024-12-09,166.6667
MII158944,Ancona Barcaglione,2024-12-09,86.0000
MII158941,Ancona Montacuto,2024-12-09,131.2500
MII158945,Arbus,2024-12-09,69.8413
MII158948,Arezzo,2024-12-09,182.6087
MII159053,Ariano Irpino,2024-12-09,129.9595
MII159060,Arienzo,2024-12-09,156.8966
MII159065,Ascoli Piceno,2024-12-09,132.3232
MII159069,Asti,2024-12-09,122.0588
MII159314,Augusta,2024-12-09,165.4971
MII172011,Avellino,2024-12-09,108.1933
MII172187,Aversa,2024-12-09,108.9744
MII182440,Avezzano,2024-12-09,141.1765
MII172222,Barcellona Pozzo di Gotto,2024-12-09,67.5410
MII181678,Bari,2024-12-09,173.0159
MII158901,Belluno,2024-12-09,137.8049
MII160204,Benevento,2024-12-09,154.1833
MII172827,Bergamo,2024-12-09,185.2201
MII172332,Biella,2024-12-09,131.7949
MII172344,Bollate,2024-12-09,111.9746
MII172508,Bologna,2024-12-09,174.6888
MII172580,Bolzano,2024-12-09,134.0909
MII172592,Brescia Canton Monbello,2024-12-09,207.6923
MII172610,Brescia Verziano,2024-12-09,161.4286
MII172623,Brindisi,2024-12-09,167.2269
MII172814,Brissogne - Aosta,2024-12-09,83.9286
MII172320,Busto Arsizio,2024-12-09,188.1057
MII172835,Cagliari Uta,2024-12-09,135.2941
MII173006,Caltagirone,2024-12-09,112.9973
MII173063,Caltanissetta,2024-12-09,121.8579
MII173088,Campobasso,2024-12-09,178.9474
MII173101,Carinola,2024-12-09,90.4494
MII173114,Cassino,2024-12-09,181.1024
MII173237,Castelfranco Emilia,2024-12-09,66.4430
MII173259,Castelvetrano,2024-12-09,159.0909
MII173265,Castrovillari,2024-12-09,149.5868
MII173285,Catania Bicocca,2024-12-09,144.2748
MII173301,Catania Piazza Lanza,2024-12-09,150.5376
MII173311,Catanzaro,2024-12-09,105.6090
MII173356,Chiavari,2024-12-09,126.9231
MII173364,Chieti,2024-12-09,169.6203
MII173688,Civitavecchia Giuseppe Passerini,2024-12-09,95.6522
MII172208,Civitavecchia Nuovo Complesso,2024-12-09,176.8489
MII173712,Como,2024-12-09,200.4484
MII173341,Cosenza,2024-12-09,132.6923
MII173747,Cremona,2024-12-09,151.0417
MII173324,Crotone,2024-12-09,126.2626
MII173764,Cuneo,2024-12-09,102.1053
MII173784,Eboli,2024-12-09,90.7407
MII173813,Enna,2024-12-09,132.0513
MII173994,Favignana,2024-12-09,94.3820
MII174501,Fermo,2024-12-09,127.9070
MII174686,Ferrara,2024-12-09,162.2951
MII174825,Firenze Mario Gozzini,2024-12-09,137.6623
MII174720,Firenze Sollicciano,2024-12-09,146.4088
MII176375,Foggia,2024-12-09,186.9565
MII176403,Forlì,2024-12-09,115.1515
MII176414,Fossano,2024-12-09,78.6765
MII176424,Fossombrone,2024-12-09,89.1089
MII176437,Frosinone,2024-12-09,126.6234
MII176451,Gela,2024-12-09,152.0833
MII152284,Genova Marassi,2024-12-09,128.7850
MII176703,Genova Pontedecimo,2024-12-09,167.0588
MII176714,Giarre,2024-12-09,137.2549
MII176719,Gorizia,2024-12-09,137.7358
MII176743,Grosseto,2024-12-09,200.0000
MII176749,Imperia,2024-12-09,143.3962
MII176759,Isernia,2024-12-09,145.4545
MII176771,Isili,2024-12-09,72.8972
MII176781,Ivrea,2024-12-09,139.1534
MII177134,L'Aquila,2024-12-09,77.4775
MII176788,La Spezia,2024-12-09,119.4175
MII177107,Lanciano,2024-12-09,115.2466
MII177118,Lanusei,2024-12-09,81.8182
MII177323,Larino,2024-12-09,161.0526
MII177332,Latina,2024-12-09,174.0260
MII177346,Laureana di Borrello,2024-12-09,129.7297
MII177384,Lauro,2024-12-09,10.0000
MII177420,Lecce,2024-12-09,165.2406
MII177436,Lecco,2024-12-09,154.7170
MII177463,Livorno,2024-12-09,141.1111
MII177498,Livorno Gorgona,2024-12-09,85.3933
MII177996,Locri,2024-12-09,145.3488
MII178027,Lodi,2024-12-09,192.8571
MII178035,Lucca,2024-12-09,192.6829
MII178045,Lucera,2024-12-09,125.9259
MII178072,Mantova,2024-12-09,167.0213
MII178085,Massa,2024-12-09,139.1566
MII178115,Massa Marittima,2024-12-09,95.8333
MII178124,Matera,2024-12-09,147.2000
MII178141,Melfi,2024-12-09,143.6508
MII178148,Messina,2024-12-09,100.4587
MII158895,Milano San Vittore,2024-12-09,228.0851
MII178501,Milano San Vittore femminile,2024-12-09,180.0000
MII178638,Modena,2024-12-09,152.5745
MII178659,Monza,2024-12-09,175.2451
MII178666,Napoli Poggioreale,2024-12-09,158.3211
MII178672,Napoli Secondigliano,2024-12-09,130.6738
MII178681,Noto,2024-12-09,84.6591
MII178700,Novara,2024-12-09,110.2564
MII179224,Nuoro,2024-12-09,72.8938
MII178003,Onanì,2024-12-09,71.7647
MII179237,Opera,2024-12-09,145.3333
MII179274,Oristano,2024-12-09,87.7863
MII179280,Orvieto,2024-12-09,118.3673
MII179290,Padova,2024-12-09,130.5556
MII179299,Padova Nuovo Complesso,2024-12-09,146.9333
MII179306,Palermo Pagliarelli,2024-12-09,123.2699
MII179324,Palermo Ucciardone,2024-12-09,98.8785
MII179331,Paliano,2024-12-09,43.4211
MII179342,Palmi,2024-12-09,125.5319
MII179353,Paola,2024-12-09,125.3247
MII179364,Parma,2024-12-09,119.5793
MII182910,Pavia,2024-12-09,132.2200
MII179781,Perugia,2024-12-09,149.6753
MII179818,Pesaro,2024-12-09,160.6452
MII179830,Pescara,2024-12-09,167.2794
MII179842,Piacenza,2024-12-09,132.5815
MII179856,Piazza Armerina,2024-12-09,154.1667
MII182919,Pisa,2024-12-09,154.7486
MII179896,Pistoia,2024-12-09,86.6667
MII179913,Pordenone,2024-12-09,135.1351
MII179932,Porto Azzurro,2024-12-09,107.9208
MII179938,Potenza,2024-12-09,182.6923
MII179958,Prato,2024-12-09,105.2901
MII179965,Ragusa,2024-12-09,109.8361
MII179981,Ravenna,2024-12-09,173.4694
MII179988,Reggio Calabria Arghillà,2024-12-09,120.9790
MII179995,Reggio Calabria Giuseppe Panzera,2024-12-09,117.8571
MII182339,Reggio Emilia,2024-12-09,126.4069
MII169535,Rieti,2024-12-09,181.6609
MII180001,Rimini,2024-12-09,122.0339
MII180380,Roma Rebibbia,2024-12-09,95.9459
MII180348,Roma Rebibbia femminile,2024-12-09,143.0189
MII180356,Roma Rebibbia IIIª casa,2024-12-09,60.6061
MII180370,Roma Rebibbia Nuovo Complesso,2024-12-09,148.1552
MII180401,Roma Regina Coeli,2024-12-09,191.6961
MII180415,Rossano,2024-12-09,117.1103
MII180424,Rovigo,2024-12-09,117.7033
MII180426,Salerno,2024-12-09,158.7131
MII180437,Saluzzo,2024-12-09,84.1981
MII180451,San Cataldo,2024-12-09,83.5821
MII180458,San Gimignano,2024-12-09,143.4978
MII180476,San Severo,2024-12-09,134.4262
MII180465,Sanremo,2024-12-09,119.0045
MII181079,Sant'Angelo dei Lombardi,2024-12-09,146.1538
MII180487,Santa Maria Capua Vetere,2024-12-09,138.0952
MII181091,Sassari,2024-12-09,119.2053
MII181109,Sciacca,2024-12-09,90.0000
MII181115,Siena,2024-12-09,131.0345
MII181125,Siracusa,2024-12-09,123.1618
MII181346,Sondrio,2024-12-09,146.1538
MII181358,Spoleto,2024-12-09,101.3158
MII181371,Sulmona,2024-12-09,140.6349
MII181377,Taranto,2024-12-09,196.2810
MII181385,Tempio Pausania,2024-12-09,97.0588
MII181392,Teramo,2024-12-09,142.1260
MII181401,Termini Imerese,2024-12-09,102.1053
MII181407,Terni,2024-12-09,135.5450
MII181417,Tolmezzo,2024-12-09,97.9730
MII181424,Torino,2024-12-09,132.8767
MII181434,Trani,2024-12-09,132.6599
MII181440,Trani femminile,2024-12-09,121.8750
MII181625,Trapani,2024-12-09,107.0423
MII181636,Trento,2024-12-09,87.5598
MII181645,Treviso,2024-12-09,174.0741
MII181661,Trieste,2024-12-09,164.3836
MII181681,Turi,2024-12-09,160.1852
MII181672,Udine,2024-12-09,184.2105
MII181691,Vallo della Lucania,2024-12-09,137.5000
MII181703,Varese,2024-12-09,194.3396
MII181820,Vasto,2024-12-09,65.3061
MII181839,Velletri,2024-12-09,148.6647
MII181847,Venezia Giudecca,2024-12-09,86.6071
MII181863,Venezia Santa Maria Maggiore,2024-12-09,164.9682
MII181870,Verbania,2024-12-09,145.2830
MII181880,Vercelli,2024-12-09,160.6383
MII181891,Verona,2024-12-09,190.2516
MII181908,Vibo Valentia,2024-12-09,102.6667
MII181918,Vicenza,2024-12-09,154.8387
MII181924,Vigevano,2024-12-09,155.7018
MII181934,Viterbo,2024-12-09,176.7901
MII179733,Voghera,2024-12-09,101.4663
MII179876,Volterra,2024-12-09,95.2128
MII158910,Agrigento,2024-12-22,134.8837
MII157783,Alba,2024-12-22,87.7551
MII158919,"Alessandria Cantiello, Gaeta",2024-12-22,94.7619
MII158924,Alessandria San Michele,2024-12-22,141.4449
MII158935,Alghero,2024-12-22,55.1282
MII172277,Altamura,2024-12-22,158.8235
MII158944,Ancona Barcaglione,2024-12-22,86.0000
MII158941,Ancona Montacuto,2024-12-22,131.6406
MII158945,Arbus,2024-12-22,69.0476
MII158948,Arezzo,2024-12-22,191.3043
MII159053,Ariano Irpino,2024-12-22,130.7692
MII159060,Arienzo,2024-12-22,151.7241
MII159065,Ascoli Piceno,2024-12-22,127.0000
MII159069,Asti,2024-12-22,121.0784
MII159314,Augusta,2024-12-22,168.1287
MII172011,Avellino,2024-12-22,111.5546
MII172187,Aversa,2024-12-22,111.5385
MII182440,Avezzano,2024-12-22,150.9804
MII172222,Barcellona Pozzo di Gotto,2024-12-22,67.8689
MII181678,Bari,2024-12-22,165.8730
MII158901,Belluno,2024-12-22,136.5854
MII160204,Benevento,2024-12-22,158.5657
MII172827,Bergamo,2024-12-22,184.2767
MII172332,Biella,2024-12-22,129.7436
MII172344,Bollate,2024-12-22,109.0119
MII172508,Bologna,2024-12-22,172.9897
MII172580,Bolzano,2024-12-22,136.3636
MII172592,Brescia Canton Monbello,2024-12-22,209.8901
MII172610,Brescia Verziano,2024-12-22,160.0000
MII172623,Brindisi,2024-12-22,169.7479
MII172814,Brissogne - Aosta,2024-12-22,80.9524
MII172320,Busto Arsizio,2024-12-22,179.2952
MII172835,Cagliari Uta,2024-12-22,137.4332
MII173006,Caltagirone,2024-12-22,113.7931
MII173063,Caltanissetta,2024-12-22,128.9617
MII173088,Campobasso,2024-12-22,168.0412
MII173101,Carinola,2024-12-22,91.3858
MII173114,Cassino,2024-12-22,165.3543
MII173237,Castelfranco Emilia,2024-12-22,65.1007
MII173259,Castelvetrano,2024-12-22,161.3636
MII173265,Castrovillari,2024-12-22,149.1803
MII173285,Catania Bicocca,2024-12-22,154.9618
MII173301,Catania Piazza Lanza,2024-12-22,149.8208
MII173311,Catanzaro,2024-12-22,103.4810
MII173356,Chiavari,2024-12-22,121.1538
MII173364,Chieti,2024-12-22,174.6835
MII173688,Civitavecchia Giuseppe Passerini,2024-12-22,93.4783
MII172208,Civitavecchia Nuovo Complesso,2024-12-22,175.8842
MII173712,Como,2024-12-22,192.8889
MII173341,Cosenza,2024-12-22,125.5924
MII173747,Cremona,2024-12-22,149.7396
MII173324,Crotone,2024-12-22,121.6495
MII173764,Cuneo,2024-12-22,97.6378
MII173784,Eboli,2024-12-22,90.7407
MII173813,Enna,2024-12-22,137.1795
MII173994,Favignana,2024-12-22,95.5056
MII174501,Fermo,2024-12-22,130.2326
MII174686,Ferrara,2024-12-22,163.1148
MII174825,Firenze Mario Gozzini,2024-12-22,135.0649
MII174720,Firenze Sollicciano,2024-12-22,146.4088
MII176375,Foggia,2024-12-22,186.6667
MII176403,Forlì,2024-12-22,115.9091
MII176414,Fossano,2024-12-22,76.4706
MII176424,Fossombrone,2024-12-22,88.1188
MII176437,Frosinone,2024-12-22,117.2485
MII176451,Gela,2024-12-22,158.3333
MII152284,Genova Marassi,2024-12-22,125.9813
MII176703,Genova Pontedecimo,2024-12-22,163.9535
MII176714,Giarre,2024-12-22,135.2941
MII176719,Gorizia,2024-12-22,141.5094
MII176743,Grosseto,2024-12-22,160.0000
MII176749,Imperia,2024-12-22,132.0755
MII176759,Isernia,2024-12-22,140.9091
MII176771,Isili,2024-12-22,72.8972
MII176781,Ivrea,2024-12-22,142.8571
MII177134,L'Aquila,2024-12-22,77.9279
MII176788,La Spezia,2024-12-22,121.3592
MII177107,Lanciano,2024-12-22,116.1435
MII177118,Lanusei,2024-12-22,96.9697
MII177323,Larino,2024-12-22,124.5763
MII177332,Latina,2024-12-22,164.9351
MII177346,Laureana di Borrello,2024-12-22,129.7297
MII177384,Lauro,2024-12-22,10.0000
MII177420,Lecce,2024-12-22,163.7701
MII177436,Lecco,2024-12-22,154.7170
MII177463,Livorno,2024-12-22,137.7778
MII177498,Livorno Gorgona,2024-12-22,85.3933
MII177996,Locri,2024-12-22,141.8605
MII178027,Lodi,2024-12-22,195.2381
MII178035,Lucca,2024-12-22,215.7895
MII178045,Lucera,2024-12-22,120.7407
MII178072,Mantova,2024-12-22,164.8936
MII178085,Massa,2024-12-22,140.3614
MII178115,Massa Marittima,2024-12-22,91.6667
MII178124,Matera,2024-12-22,154.4000
MII178141,Melfi,2024-12-22,141.2698
MII178148,Messina,2024-12-22,101.3761
MII158895,Milano San Vittore,2024-12-22,216.7728
MII178501,Milano San Vittore femminile,2024-12-22,184.4444
MII178638,Modena,2024-12-22,153.6585
MII178659,Monza,2024-12-22,173.6585
MII178666,Napoli Poggioreale,2024-12-22,155.0074
MII178672,Napoli Secondigliano,2024-12-22,136.3216
MII178681,Noto,2024-12-22,84.0909
MII178700,Novara,2024-12-22,106.4103
MII179224,Nuoro,2024-12-22,72.5275
MII178003,Onanì,2024-12-22,71.1765
MII179237,Opera,2024-12-22,145.6667
MII179274,Oristano,2024-12-22,84.7328
MII179280,Orvieto,2024-12-22,117.3469
MII179290,Padova,2024-12-22,125.1337
MII179299,Padova Nuovo Complesso,2024-12-22,146.9333
MII179306,Palermo Pagliarelli,2024-12-22,123.7889
MII179324,Palermo Ucciardone,2024-12-22,99.0654
MII179331,Paliano,2024-12-22,43.4211
MII179342,Palmi,2024-12-22,119.1489
MII179353,Paola,2024-12-22,123.3766
MII179364,Parma,2024-12-22,121.6260
MII182910,Pavia,2024-12-22,134.2520
MII179781,Perugia,2024-12-22,149.1909
MII179818,Pesaro,2024-12-22,156.7742
MII179830,Pescara,2024-12-22,164.7059
MII179842,Piacenza,2024-12-22,130.0752
MII179856,Piazza Armerina,2024-12-22,154.1667
MII182919,Pisa,2024-12-22,151.3966
MII179896,Pistoia,2024-12-22,88.0000
MII179913,Pordenone,2024-12-22,135.1351
MII179932,Porto Azzurro,2024-12-22,107.9208
MII179938,Potenza,2024-12-22,186.5385
MII179958,Prato,2024-12-22,106.5292
MII179965,Ragusa,2024-12-22,110.3825
MII179981,Ravenna,2024-12-22,173.4694
MII179988,Reggio Calabria Arghillà,2024-12-22,120.6294
MII179995,Reggio Calabria Giuseppe Panzera,2024-12-22,120.2381
MII182339,Reggio Emilia,2024-12-22,126.6094
MII169535,Rieti,2024-12-22,179.2388
MII180001,Rimini,2024-12-22,109.3220
MII180380,Roma Rebibbia,2024-12-22,96.2838
MII180348,Roma Rebibbia femminile,2024-12-22,143.0189
MII180356,Roma Rebibbia IIIª casa,2024-12-22,62.8788
MII180370,Roma Rebibbia Nuovo Complesso,2024-12-22,147.7767
MII180401,Roma Regina Coeli,2024-12-22,186.5724
MII180415,Rossano,2024-12-22,117.8707
MII180424,Rovigo,2024-12-22,119.6172
MII180426,Salerno,2024-12-22,154.6917
MII180437,Saluzzo,2024-12-22,84.1981
MII180451,San Cataldo,2024-12-22,88.0597
MII180458,San Gimignano,2024-12-22,138.5650
MII180476,San Severo,2024-12-22,139.3443
MII180465,Sanremo,2024-12-22,119.4570
MII181079,Sant'Angelo dei Lombardi,2024-12-22,150.4274
MII180487,Santa Maria Capua Vetere,2024-12-22,139.8268
MII181091,Sassari,2024-12-22,118.1015
MII181109,Sciacca,2024-12-22,95.0000
MII181115,Siena,2024-12-22,129.3103
MII181125,Siracusa,2024-12-22,123.1193
MII181346,Sondrio,2024-12-22,146.1538
MII181358,Spoleto,2024-12-22,101.5351
MII181371,Sulmona,2024-12-22,86.4971
MII181377,Taranto,2024-12-22,194.8347
MII181385,Tempio Pausania,2024-12-22,95.8824
MII181392,Teramo,2024-12-22,173.2283
MII181401,Termini Imerese,2024-12-22,102.1053
MII181407,Terni,2024-12-22,135.5450
MII181417,Tolmezzo,2024-12-22,96.6216
MII181424,Torino,2024-12-22,130.1370
MII181434,Trani,2024-12-22,132.9966
MII181440,Trani femminile,2024-12-22,112.5000
MII181625,Trapani,2024-12-22,105.6338
MII181636,Trento,2024-12-22,87.0813
MII181645,Treviso,2024-12-22,182.5758
MII181661,Trieste,2024-12-22,161.6438
MII181681,Turi,2024-12-22,155.5556
MII181672,Udine,2024-12-22,189.4737
MII181691,Vallo della Lucania,2024-12-22,145.0000
MII181703,Varese,2024-12-22,186.7925
MII181820,Vasto,2024-12-22,61.9048
MII181839,Velletri,2024-12-22,143.0267
MII181847,Venezia Giudecca,2024-12-22,86.6071
MII181863,Venezia Santa Maria Maggiore,2024-12-22,166.2420
MII181870,Verbania,2024-12-22,149.0566
MII181880,Vercelli,2024-12-22,159.3583
MII181891,Verona,2024-12-22,188.0503
MII181908,Vibo Valentia,2024-12-22,104.9180
MII181918,Vicenza,2024-12-22,150.8065
MII181924,Vigevano,2024-12-22,157.0175
MII181934,Viterbo,2024-12-22,174.5679
MII179733,Voghera,2024-12-22,103.5191
MII179876,Volterra,2024-12-22,92.0213
MII158910,Agrigento,2024-12-29,131.0078
MII157783,Alba,2024-12-29,89.7959
MII158919,"Alessandria Cantiello, Gaeta",2024-12-29,96.1905
MII158924,Alessandria San Michele,2024-12-29,141.4449
MII158935,Alghero,2024-12-29,55.1282
MII172277,Altamura,2024-12-29,166.6667
MII158944,Ancona Barcaglione,2024-12-29,87.0000
MII158941,Ancona Montacuto,2024-12-29,131.6406
MII158945,Arbus,2024-12-29,69.0476
MII158948,Arezzo,2024-12-29,169.5652
MII159053,Ariano Irpino,2024-12-29,130.4000
MII159060,Arienzo,2024-12-29,150.0000
MII159065,Ascoli Piceno,2024-12-29,133.0000
MII159069,Asti,2024-12-29,121.0784
MII159314,Augusta,2024-12-29,166.6667
MII172011,Avellino,2024-12-29,111.7647
MII172187,Aversa,2024-12-29,112.8205
MII182440,Avezzano,2024-12-29,147.0588
MII172222,Barcellona Pozzo di Gotto,2024-12-29,68.4211
MII181678,Bari,2024-12-29,166.6667
MII158901,Belluno,2024-12-29,136.5854
MII160204,Benevento,2024-12-29,156.5217
MII172827,Bergamo,2024-12-29,184.5912
MII172332,Biella,2024-12-29,129.4872
MII172344,Bollate,2024-12-29,109.4071
MII172508,Bologna,2024-12-29,171.9588
MII172580,Bolzano,2024-12-29,137.5000
MII172592,Brescia Canton Monbello,2024-12-29,210.9890
MII172610,Brescia Verziano,2024-12-29,158.5714
MII172623,Brindisi,2024-12-29,170.5882
MII172814,Brissogne - Aosta,2024-12-29,81.7647
MII172320,Busto Arsizio,2024-12-29,180.7018
MII172835,Cagliari Uta,2024-12-29,137.4332
MII173006,Caltagirone,2024-12-29,113.7931
MII173063,Caltanissetta,2024-12-29,126.7760
MII173088,Campobasso,2024-12-29,169.7917
MII173101,Carinola,2024-12-29,91.7603
MII173114,Cassino,2024-12-29,165.3543
MII173237,Castelfranco Emilia,2024-12-29,65.7718
MII173259,Castelvetrano,2024-12-29,163.6364
MII173265,Castrovillari,2024-12-29,152.4590
MII173285,Catania Bicocca,2024-12-29,153.4351
MII173301,Catania Piazza Lanza,2024-12-29,148.7455
MII173311,Catanzaro,2024-12-29,102.3847
MII173356,Chiavari,2024-12-29,117.3077
MII173364,Chieti,2024-12-29,170.8861
MII173688,Civitavecchia Giuseppe Passerini,2024-12-29,91.3043
MII172208,Civitavecchia Nuovo Complesso,2024-12-29,175.5627
MII173712,Como,2024-12-29,192.4444
MII173341,Cosenza,2024-12-29,125.1185
MII173747,Cremona,2024-12-29,148.4375
MII173324,Crotone,2024-12-29,122.5806
MII173764,Cuneo,2024-12-29,99.7361
MII173784,Eboli,2024-12-29,90.7407
MII173813,Enna,2024-12-29,135.2564
MII173994,Favignana,2024-12-29,95.5056
MII174501,Fermo,2024-12-29,130.2326
MII174686,Ferrara,2024-12-29,161.8852
MII174825,Firenze Mario Gozzini,2024-12-29,132.4675
MII174720,Firenze Sollicciano,2024-12-29,146.5374
MII176375,Foggia,2024-12-29,206.7524
MII176403,Forlì,2024-12-29,116.6667
MII176414,Fossano,2024-12-29,80.1471
MII176424,Fossombrone,2024-12-29,89.1089
MII176437,Frosinone,2024-12-29,124.6753
MII176451,Gela,2024-12-29,160.4167
MII152284,Genova Marassi,2024-12-29,126.3551
MII176703,Genova Pontedecimo,2024-12-29,161.6279
MII176714,Giarre,2024-12-29,139.2157
MII176719,Gorizia,2024-12-29,150.9434
MII176743,Grosseto,2024-12-29,173.3333
MII176749,Imperia,2024-12-29,128.3019
MII176759,Isernia,2024-12-29,143.1818
MII176771,Isili,2024-12-29,72.8972
MII176781,Ivrea,2024-12-29,143.9153
MII177134,L'Aquila,2024-12-29,77.4775
MII176788,La Spezia,2024-12-29,118.4466
MII177107,Lanciano,2024-12-29,115.6951
MII177118,Lanusei,2024-12-29,96.9697
MII177323,Larino,2024-12-29,123.7288
MII177332,Latina,2024-12-29,163.6364
MII177346,Laureana di Borrello,2024-12-29,127.0270
MII177384,Lauro,2024-12-29,10.0000
MII177420,Lecce,2024-12-29,163.5027
MII177436,Lecco,2024-12-29,154.7170
MII177463,Livorno,2024-12-29,133.3333
MII177498,Livorno Gorgona,2024-12-29,82.0225
MII177996,Locri,2024-12-29,141.8605
MII178027,Lodi,2024-12-29,181.8182
MII178035,Lucca,2024-12-29,213.1579
MII178045,Lucera,2024-12-29,118.5185
MII178072,Mantova,2024-12-29,160.6383
MII178085,Massa,2024-12-29,142.7711
MII178115,Massa Marittima,2024-12-29,93.7500
MII178124,Matera,2024-12-29,152.8000
MII178141,Melfi,2024-12-29,138.8889
MII178148,Messina,2024-12-29,102.2936
MII158895,Milano San Vittore,2024-12-29,214.0426
MII178501,Milano San Vittore femminile,2024-12-29,188.8889
MII178638,Modena,2024-12-29,154.4715
MII178659,Monza,2024-12-29,174.6341
MII178666,Napoli Poggioreale,2024-12-29,154.4919
MII178672,Napoli Secondigliano,2024-12-29,135.8595
MII178681,Noto,2024-12-29,84.0909
MII178700,Novara,2024-12-29,106.4103
MII179224,Nuoro,2024-12-29,72.5275
MII178003,Onanì,2024-12-29,70.5882
MII179237,Opera,2024-12-29,146.3333
MII179274,Oristano,2024-12-29,84.7328
MII179280,Orvieto,2024-12-29,119.3878
MII179290,Padova,2024-12-29,122.4599
MII179299,Padova Nuovo Complesso,2024-12-29,147.4667
MII179306,Palermo Pagliarelli,2024-12-29,123.3564
MII179324,Palermo Ucciardone,2024-12-29,99.0654
MII179331,Paliano,2024-12-29,43.4211
MII179342,Palmi,2024-12-29,119.1489
MII179353,Paola,2024-12-29,122.7273
MII179364,Parma,2024-12-29,121.3008
MII182910,Pavia,2024-12-29,133.2677
MII179781,Perugia,2024-12-29,150.0000
MII179818,Pesaro,2024-12-29,156.1290
MII179830,Pescara,2024-12-29,165.8088
MII179842,Piacenza,2024-12-29,129.5739
MII179856,Piazza Armerina,2024-12-29,156.2500
MII182919,Pisa,2024-12-29,147.4860
MII179896,Pistoia,2024-12-29,85.3333
MII179913,Pordenone,2024-12-29,135.1351
MII179932,Porto Azzurro,2024-12-29,108.2508
MII179938,Potenza,2024-12-29,184.6154
MII179958,Prato,2024-12-29,106.7010
MII179965,Ragusa,2024-12-29,110.3825
MII179981,Ravenna,2024-12-29,165.3061
MII179988,Reggio Calabria Arghillà,2024-12-29,120.9790
MII179995,Reggio Calabria Giuseppe Panzera,2024-12-29,123.6364
MII182339,Reggio Emilia,2024-12-29,127.4678
MII169535,Rieti,2024-12-29,179.9308
MII180001,Rimini,2024-12-29,112.7119
MII180380,Roma Rebibbia,2024-12-29,95.9459
MII180348,Roma Rebibbia femminile,2024-12-29,142.6415
MII180356,Roma Rebibbia IIIª casa,2024-12-29,62.8788
MII180370,Roma Rebibbia Nuovo Complesso,2024-12-29,147.1145
MII180401,Roma Regina Coeli,2024-12-29,186.3958
MII180415,Rossano,2024-12-29,117.1103
MII180424,Rovigo,2024-12-29,119.1388
MII180426,Salerno,2024-12-29,154.4236
MII180437,Saluzzo,2024-12-29,84.1981
MII180451,San Cataldo,2024-12-29,87.3134
MII180458,San Gimignano,2024-12-29,137.6682
MII180476,San Severo,2024-12-29,139.3443
MII180465,Sanremo,2024-12-29,122.6244
MII181079,Sant'Angelo dei Lombardi,2024-12-29,149.5726
MII180487,Santa Maria Capua Vetere,2024-12-29,139.3939
MII181091,Sassari,2024-12-29,118.3223
MII181109,Sciacca,2024-12-29,110.0000
MII181115,Siena,2024-12-29,129.3103
MII181125,Siracusa,2024-12-29,122.9358
MII181346,Sondrio,2024-12-29,157.6923
MII181358,Spoleto,2024-12-29,101.7544
MII181371,Sulmona,2024-12-29,86.1057
MII181377,Taranto,2024-12-29,196.2810
MII181385,Tempio Pausania,2024-12-29,95.2941
MII181392,Teramo,2024-12-29,171.2598
MII181401,Termini Imerese,2024-12-29,103.1579
MII181407,Terni,2024-12-29,136.4929
MII181417,Tolmezzo,2024-12-29,96.6216
MII181424,Torino,2024-12-29,130.4110
MII181434,Trani,2024-12-29,131.9865
MII181440,Trani femminile,2024-12-29,115.6250
MII181625,Trapani,2024-12-29,104.8290
MII181636,Trento,2024-12-29,85.1675
MII181645,Treviso,2024-12-29,181.8182
MII181661,Trieste,2024-12-29,161.6438
MII181681,Turi,2024-12-29,157.4074
MII181672,Udine,2024-12-29,186.3158
MII181691,Vallo della Lucania,2024-12-29,147.5000
MII181703,Varese,2024-12-29,186.7925
MII181820,Vasto,2024-12-29,61.2245
MII181839,Velletri,2024-12-29,143.3234
MII181847,Venezia Giudecca,2024-12-29,89.2857
MII181863,Venezia Santa Maria Maggiore,2024-12-29,166.2420
MII181870,Verbania,2024-12-29,145.2830
MII181880,Vercelli,2024-12-29,160.3261
MII181891,Verona,2024-12-29,189.3082
MII181908,Vibo Valentia,2024-12-29,102.6810
MII181918,Vicenza,2024-12-29,151.2097
MII181924,Vigevano,2024-12-29,154.3860
MII181934,Viterbo,2024-12-29,174.0741
MII179733,Voghera,2024-12-29,103.8123
MII179876,Volterra,2024-12-29,92.0213
MII158910,Agrigento,2025-01-05,132.1705
MII157783,Alba,2025-01-05,89.7959
MII158919,"Alessandria Cantiello, Gaeta",2025-01-05,94.7619
MII158924,Alessandria San Michele,2025-01-05,141.4449
MII158935,Alghero,2025-01-05,55.1282
MII172277,Altamura,2025-01-05,168.6275
MII158944,Ancona Barcaglione,2025-01-05,87.0000
MII158941,Ancona Montacuto,2025-01-05,134.7656
MII158945,Arbus,2025-01-05,67.4603
MII158948,Arezzo,2025-01-05,165.2174
MII159053,Ariano Irpino,2025-01-05,130.0000
MII159060,Arienzo,2025-01-05,150.0000
MII159065,Ascoli Piceno,2025-01-05,138.0000
MII159069,Asti,2025-01-05,121.0784
MII159314,Augusta,2025-01-05,166.3743
MII172011,Avellino,2025-01-05,116.1638
MII172187,Aversa,2025-01-05,112.8205
MII182440,Avezzano,2025-01-05,145.0980
MII172222,Barcellona Pozzo di Gotto,2025-01-05,68.4211
MII181678,Bari,2025-01-05,165.8730
MII158901,Belluno,2025-01-05,136.5854
MII160204,Benevento,2025-01-05,156.1265
MII172827,Bergamo,2025-01-05,184.5912
MII172332,Biella,2025-01-05,128.7179
MII172344,Bollate,2025-01-05,110.0395
MII172508,Bologna,2025-01-05,173.6082
MII172580,Bolzano,2025-01-05,138.6364
MII172592,Brescia Canton Monbello,2025-01-05,212.0879
MII172610,Brescia Verziano,2025-01-05,160.0000
MII172623,Brindisi,2025-01-05,168.0672
MII172814,Brissogne - Aosta,2025-01-05,81.7647
MII172320,Busto Arsizio,2025-01-05,181.1404
MII172835,Cagliari Uta,2025-01-05,136.7201
MII173006,Caltagirone,2025-01-05,115.1194
MII173063,Caltanissetta,2025-01-05,127.8689
MII173088,Campobasso,2025-01-05,170.8333
MII173101,Carinola,2025-01-05,91.7603
MII173114,Cassino,2025-01-05,163.7795
MII173237,Castelfranco Emilia,2025-01-05,64.4295
MII173259,Castelvetrano,2025-01-05,163.6364
MII173265,Castrovillari,2025-01-05,150.8197
MII173285,Catania Bicocca,2025-01-05,153.4351
MII173301,Catania Piazza Lanza,2025-01-05,147.3118
MII173311,Catanzaro,2025-01-05,100.9464
MII173356,Chiavari,2025-01-05,121.1538
MII173364,Chieti,2025-01-05,169.6203
MII173688,Civitavecchia Giuseppe Passerini,2025-01-05,92.3913
MII172208,Civitavecchia Nuovo Complesso,2025-01-05,174.5981
MII173712,Como,2025-01-05,190.6667
MII173341,Cosenza,2025-01-05,122.2749
MII173747,Cremona,2025-01-05,148.4375
MII173324,Crotone,2025-01-05,131.1828
MII173764,Cuneo,2025-01-05,101.0610
MII173784,Eboli,2025-01-05,90.7407
MII173813,Enna,2025-01-05,135.2564
MII173994,Favignana,2025-01-05,95.5056
MII174501,Fermo,2025-01-05,125.5814
MII174686,Ferrara,2025-01-05,161.0656
MII174825,Firenze Mario Gozzini,2025-01-05,132.4675
MII174720,Firenze Sollicciano,2025-01-05,145.7064
MII176375,Foggia,2025-01-05,206.7524
MII176403,Forlì,2025-01-05,114.3939
MII176414,Fossano,2025-01-05,78.6765
MII176424,Fossombrone,2025-01-05,89.1089
MII176437,Frosinone,2025-01-05,124.4589
MII176451,Gela,2025-01-05,156.2500
MII152284,Genova Marassi,2025-01-05,126.3551
MII176703,Genova Pontedecimo,2025-01-05,162.7907
MII176714,Giarre,2025-01-05,137.2549
MII176719,Gorizia,2025-01-05,149.0566
MII176743,Grosseto,2025-01-05,173.3333
MII176749,Imperia,2025-01-05,128.3019
MII176759,Isernia,2025-01-05,147.7273
MII176771,Isili,2025-01-05,71.9626
MII176781,Ivrea,2025-01-05,144.4444
MII177134,L'Aquila,2025-01-05,77.9279
MII176788,La Spezia,2025-01-05,117.4757
MII177107,Lanciano,2025-01-05,116.5919
MII177118,Lanusei,2025-01-05,96.9697
MII177323,Larino,2025-01-05,123.7288
MII177332,Latina,2025-01-05,172.7273
MII177346,Laureana di Borrello,2025-01-05,127.0270
MII177384,Lauro,2025-01-05,10.0000
MII177420,Lecce,2025-01-05,164.5722
MII177436,Lecco,2025-01-05,150.9434
MII177463,Livorno,2025-01-05,131.6667
MII177498,Livorno Gorgona,2025-01-05,87.6404
MII177996,Locri,2025-01-05,144.1860
MII178027,Lodi,2025-01-05,175.0000
MII178035,Lucca,2025-01-05,197.3684
MII178045,Lucera,2025-01-05,117.7778
MII178072,Mantova,2025-01-05,157.4468
MII178085,Massa,2025-01-05,145.7831
MII178115,Massa Marittima,2025-01-05,93.7500
MII178124,Matera,2025-01-05,146.4000
MII178141,Melfi,2025-01-05,137.3016
MII178148,Messina,2025-01-05,100.9132
MII158895,Milano San Vittore,2025-01-05,217.4468
MII178501,Milano San Vittore femminile,2025-01-05,191.1111
MII178638,Modena,2025-01-05,153.3875
MII178659,Monza,2025-01-05,174.5098
MII178666,Napoli Poggioreale,2025-01-05,155.7437
MII178672,Napoli Secondigliano,2025-01-05,136.3804
MII178681,Noto,2025-01-05,85.2273
MII178700,Novara,2025-01-05,106.4103
MII179224,Nuoro,2025-01-05,72.8938
MII178003,Onanì,2025-01-05,69.4118
MII179237,Opera,2025-01-05,146.2222
MII179274,Oristano,2025-01-05,85.1145
MII179280,Orvieto,2025-01-05,119.3878
MII179290,Padova,2025-01-05,125.1337
MII179299,Padova Nuovo Complesso,2025-01-05,148.5333
MII179306,Palermo Pagliarelli,2025-01-05,124.0484
MII179324,Palermo Ucciardone,2025-01-05,99.0654
MII179331,Paliano,2025-01-05,42.7632
MII179342,Palmi,2025-01-05,118.4397
MII179353,Paola,2025-01-05,121.4286
MII179364,Parma,2025-01-05,121.7532
MII182910,Pavia,2025-01-05,132.8713
MII179781,Perugia,2025-01-05,149.6753
MII179818,Pesaro,2025-01-05,159.3548
MII179830,Pescara,2025-01-05,163.6029
MII179842,Piacenza,2025-01-05,129.5739
MII179856,Piazza Armerina,2025-01-05,154.1667
MII182919,Pisa,2025-01-05,148.0447
MII179896,Pistoia,2025-01-05,85.3333
MII179913,Pordenone,2025-01-05,140.5405
MII179932,Porto Azzurro,2025-01-05,108.2508
MII179938,Potenza,2025-01-05,186.5385
MII179958,Prato,2025-01-05,107.7320
MII179965,Ragusa,2025-01-05,111.4754
MII179981,Ravenna,2025-01-05,159.1837
MII179988,Reggio Calabria Arghillà,2025-01-05,119.9301
MII179995,Reggio Calabria Giuseppe Panzera,2025-01-05,125.4545
MII182339,Reggio Emilia,2025-01-05,129.0598
MII169535,Rieti,2025-01-05,182.0069
MII180001,Rimini,2025-01-05,115.2542
MII180380,Roma Rebibbia,2025-01-05,95.2703
MII180348,Roma Rebibbia femminile,2025-01-05,143.0189
MII180356,Roma Rebibbia IIIª casa,2025-01-05,61.3636
MII180370,Roma Rebibbia Nuovo Complesso,2025-01-05,145.4115
MII180401,Roma Regina Coeli,2025-01-05,185.5124
MII180415,Rossano,2025-01-05,116.7300
MII180424,Rovigo,2025-01-05,121.5311
MII180426,Salerno,2025-01-05,153.6193
MII180437,Saluzzo,2025-01-05,84.4340
MII180451,San Cataldo,2025-01-05,86.5672
MII180458,San Gimignano,2025-01-05,136.7713
MII180476,San Severo,2025-01-05,140.9836
MII180465,Sanremo,2025-01-05,124.4344
MII181079,Sant'Angelo dei Lombardi,2025-01-05,148.7179
MII180487,Santa Maria Capua Vetere,2025-01-05,139.8268
MII181091,Sassari,2025-01-05,118.3223
MII181109,Sciacca,2025-01-05,105.0000
MII181115,Siena,2025-01-05,129.3103
MII181125,Siracusa,2025-01-05,122.3853
MII181346,Sondrio,2025-01-05,146.1538
MII181358,Spoleto,2025-01-05,100.6579
MII181371,Sulmona,2025-01-05,86.6928
MII181377,Taranto,2025-01-05,194.6281
MII181385,Tempio Pausania,2025-01-05,95.2941
MII181392,Teramo,2025-01-05,170.8661
MII181401,Termini Imerese,2025-01-05,106.3158
MII181407,Terni,2025-01-05,135.7820
MII181417,Tolmezzo,2025-01-05,96.6216
MII181424,Torino,2025-01-05,130.3196
MII181434,Trani,2025-01-05,131.9865
MII181440,Trani femminile,2025-01-05,115.6250
MII181625,Trapani,2025-01-05,104.0241
MII181636,Trento,2025-01-05,84.9282
MII181645,Treviso,2025-01-05,184.8485
MII181661,Trieste,2025-01-05,160.2740
MII181681,Turi,2025-01-05,157.4074
MII181672,Udine,2025-01-05,194.5652
MII181691,Vallo della Lucania,2025-01-05,142.5000
MII181703,Varese,2025-01-05,184.9057
MII181820,Vasto,2025-01-05,62.5850
MII181839,Velletri,2025-01-05,144.5104
MII181847,Venezia Giudecca,2025-01-05,89.2857
MII181863,Venezia Santa Maria Maggiore,2025-01-05,168.1529
MII181870,Verbania,2025-01-05,163.0435
MII181880,Vercelli,2025-01-05,159.7826
MII181891,Verona,2025-01-05,189.9054
MII181908,Vibo Valentia,2025-01-05,101.3263
MII181918,Vicenza,2025-01-05,150.4000
MII181924,Vigevano,2025-01-05,153.9474
MII181934,Viterbo,2025-01-05,174.5679
MII179733,Voghera,2025-01-05,104.1056
MII179876,Volterra,2025-01-05,90.9574
MII158910,Agrigento,2025-01-12,132.5581
MII157783,Alba,2025-01-12,93.8776
MII158919,"Alessandria Cantiello, Gaeta",2025-01-12,93.8095
MII158924,Alessandria San Michele,2025-01-12,141.0646
MII158935,Alghero,2025-01-12,53.8462
MII172277,Altamura,2025-01-12,168.6275
MII158944,Ancona Barcaglione,2025-01-12,89.0000
MII158941,Ancona Montacuto,2025-01-12,130.0781
MII158945,Arbus,2025-01-12,67.4603
MII158948,Arezzo,2025-01-12,178.2609
MII159053,Ariano Irpino,2025-01-12,132.0000
MII159060,Arienzo,2025-01-12,150.0000
MII159065,Ascoli Piceno,2025-01-12,139.2157
MII159069,Asti,2025-01-12,122.5490
MII159314,Augusta,2025-01-12,165.7895
MII172011,Avellino,2025-01-12,116.8103
MII172187,Aversa,2025-01-12,114.1026
MII182440,Avezzano,2025-01-12,135.2941
MII172222,Barcellona Pozzo di Gotto,2025-01-12,71.0438
MII181678,Bari,2025-01-12,169.4444
MII158901,Belluno,2025-01-12,139.0244
MII160204,Benevento,2025-01-12,156.9170
MII172827,Bergamo,2025-01-12,185.2201
MII172332,Biella,2025-01-12,129.2308
MII172344,Bollate,2025-01-12,110.4348
MII172508,Bologna,2025-01-12,175.7261
MII172580,Bolzano,2025-01-12,131.8182
MII172592,Brescia Canton Monbello,2025-01-12,211.5385
MII172610,Brescia Verziano,2025-01-12,162.8571
MII172623,Brindisi,2025-01-12,168.9076
MII172814,Brissogne - Aosta,2025-01-12,80.0000
MII172320,Busto Arsizio,2025-01-12,179.8246
MII172835,Cagliari Uta,2025-01-12,136.1854
MII173006,Caltagirone,2025-01-12,115.6499
MII173063,Caltanissetta,2025-01-12,131.1475
MII173088,Campobasso,2025-01-12,172.9167
MII173101,Carinola,2025-01-12,92.1348
MII173114,Cassino,2025-01-12,161.0687
MII173237,Castelfranco Emilia,2025-01-12,61.7450
MII173259,Castelvetrano,2025-01-12,159.0909
MII173265,Castrovillari,2025-01-12,153.2787
MII173285,Catania Bicocca,2025-01-12,150.3817
MII173301,Catania Piazza Lanza,2025-01-12,152.8986
MII173311,Catanzaro,2025-01-12,99.8423
MII173356,Chiavari,2025-01-12,121.1538
MII173364,Chieti,2025-01-12,169.6203
MII173688,Civitavecchia Giuseppe Passerini,2025-01-12,90.2174
MII172208,Civitavecchia Nuovo Complesso,2025-01-12,173.6334
MII173712,Como,2025-01-12,191.5556
MII173341,Cosenza,2025-01-12,121.9626
MII173747,Cremona,2025-01-12,147.1354
MII173324,Crotone,2025-01-12,132.2581
MII173764,Cuneo,2025-01-12,101.3228
MII173784,Eboli,2025-01-12,90.7407
MII173813,Enna,2025-01-12,133.3333
MII173994,Favignana,2025-01-12,94.3820
MII174501,Fermo,2025-01-12,118.6047
MII174686,Ferrara,2025-01-12,161.0656
MII174825,Firenze Mario Gozzini,2025-01-12,133.7662
MII174720,Firenze Sollicciano,2025-01-12,146.8144
MII176375,Foggia,2025-01-12,207.0740
MII176403,Forlì,2025-01-12,114.3939
MII176414,Fossano,2025-01-12,79.4118
MII176424,Fossombrone,2025-01-12,89.1089
MII176437,Frosinone,2025-01-12,124.4589
MII176451,Gela,2025-01-12,162.5000
MII152284,Genova Marassi,2025-01-12,125.9813
MII176703,Genova Pontedecimo,2025-01-12,165.1163
MII176714,Giarre,2025-01-12,139.2157
MII176719,Gorizia,2025-01-12,152.8302
MII176743,Grosseto,2025-01-12,153.3333
MII176749,Imperia,2025-01-12,132.0755
MII176759,Isernia,2025-01-12,138.6364
MII176771,Isili,2025-01-12,71.0280
MII176781,Ivrea,2025-01-12,145.7447
MII177134,L'Aquila,2025-01-12,77.0270
MII176788,La Spezia,2025-01-12,116.5049
MII177107,Lanciano,2025-01-12,117.9372
MII177118,Lanusei,2025-01-12,96.9697
MII177323,Larino,2025-01-12,122.0339
MII177332,Latina,2025-01-12,168.8312
MII177346,Laureana di Borrello,2025-01-12,121.6216
MII177384,Lauro,2025-01-12,8.0000
MII177420,Lecce,2025-01-12,164.5722
MII177436,Lecco,2025-01-12,147.1698
MII177463,Livorno,2025-01-12,137.2222
MII177498,Livorno Gorgona,2025-01-12,93.2584
MII177996,Locri,2025-01-12,146.5116
MII178027,Lodi,2025-01-12,181.8182
MII178035,Lucca,2025-01-12,197.3684
MII178045,Lucera,2025-01-12,119.2593
MII178072,Mantova,2025-01-12,156.3830
MII178085,Massa,2025-01-12,144.5783
MII178115,Massa Marittima,2025-01-12,93.7500
MII178124,Matera,2025-01-12,143.2000
MII178141,Melfi,2025-01-12,134.1270
MII178148,Messina,2025-01-12,101.3699
MII158895,Milano San Vittore,2025-01-12,215.1064
MII178501,Milano San Vittore femminile,2025-01-12,184.4444
MII178638,Modena,2025-01-12,153.6585
MII178659,Monza,2025-01-12,177.0370
MII178666,Napoli Poggioreale,2025-01-12,155.3019
MII178672,Napoli Secondigliano,2025-01-12,135.7341
MII178681,Noto,2025-01-12,84.6591
MII178700,Novara,2025-01-12,107.6923
MII179224,Nuoro,2025-01-12,72.5275
MII178003,Onanì,2025-01-12,68.2353
MII179237,Opera,2025-01-12,145.1111
MII179274,Oristano,2025-01-12,85.4962
MII179280,Orvieto,2025-01-12,119.3878
MII179290,Padova,2025-01-12,123.5294
MII179299,Padova Nuovo Complesso,2025-01-12,148.2667
MII179306,Palermo Pagliarelli,2025-01-12,123.2699
MII179324,Palermo Ucciardone,2025-01-12,98.8785
MII179331,Paliano,2025-01-12,42.7632
MII179342,Palmi,2025-01-12,118.4397
MII179353,Paola,2025-01-12,121.4286
MII179364,Parma,2025-01-12,121.3938
MII182910,Pavia,2025-01-12,132.0792
MII179781,Perugia,2025-01-12,146.6019
MII179818,Pesaro,2025-01-12,158.0645
MII179830,Pescara,2025-01-12,166.1765
MII179842,Piacenza,2025-01-12,128.8221
MII179856,Piazza Armerina,2025-01-12,145.8333
MII182919,Pisa,2025-01-12,150.2793
MII179896,Pistoia,2025-01-12,84.7222
MII179913,Pordenone,2025-01-12,137.8378
MII179932,Porto Azzurro,2025-01-12,107.9208
MII179938,Potenza,2025-01-12,184.6154
MII179958,Prato,2025-01-12,107.5214
MII179965,Ragusa,2025-01-12,112.5683
MII179981,Ravenna,2025-01-12,169.3878
MII179988,Reggio Calabria Arghillà,2025-01-12,122.0280
MII179995,Reggio Calabria Giuseppe Panzera,2025-01-12,123.6364
MII182339,Reggio Emilia,2025-01-12,125.2137
MII169535,Rieti,2025-01-12,183.3910
MII180001,Rimini,2025-01-12,115.2542
MII180380,Roma Rebibbia,2025-01-12,95.2703
MII180348,Roma Rebibbia femminile,2025-01-12,144.1509
MII180356,Roma Rebibbia IIIª casa,2025-01-12,61.3636
MII180370,Roma Rebibbia Nuovo Complesso,2025-01-12,147.3037
MII180401,Roma Regina Coeli,2025-01-12,182.6620
MII180415,Rossano,2025-01-12,118.2510
MII180424,Rovigo,2025-01-12,122.2222
MII180426,Salerno,2025-01-12,154.4474
MII180437,Saluzzo,2025-01-12,83.4906
MII180451,San Cataldo,2025-01-12,86.5672
MII180458,San Gimignano,2025-01-12,136.7713
MII180476,San Severo,2025-01-12,134.4262
MII180465,Sanremo,2025-01-12,122.6244
MII181079,Sant'Angelo dei Lombardi,2025-01-12,146.1538
MII180487,Santa Maria Capua Vetere,2025-01-12,134.6797
MII181091,Sassari,2025-01-12,117.8808
MII181109,Sciacca,2025-01-12,105.0000
MII181115,Siena,2025-01-12,129.3103
MII181125,Siracusa,2025-01-12,122.2018
MII181346,Sondrio,2025-01-12,150.0000
MII181358,Spoleto,2025-01-12,100.0000
MII181371,Sulmona,2025-01-12,86.6928
MII181377,Taranto,2025-01-12,192.9752
MII181385,Tempio Pausania,2025-01-12,95.2941
MII181392,Teramo,2025-01-12,171.2598
MII181401,Termini Imerese,2025-01-12,103.1579
MII181407,Terni,2025-01-12,135.3081
MII181417,Tolmezzo,2025-01-12,97.2973
MII181424,Torino,2025-01-12,131.1070
MII181434,Trani,2025-01-12,129.9663
MII181440,Trani femminile,2025-01-12,106.2500
MII181625,Trapani,2025-01-12,105.2314
MII181636,Trento,2025-01-12,84.6890
MII181645,Treviso,2025-01-12,182.5758
MII181661,Trieste,2025-01-12,157.5342
MII181681,Turi,2025-01-12,154.6296
MII181672,Udine,2025-01-12,194.5652
MII181691,Vallo della Lucania,2025-01-12,137.5000
MII181703,Varese,2025-01-12,188.6792
MII181820,Vasto,2025-01-12,63.9456
MII181839,Velletri,2025-01-12,145.1039
MII181847,Venezia Giudecca,2025-01-12,87.5000
MII181863,Venezia Santa Maria Maggiore,2025-01-12,166.8790
MII181870,Verbania,2025-01-12,167.3913
MII181880,Vercelli,2025-01-12,161.4130
MII181891,Verona,2025-01-12,189.3082
MII181908,Vibo Valentia,2025-01-12,101.3405
MII181918,Vicenza,2025-01-12,150.8000
MII181924,Vigevano,2025-01-12,156.1404
MII181934,Viterbo,2025-01-12,174.8148
MII179733,Voghera,2025-01-12,105.5718
MII179876,Volterra,2025-01-12,91.4894
MII158910,Agrigento,2025-01-19,137.2093
MII157783,Alba,2025-01-19,93.8776
MII158919,"Alessandria Cantiello, Gaeta",2025-01-19,97.1429
MII158924,Alessandria San Michele,2025-01-19,140.8397
MII158935,Alghero,2025-01-19,53.2051
MII172277,Altamura,2025-01-19,168.6275
MII158944,Ancona Barcaglione,2025-01-19,90.0000
MII158941,Ancona Montacuto,2025-01-19,128.5156
MII158945,Arbus,2025-01-19,67.4603
MII158948,Arezzo,2025-01-19,173.9130
MII159053,Ariano Irpino,2025-01-19,134.4000
MII159060,Arienzo,2025-01-19,158.6207
MII159065,Ascoli Piceno,2025-01-19,138.2353
MII159069,Asti,2025-01-19,120.7921
MII159314,Augusta,2025-01-19,166.9591
MII172011,Avellino,2025-01-19,119.8276
MII172187,Aversa,2025-01-19,115.8120
MII182440,Avezzano,2025-01-19,137.2549
MII172222,Barcellona Pozzo di Gotto,2025-01-19,69.6246
MII181678,Bari,2025-01-19,168.2540
MII158901,Belluno,2025-01-19,139.0244
MII160204,Benevento,2025-01-19,153.7549
MII172827,Bergamo,2025-01-19,183.9623
MII172332,Biella,2025-01-19,127.1795
MII172344,Bollate,2025-01-19,110.1976
MII172508,Bologna,2025-01-19,177.0355
MII172580,Bolzano,2025-01-19,135.2273
MII172592,Brescia Canton Monbello,2025-01-19,212.6374
MII172610,Brescia Verziano,2025-01-19,162.8571
MII172623,Brindisi,2025-01-19,165.5462
MII172814,Brissogne - Aosta,2025-01-19,77.6471
MII172320,Busto Arsizio,2025-01-19,182.0175
MII172835,Cagliari Uta,2025-01-19,135.2941
MII173006,Caltagirone,2025-01-19,114.8541
MII173063,Caltanissetta,2025-01-19,132.2404
MII173088,Campobasso,2025-01-19,176.0417
MII173101,Carinola,2025-01-19,93.4457
MII173114,Cassino,2025-01-19,158.7786
MII173237,Castelfranco Emilia,2025-01-19,61.0738
MII173259,Castelvetrano,2025-01-19,156.8182
MII173265,Castrovillari,2025-01-19,145.9016
MII173285,Catania Bicocca,2025-01-19,150.3817
MII173301,Catania Piazza Lanza,2025-01-19,151.6129
MII173311,Catanzaro,2025-01-19,99.3691
MII173356,Chiavari,2025-01-19,115.3846
MII173364,Chieti,2025-01-19,172.1519
MII173688,Civitavecchia Giuseppe Passerini,2025-01-19,90.2174
MII172208,Civitavecchia Nuovo Complesso,2025-01-19,172.9904
MII173712,Como,2025-01-19,186.6667
MII173341,Cosenza,2025-01-19,120.0000
MII173747,Cremona,2025-01-19,145.0521
MII173324,Crotone,2025-01-19,130.1075
MII173764,Cuneo,2025-01-19,101.5873
MII173784,Eboli,2025-01-19,96.2963
MII173813,Enna,2025-01-19,134.6154
MII173994,Favignana,2025-01-19,94.3820
MII174501,Fermo,2025-01-19,127.9070
MII174686,Ferrara,2025-01-19,159.0164
MII174825,Firenze Mario Gozzini,2025-01-19,133.7662
MII174720,Firenze Sollicciano,2025-01-19,148.1994
MII176375,Foggia,2025-01-19,209.9678
MII176403,Forlì,2025-01-19,118.3206
MII176414,Fossano,2025-01-19,78.6765
MII176424,Fossombrone,2025-01-19,87.1287
MII176437,Frosinone,2025-01-19,124.0260
MII176451,Gela,2025-01-19,177.0833
MII152284,Genova Marassi,2025-01-19,125.7944
MII176703,Genova Pontedecimo,2025-01-19,165.1163
MII176714,Giarre,2025-01-19,143.1373
MII176719,Gorizia,2025-01-19,145.2830
MII176743,Grosseto,2025-01-19,126.6667
MII176749,Imperia,2025-01-19,141.5094
MII176759,Isernia,2025-01-19,140.9091
MII176771,Isili,2025-01-19,71.0280
MII176781,Ivrea,2025-01-19,142.2460
MII177134,L'Aquila,2025-01-19,77.4775
MII176788,La Spezia,2025-01-19,119.4175
MII177107,Lanciano,2025-01-19,117.4888
MII177118,Lanusei,2025-01-19,100.0000
MII177323,Larino,2025-01-19,124.5763
MII177332,Latina,2025-01-19,172.7273
MII177346,Laureana di Borrello,2025-01-19,121.6216
MII177384,Lauro,2025-01-19,8.0000
MII177420,Lecce,2025-01-19,164.8396
MII177436,Lecco,2025-01-19,150.9434
MII177463,Livorno,2025-01-19,141.1111
MII177498,Livorno Gorgona,2025-01-19,86.5169
MII177996,Locri,2025-01-19,148.8372
MII178027,Lodi,2025-01-19,179.5455
MII178035,Lucca,2025-01-19,207.8947
MII178045,Lucera,2025-01-19,117.7778
MII178072,Mantova,2025-01-19,154.2553
MII178085,Massa,2025-01-19,143.9759
MII178115,Massa Marittima,2025-01-19,91.6667
MII178124,Matera,2025-01-19,141.6000
MII178141,Melfi,2025-01-19,138.0952
MII178148,Messina,2025-01-19,100.0000
MII158895,Milano San Vittore,2025-01-19,211.9149
MII178501,Milano San Vittore femminile,2025-01-19,188.8889
MII178638,Modena,2025-01-19,153.9295
MII178659,Monza,2025-01-19,177.0936
MII178666,Napoli Poggioreale,2025-01-19,151.7673
MII178672,Napoli Secondigliano,2025-01-19,136.1034
MII178681,Noto,2025-01-19,84.6591
MII178700,Novara,2025-01-19,107.6923
MII179224,Nuoro,2025-01-19,72.5275
MII178003,Onanì,2025-01-19,70.0000
MII179237,Opera,2025-01-19,145.1111
MII179274,Oristano,2025-01-19,85.7692
MII179280,Orvieto,2025-01-19,121.4286
MII179290,Padova,2025-01-19,126.2032
MII179299,Padova Nuovo Complesso,2025-01-19,148.2667
MII179306,Palermo Pagliarelli,2025-01-19,124.5675
MII179324,Palermo Ucciardone,2025-01-19,100.5607
MII179331,Paliano,2025-01-19,42.1053
MII179342,Palmi,2025-01-19,119.8582
MII179353,Paola,2025-01-19,120.1299
MII179364,Parma,2025-01-19,120.1626
MII182910,Pavia,2025-01-19,131.2992
MII179781,Perugia,2025-01-19,150.0000
MII179818,Pesaro,2025-01-19,156.7742
MII179830,Pescara,2025-01-19,164.7059
MII179842,Piacenza,2025-01-19,126.0442
MII179856,Piazza Armerina,2025-01-19,147.9167
MII182919,Pisa,2025-01-19,151.9553
MII179896,Pistoia,2025-01-19,86.1111
MII179913,Pordenone,2025-01-19,143.2432
MII179932,Porto Azzurro,2025-01-19,108.2508
MII179938,Potenza,2025-01-19,163.9344
MII179958,Prato,2025-01-19,108.3761
MII179965,Ragusa,2025-01-19,111.4754
MII179981,Ravenna,2025-01-19,179.5918
MII179988,Reggio Calabria Arghillà,2025-01-19,123.4266
MII179995,Reggio Calabria Giuseppe Panzera,2025-01-19,123.6364
MII182339,Reggio Emilia,2025-01-19,125.6410
MII169535,Rieti,2025-01-19,180.2768
MII180001,Rimini,2025-01-19,117.7966
MII180380,Roma Rebibbia,2025-01-19,96.2838
MII180348,Roma Rebibbia femminile,2025-01-19,146.7925
MII180356,Roma Rebibbia IIIª casa,2025-01-19,60.6061
MII180370,Roma Rebibbia Nuovo Complesso,2025-01-19,146.8307
MII180401,Roma Regina Coeli,2025-01-19,182.6316
MII180415,Rossano,2025-01-19,116.3498
MII180424,Rovigo,2025-01-19,121.2560
MII180426,Salerno,2025-01-19,151.0695
MII180437,Saluzzo,2025-01-19,83.7264
MII180451,San Cataldo,2025-01-19,85.8209
MII180458,San Gimignano,2025-01-19,137.6682
MII180476,San Severo,2025-01-19,142.6230
MII180465,Sanremo,2025-01-19,121.7195
MII181079,Sant'Angelo dei Lombardi,2025-01-19,152.9915
MII180487,Santa Maria Capua Vetere,2025-01-19,134.9582
MII181091,Sassari,2025-01-19,120.0883
MII181109,Sciacca,2025-01-19,105.0000
MII181115,Siena,2025-01-19,129.3103
MII181125,Siracusa,2025-01-19,123.1193
MII181346,Sondrio,2025-01-19,157.6923
MII181358,Spoleto,2025-01-19,95.6140
MII181371,Sulmona,2025-01-19,86.4971
MII181377,Taranto,2025-01-19,193.3884
MII181385,Tempio Pausania,2025-01-19,95.8824
MII181392,Teramo,2025-01-19,171.0317
MII181401,Termini Imerese,2025-01-19,111.9565
MII181407,Terni,2025-01-19,135.3081
MII181417,Tolmezzo,2025-01-19,99.3243
MII181424,Torino,2025-01-19,132.0513
MII181434,Trani,2025-01-19,130.6397
MII181440,Trani femminile,2025-01-19,103.1250
MII181625,Trapani,2025-01-19,102.8169
MII181636,Trento,2025-01-19,83.4928
MII181645,Treviso,2025-01-19,181.0606
MII181661,Trieste,2025-01-19,173.3333
MII181681,Turi,2025-01-19,153.7037
MII181672,Udine,2025-01-19,192.3913
MII181691,Vallo della Lucania,2025-01-19,142.5000
MII181703,Varese,2025-01-19,192.4528
MII181820,Vasto,2025-01-19,61.9048
MII181839,Velletri,2025-01-19,143.9169
MII181847,Venezia Giudecca,2025-01-19,91.0714
MII181863,Venezia Santa Maria Maggiore,2025-01-19,169.4268
MII181870,Verbania,2025-01-19,176.0870
MII181880,Vercelli,2025-01-19,163.9344
MII181891,Verona,2025-01-19,186.7925
MII181908,Vibo Valentia,2025-01-19,100.8065
MII181918,Vicenza,2025-01-19,148.2072
MII181924,Vigevano,2025-01-19,157.8947
MII181934,Viterbo,2025-01-19,175.0617
MII179733,Voghera,2025-01-19,104.9853
MII179876,Volterra,2025-01-19,95.2128
MII158910,Agrigento,2025-01-26,136.8217
MII157783,Alba,2025-01-26,89.7959
MII158919,"Alessandria Cantiello, Gaeta",2025-01-26,95.7143
MII158924,Alessandria San Michele,2025-01-26,139.6947
MII158935,Alghero,2025-01-26,53.2051
MII172277,Altamura,2025-01-26,164.7059
MII158944,Ancona Barcaglione,2025-01-26,95.0000
MII158941,Ancona Montacuto,2025-01-26,128.9063
MII158945,Arbus,2025-01-26,67.4603
MII158948,Arezzo,2025-01-26,169.5652
MII159053,Ariano Irpino,2025-01-26,133.6000
MII159060,Arienzo,2025-01-26,155.1724
MII159065,Ascoli Piceno,2025-01-26,138.2353
MII159069,Asti,2025-01-26,122.6131
MII159314,Augusta,2025-01-26,166.9591
MII172011,Avellino,2025-01-26,119.3966
MII172187,Aversa,2025-01-26,115.3846
MII182440,Avezzano,2025-01-26,139.2157
MII172222,Barcellona Pozzo di Gotto,2025-01-26,68.6207
MII181678,Bari,2025-01-26,170.5179
MII158901,Belluno,2025-01-26,139.0244
MII160204,Benevento,2025-01-26,155.7312
MII172827,Bergamo,2025-01-26,179.8742
MII172332,Biella,2025-01-26,130.0000
MII172344,Bollate,2025-01-26,109.8024
MII172508,Bologna,2025-01-26,175.7764
MII172580,Bolzano,2025-01-26,135.2273
MII172592,Brescia Canton Monbello,2025-01-26,206.0440
MII172610,Brescia Verziano,2025-01-26,162.8571
MII172623,Brindisi,2025-01-26,167.2269
MII172814,Brissogne - Aosta,2025-01-26,78.4884
MII172320,Busto Arsizio,2025-01-26,183.3333
MII172835,Cagliari Uta,2025-01-26,134.4029
MII173006,Caltagirone,2025-01-26,115.6499
MII173063,Caltanissetta,2025-01-26,134.4262
MII173088,Campobasso,2025-01-26,173.9583
MII173101,Carinola,2025-01-26,92.6966
MII173114,Cassino,2025-01-26,163.3588
MII173237,Castelfranco Emilia,2025-01-26,61.0738
MII173259,Castelvetrano,2025-01-26,150.0000
MII173265,Castrovillari,2025-01-26,145.0820
MII173285,Catania Bicocca,2025-01-26,148.8550
MII173301,Catania Piazza Lanza,2025-01-26,155.5556
MII173311,Catanzaro,2025-01-26,98.8942
MII173356,Chiavari,2025-01-26,117.3077
MII173364,Chieti,2025-01-26,183.5443
MII173688,Civitavecchia Giuseppe Passerini,2025-01-26,90.2174
MII172208,Civitavecchia Nuovo Complesso,2025-01-26,172.3473
MII173712,Como,2025-01-26,188.0000
MII173341,Cosenza,2025-01-26,119.5349
MII173747,Cremona,2025-01-26,146.3542
MII173324,Crotone,2025-01-26,134.4086
MII173764,Cuneo,2025-01-26,101.5831
MII173784,Eboli,2025-01-26,96.2963
MII173813,Enna,2025-01-26,132.6923
MII173994,Favignana,2025-01-26,95.5056
MII174501,Fermo,2025-01-26,134.8837
MII174686,Ferrara,2025-01-26,157.3770
MII174825,Firenze Mario Gozzini,2025-01-26,129.8701
MII174720,Firenze Sollicciano,2025-01-26,147.0914
MII176375,Foggia,2025-01-26,211.5756
MII176403,Forlì,2025-01-26,119.6970
MII176414,Fossano,2025-01-26,82.3529
MII176424,Fossombrone,2025-01-26,88.1188
MII176437,Frosinone,2025-01-26,123.2759
MII176451,Gela,2025-01-26,172.9167
MII152284,Genova Marassi,2025-01-26,128.7850
MII176703,Genova Pontedecimo,2025-01-26,173.2558
MII176714,Giarre,2025-01-26,145.0980
MII176719,Gorizia,2025-01-26,154.7170
MII176743,Grosseto,2025-01-26,140.0000
MII176749,Imperia,2025-01-26,147.1698
MII176759,Isernia,2025-01-26,134.0909
MII176771,Isili,2025-01-26,70.0935
MII176781,Ivrea,2025-01-26,143.8503
MII177134,L'Aquila,2025-01-26,78.3784
MII176788,La Spezia,2025-01-26,122.3301
MII177107,Lanciano,2025-01-26,119.2825
MII177118,Lanusei,2025-01-26,103.0303
MII177323,Larino,2025-01-26,129.6610
MII177332,Latina,2025-01-26,170.1299
MII177346,Laureana di Borrello,2025-01-26,116.2162
MII177384,Lauro,2025-01-26,6.0000
MII177420,Lecce,2025-01-26,164.0374
MII177436,Lecco,2025-01-26,150.9434
MII177463,Livorno,2025-01-26,138.8889
MII177498,Livorno Gorgona,2025-01-26,94.3820
MII177996,Locri,2025-01-26,150.0000
MII178027,Lodi,2025-01-26,193.0233
MII178035,Lucca,2025-01-26,223.6842
MII178045,Lucera,2025-01-26,117.7778
MII178072,Mantova,2025-01-26,157.4468
MII178085,Massa,2025-01-26,145.7831
MII178115,Massa Marittima,2025-01-26,93.7500
MII178124,Matera,2025-01-26,140.0000
MII178141,Melfi,2025-01-26,113.4921
MII178148,Messina,2025-01-26,103.2710
MII158895,Milano San Vittore,2025-01-26,209.7872
MII178501,Milano San Vittore femminile,2025-01-26,191.1111
MII178638,Modena,2025-01-26,157.7236
MII178659,Monza,2025-01-26,178.8177
MII178666,Napoli Poggioreale,2025-01-26,151.4728
MII178672,Napoli Secondigliano,2025-01-26,136.1111
MII178681,Noto,2025-01-26,82.9545
MII178700,Novara,2025-01-26,109.6154
MII179224,Nuoro,2025-01-26,73.6264
MII178003,Onanì,2025-01-26,70.0000
MII179237,Opera,2025-01-26,145.3333
MII179274,Oristano,2025-01-26,84.6154
MII179280,Orvieto,2025-01-26,125.5102
MII179290,Padova,2025-01-26,127.3224
MII179299,Padova Nuovo Complesso,2025-01-26,148.8000
MII179306,Palermo Pagliarelli,2025-01-26,123.9619
MII179324,Palermo Ucciardone,2025-01-26,101.8692
MII179331,Paliano,2025-01-26,41.4474
MII179342,Palmi,2025-01-26,123.4043
MII179353,Paola,2025-01-26,117.5325
MII179364,Parma,2025-01-26,121.4286
MII182910,Pavia,2025-01-26,135.5102
MII179781,Perugia,2025-01-26,148.3766
MII179818,Pesaro,2025-01-26,159.3548
MII179830,Pescara,2025-01-26,164.7059
MII179842,Piacenza,2025-01-26,125.7985
MII179856,Piazza Armerina,2025-01-26,147.9167
MII182919,Pisa,2025-01-26,150.8380
MII179896,Pistoia,2025-01-26,90.2778
MII179913,Pordenone,2025-01-26,140.5405
MII179932,Porto Azzurro,2025-01-26,106.2706
MII179938,Potenza,2025-01-26,152.4590
MII179958,Prato,2025-01-26,108.8889
MII179965,Ragusa,2025-01-26,108.1967
MII179981,Ravenna,2025-01-26,171.4286
MII179988,Reggio Calabria Arghillà,2025-01-26,123.7762
MII179995,Reggio Calabria Giuseppe Panzera,2025-01-26,124.2424
MII182339,Reggio Emilia,2025-01-26,128.3262
MII169535,Rieti,2025-01-26,177.1626
MII180001,Rimini,2025-01-26,116.1017
MII180380,Roma Rebibbia,2025-01-26,95.9459
MII180348,Roma Rebibbia femminile,2025-01-26,146.4151
MII180356,Roma Rebibbia IIIª casa,2025-01-26,59.8485
MII180370,Roma Rebibbia Nuovo Complesso,2025-01-26,144.9385
MII180401,Roma Regina Coeli,2025-01-26,182.9825
MII180415,Rossano,2025-01-26,116.3498
MII180424,Rovigo,2025-01-26,121.2560
MII180426,Salerno,2025-01-26,153.6193
MII180437,Saluzzo,2025-01-26,83.7264
MII180451,San Cataldo,2025-01-26,88.1481
MII180458,San Gimignano,2025-01-26,135.8744
MII180476,San Severo,2025-01-26,144.2623
MII180465,Sanremo,2025-01-26,120.3620
MII181079,Sant'Angelo dei Lombardi,2025-01-26,151.2821
MII180487,Santa Maria Capua Vetere,2025-01-26,137.8830
MII181091,Sassari,2025-01-26,120.9713
MII181109,Sciacca,2025-01-26,95.0000
MII181115,Siena,2025-01-26,124.1379
MII181125,Siracusa,2025-01-26,124.5872
MII181346,Sondrio,2025-01-26,161.5385
MII181358,Spoleto,2025-01-26,98.4270
MII181371,Sulmona,2025-01-26,86.6928
MII181377,Taranto,2025-01-26,197.9253
MII181385,Tempio Pausania,2025-01-26,95.8824
MII181392,Teramo,2025-01-26,172.6190
MII181401,Termini Imerese,2025-01-26,103.2609
MII181407,Terni,2025-01-26,136.2559
MII181417,Tolmezzo,2025-01-26,101.3514
MII181424,Torino,2025-01-26,131.9927
MII181434,Trani,2025-01-26,130.3030
MII181440,Trani femminile,2025-01-26,100.0000
MII181625,Trapani,2025-01-26,103.0181
MII181636,Trento,2025-01-26,82.0574
MII181645,Treviso,2025-01-26,184.0909
MII181661,Trieste,2025-01-26,168.8889
MII181681,Turi,2025-01-26,160.1852
MII181672,Udine,2025-01-26,194.6809
MII181691,Vallo della Lucania,2025-01-26,137.5000
MII181703,Varese,2025-01-26,188.6792
MII181820,Vasto,2025-01-26,63.2653
MII181839,Velletri,2025-01-26,145.4006
MII181847,Venezia Giudecca,2025-01-26,91.9643
MII181863,Venezia Santa Maria Maggiore,2025-01-26,168.7898
MII181870,Verbania,2025-01-26,169.5652
MII181880,Vercelli,2025-01-26,159.5628
MII181891,Verona,2025-01-26,184.9057
MII181908,Vibo Valentia,2025-01-26,94.0299
MII181918,Vicenza,2025-01-26,142.5287
MII181924,Vigevano,2025-01-26,160.1770
MII181934,Viterbo,2025-01-26,175.5556
MII179733,Voghera,2025-01-26,104.1056
MII179876,Volterra,2025-01-26,95.2128
MII158910,Agrigento,2025-02-02,139.5349
MII157783,Alba,2025-02-02,87.7551
MII158919,"Alessandria Cantiello, Gaeta",2025-02-02,95.2381
MII158924,Alessandria San Michele,2025-02-02,140.0763
MII158935,Alghero,2025-02-02,53.2051
MII172277,Altamura,2025-02-02,162.7451
MII158944,Ancona Barcaglione,2025-02-02,94.0000
MII158941,Ancona Montacuto,2025-02-02,127.7344
MII158945,Arbus,2025-02-02,65.8730
MII158948,Arezzo,2025-02-02,165.2174
MII159053,Ariano Irpino,2025-02-02,135.2000
MII159060,Arienzo,2025-02-02,151.7241
MII159065,Ascoli Piceno,2025-02-02,141.1765
MII159069,Asti,2025-02-02,119.0955
MII159314,Augusta,2025-02-02,169.2982
MII172011,Avellino,2025-02-02,121.1207
MII172187,Aversa,2025-02-02,113.6752
MII182440,Avezzano,2025-02-02,135.2941
MII172222,Barcellona Pozzo di Gotto,2025-02-02,70.0000
MII181678,Bari,2025-02-02,170.1195
MII158901,Belluno,2025-02-02,142.6829
MII160204,Benevento,2025-02-02,157.3123
MII172827,Bergamo,2025-02-02,181.4465
MII172332,Biella,2025-02-02,126.8542
MII172344,Bollate,2025-02-02,109.6443
MII172508,Bologna,2025-02-02,174.7412
MII172580,Bolzano,2025-02-02,137.5000
MII172592,Brescia Canton Monbello,2025-02-02,203.8462
MII172610,Brescia Verziano,2025-02-02,154.2857
MII172623,Brindisi,2025-02-02,173.9496
MII172814,Brissogne - Aosta,2025-02-02,80.9524
MII172320,Busto Arsizio,2025-02-02,184.2105
MII172835,Cagliari Uta,2025-02-02,134.7594
MII173006,Caltagirone,2025-02-02,115.1194
MII173063,Caltanissetta,2025-02-02,131.6940
MII173088,Campobasso,2025-02-02,180.2083
MII173101,Carinola,2025-02-02,91.0112
MII173114,Cassino,2025-02-02,157.2519
MII173237,Castelfranco Emilia,2025-02-02,59.0604
MII173259,Castelvetrano,2025-02-02,150.0000
MII173265,Castrovillari,2025-02-02,150.0000
MII173285,Catania Bicocca,2025-02-02,146.5649
MII173301,Catania Piazza Lanza,2025-02-02,153.7634
MII173311,Catanzaro,2025-02-02,98.7362
MII173356,Chiavari,2025-02-02,117.3077
MII173364,Chieti,2025-02-02,181.0127
MII173688,Civitavecchia Giuseppe Passerini,2025-02-02,86.9565
MII172208,Civitavecchia Nuovo Complesso,2025-02-02,172.0257
MII173712,Como,2025-02-02,189.3333
MII173341,Cosenza,2025-02-02,116.0550
MII173747,Cremona,2025-02-02,146.8750
MII173324,Crotone,2025-02-02,133.3333
MII173764,Cuneo,2025-02-02,101.8470
MII173784,Eboli,2025-02-02,96.2963
MII173813,Enna,2025-02-02,130.1282
MII173994,Favignana,2025-02-02,95.5056
MII174501,Fermo,2025-02-02,137.2093
MII174686,Ferrara,2025-02-02,160.2459
MII174825,Firenze Mario Gozzini,2025-02-02,136.3636
MII174720,Firenze Sollicciano,2025-02-02,148.1994
MII176375,Foggia,2025-02-02,211.2540
MII176403,Forlì,2025-02-02,124.2424
MII176414,Fossano,2025-02-02,82.3529
MII176424,Fossombrone,2025-02-02,88.1188
MII176437,Frosinone,2025-02-02,117.3824
MII176451,Gela,2025-02-02,166.6667
MII152284,Genova Marassi,2025-02-02,128.9720
MII176703,Genova Pontedecimo,2025-02-02,173.2558
MII176714,Giarre,2025-02-02,141.1765
MII176719,Gorizia,2025-02-02,145.2830
MII176743,Grosseto,2025-02-02,160.0000
MII176749,Imperia,2025-02-02,156.6038
MII176759,Isernia,2025-02-02,150.0000
MII176771,Isili,2025-02-02,69.1589
MII176781,Ivrea,2025-02-02,144.3850
MII177134,L'Aquila,2025-02-02,77.4775
MII176788,La Spezia,2025-02-02,122.3301
MII177107,Lanciano,2025-02-02,119.2825
MII177118,Lanusei,2025-02-02,100.0000
MII177323,Larino,2025-02-02,133.0508
MII177332,Latina,2025-02-02,175.3247
MII177346,Laureana di Borrello,2025-02-02,113.5135
MII177384,Lauro,2025-02-02,6.0000
MII177420,Lecce,2025-02-02,168.1392
MII177436,Lecco,2025-02-02,152.8302
MII177463,Livorno,2025-02-02,136.1111
MII177498,Livorno Gorgona,2025-02-02,97.7528
MII177996,Locri,2025-02-02,143.0233
MII178027,Lodi,2025-02-02,195.3488
MII178035,Lucca,2025-02-02,205.2632
MII178045,Lucera,2025-02-02,117.7778
MII178072,Mantova,2025-02-02,152.1277
MII178085,Massa,2025-02-02,143.9759
MII178115,Massa Marittima,2025-02-02,89.5833
MII178124,Matera,2025-02-02,148.8000
MII178141,Melfi,2025-02-02,97.6190
MII178148,Messina,2025-02-02,101.8519
MII158895,Milano San Vittore,2025-02-02,212.7660
MII178501,Milano San Vittore femminile,2025-02-02,180.0000
MII178638,Modena,2025-02-02,155.0136
MII178659,Monza,2025-02-02,177.5862
MII178666,Napoli Poggioreale,2025-02-02,153.0928
MII178672,Napoli Secondigliano,2025-02-02,135.7407
MII178681,Noto,2025-02-02,82.9545
MII178700,Novara,2025-02-02,107.0513
MII179224,Nuoro,2025-02-02,73.6264
MII178003,Onanì,2025-02-02,70.5882
MII179237,Opera,2025-02-02,145.3333
MII179274,Oristano,2025-02-02,84.3511
MII179280,Orvieto,2025-02-02,124.4898
MII179290,Padova,2025-02-02,128.8770
MII179299,Padova Nuovo Complesso,2025-02-02,149.8667
MII179306,Palermo Pagliarelli,2025-02-02,121.1073
MII179324,Palermo Ucciardone,2025-02-02,111.7757
MII179331,Paliano,2025-02-02,41.4474
MII179342,Palmi,2025-02-02,122.6950
MII179353,Paola,2025-02-02,117.5325
MII179364,Parma,2025-02-02,121.9512
MII182910,Pavia,2025-02-02,134.4898
MII179781,Perugia,2025-02-02,147.7273
MII179818,Pesaro,2025-02-02,158.0645
MII179830,Pescara,2025-02-02,164.3382
MII179842,Piacenza,2025-02-02,125.3695
MII179856,Piazza Armerina,2025-02-02,150.0000
MII182919,Pisa,2025-02-02,153.6313
MII179896,Pistoia,2025-02-02,88.0000
MII179913,Pordenone,2025-02-02,143.2432
MII179932,Porto Azzurro,2025-02-02,108.2508
MII179938,Potenza,2025-02-02,150.8197
MII179958,Prato,2025-02-02,108.8435
MII179965,Ragusa,2025-02-02,110.3825
MII179981,Ravenna,2025-02-02,169.3878
MII179988,Reggio Calabria Arghillà,2025-02-02,124.1259
MII179995,Reggio Calabria Giuseppe Panzera,2025-02-02,123.6364
MII182339,Reggio Emilia,2025-02-02,129.1845
MII169535,Rieti,2025-02-02,175.4325
MII180001,Rimini,2025-02-02,122.8814
MII180380,Roma Rebibbia,2025-02-02,95.9459
MII180348,Roma Rebibbia femminile,2025-02-02,143.7736
MII180356,Roma Rebibbia IIIª casa,2025-02-02,59.0909
MII180370,Roma Rebibbia Nuovo Complesso,2025-02-02,144.7493
MII180401,Roma Regina Coeli,2025-02-02,185.9649
MII180415,Rossano,2025-02-02,116.3498
MII180424,Rovigo,2025-02-02,121.7391
MII180426,Salerno,2025-02-02,152.6596
MII180437,Saluzzo,2025-02-02,84.6698
MII180451,San Cataldo,2025-02-02,85.9259
MII180458,San Gimignano,2025-02-02,134.0807
MII180476,San Severo,2025-02-02,147.5410
MII180465,Sanremo,2025-02-02,119.9095
MII181079,Sant'Angelo dei Lombardi,2025-02-02,151.2821
MII180487,Santa Maria Capua Vetere,2025-02-02,138.5794
MII181091,Sassari,2025-02-02,119.6468
MII181109,Sciacca,2025-02-02,95.0000
MII181115,Siena,2025-02-02,129.3103
MII181125,Siracusa,2025-02-02,123.8532
MII181346,Sondrio,2025-02-02,173.0769
MII181358,Spoleto,2025-02-02,98.4270
MII181371,Sulmona,2025-02-02,89.0411
MII181377,Taranto,2025-02-02,197.9253
MII181385,Tempio Pausania,2025-02-02,95.2941
MII181392,Teramo,2025-02-02,171.4286
MII181401,Termini Imerese,2025-02-02,98.9474
MII181407,Terni,2025-02-02,136.0190
MII181417,Tolmezzo,2025-02-02,102.7027
MII181424,Torino,2025-02-02,131.5018
MII181434,Trani,2025-02-02,127.6094
MII181440,Trani femminile,2025-02-02,103.1250
MII181625,Trapani,2025-02-02,104.0241
MII181636,Trento,2025-02-02,82.5359
MII181645,Treviso,2025-02-02,182.5758
MII181661,Trieste,2025-02-02,175.5556
MII181681,Turi,2025-02-02,158.3333
MII181672,Udine,2025-02-02,188.2979
MII181691,Vallo della Lucania,2025-02-02,132.5000
MII181703,Varese,2025-02-02,186.7925
MII181820,Vasto,2025-02-02,62.5850
MII181839,Velletri,2025-02-02,147.1810
MII181847,Venezia Giudecca,2025-02-02,95.5357
MII181863,Venezia Santa Maria Maggiore,2025-02-02,168.3544
MII181870,Verbania,2025-02-02,176.0870
MII181880,Vercelli,2025-02-02,161.7486
MII181891,Verona,2025-02-02,185.8491
MII181908,Vibo Valentia,2025-02-02,98.7179
MII181918,Vicenza,2025-02-02,144.0613
MII181924,Vigevano,2025-02-02,158.8496
MII181934,Viterbo,2025-02-02,176.0494
MII179733,Voghera,2025-02-02,104.1056
MII179876,Volterra,2025-02-02,93.6170
MII158910,Agrigento,2025-02-09,138.7597
MII157783,Alba,2025-02-09,87.7551
MII158919,"Alessandria Cantiello, Gaeta",2025-02-09,84.4828
MII158924,Alessandria San Michele,2025-02-09,140.7692
MII158935,Alghero,2025-02-09,52.5641
MII172277,Altamura,2025-02-09,164.7059
MII158944,Ancona Barcaglione,2025-02-09,90.0000
MII158941,Ancona Montacuto,2025-02-09,130.8594
MII158945,Arbus,2025-02-09,63.4921
MII158948,Arezzo,2025-02-09,165.2174
MII159053,Ariano Irpino,2025-02-09,134.0000
MII159060,Arienzo,2025-02-09,151.7241
MII159065,Ascoli Piceno,2025-02-09,138.2353
MII159069,Asti,2025-02-09,119.5980
MII159314,Augusta,2025-02-09,169.0058
MII172011,Avellino,2025-02-09,120.5184
MII172187,Aversa,2025-02-09,114.1026
MII182440,Avezzano,2025-02-09,140.8163
MII172222,Barcellona Pozzo di Gotto,2025-02-09,71.7314
MII181678,Bari,2025-02-09,168.1102
MII158901,Belluno,2025-02-09,137.8049
MII160204,Benevento,2025-02-09,154.5455
MII172827,Bergamo,2025-02-09,180.5031
MII172332,Biella,2025-02-09,128.4615
MII172344,Bollate,2025-02-09,108.6098
MII172508,Bologna,2025-02-09,176.8116
MII172580,Bolzano,2025-02-09,135.2273
MII172592,Brescia Canton Monbello,2025-02-09,202.7473
MII172610,Brescia Verziano,2025-02-09,152.8571
MII172623,Brindisi,2025-02-09,168.9076
MII172814,Brissogne - Aosta,2025-02-09,79.2899
MII172320,Busto Arsizio,2025-02-09,185.5263
MII172835,Cagliari Uta,2025-02-09,134.0463
MII173006,Caltagirone,2025-02-09,114.3236
MII173063,Caltanissetta,2025-02-09,132.7869
MII173088,Campobasso,2025-02-09,175.0000
MII173101,Carinola,2025-02-09,90.0749
MII173114,Cassino,2025-02-09,158.0153
MII173237,Castelfranco Emilia,2025-02-09,57.7181
MII173259,Castelvetrano,2025-02-09,143.1818
MII173265,Castrovillari,2025-02-09,144.2623
MII173285,Catania Bicocca,2025-02-09,141.9847
MII173301,Catania Piazza Lanza,2025-02-09,157.7061
MII173311,Catanzaro,2025-02-09,97.1743
MII173356,Chiavari,2025-02-09,117.3077
MII173364,Chieti,2025-02-09,179.7468
MII173688,Civitavecchia Giuseppe Passerini,2025-02-09,91.3043
MII172208,Civitavecchia Nuovo Complesso,2025-02-09,174.5981
MII173712,Como,2025-02-09,190.6667
MII173341,Cosenza,2025-02-09,116.9725
MII173747,Cremona,2025-02-09,142.7083
MII173324,Crotone,2025-02-09,137.6344
MII173764,Cuneo,2025-02-09,101.0582
MII173784,Eboli,2025-02-09,94.4444
MII173813,Enna,2025-02-09,129.4872
MII173994,Favignana,2025-02-09,94.3820
MII174501,Fermo,2025-02-09,125.5814
MII174686,Ferrara,2025-02-09,162.7049
MII174825,Firenze Mario Gozzini,2025-02-09,135.0649
MII174720,Firenze Sollicciano,2025-02-09,149.0305
MII176375,Foggia,2025-02-09,209.3248
MII176403,Forlì,2025-02-09,118.1818
MII176414,Fossano,2025-02-09,83.0882
MII176424,Fossombrone,2025-02-09,89.1089
MII176437,Frosinone,2025-02-09,118.4049
MII176451,Gela,2025-02-09,164.5833
MII152284,Genova Marassi,2025-02-09,131.0280
MII176703,Genova Pontedecimo,2025-02-09,172.0930
MII176714,Giarre,2025-02-09,143.1373
MII176719,Gorizia,2025-02-09,149.0566
MII176743,Grosseto,2025-02-09,160.0000
MII176749,Imperia,2025-02-09,145.2830
MII176759,Isernia,2025-02-09,145.4545
MII176771,Isili,2025-02-09,67.2897
MII176781,Ivrea,2025-02-09,145.4545
MII177134,L'Aquila,2025-02-09,76.5766
MII176788,La Spezia,2025-02-09,124.2718
MII177107,Lanciano,2025-02-09,119.2825
MII177118,Lanusei,2025-02-09,100.0000
MII177323,Larino,2025-02-09,127.1186
MII177332,Latina,2025-02-09,172.7273
MII177346,Laureana di Borrello,2025-02-09,118.9189
MII177384,Lauro,2025-02-09,6.0000
MII177420,Lecce,2025-02-09,167.3360
MII177436,Lecco,2025-02-09,154.7170
MII177463,Livorno,2025-02-09,136.1111
MII177498,Livorno Gorgona,2025-02-09,92.1348
MII177996,Locri,2025-02-09,136.0465
MII178027,Lodi,2025-02-09,200.0000
MII178035,Lucca,2025-02-09,205.2632
MII178045,Lucera,2025-02-09,118.5185
MII178072,Mantova,2025-02-09,155.3191
MII178085,Massa,2025-02-09,144.5783
MII178115,Massa Marittima,2025-02-09,89.5833
MII178124,Matera,2025-02-09,150.4000
MII178141,Melfi,2025-02-09,91.2698
MII178148,Messina,2025-02-09,99.5370
MII158895,Milano San Vittore,2025-02-09,212.7660
MII178501,Milano San Vittore femminile,2025-02-09,182.2222
MII178638,Modena,2025-02-09,151.4905
MII178659,Monza,2025-02-09,175.1220
MII178666,Napoli Poggioreale,2025-02-09,154.1973
MII178672,Napoli Secondigliano,2025-02-09,135.7407
MII178681,Noto,2025-02-09,83.5227
MII178700,Novara,2025-02-09,107.6923
MII179224,Nuoro,2025-02-09,73.6264
MII178003,Onanì,2025-02-09,71.7647
MII179237,Opera,2025-02-09,146.0000
MII179274,Oristano,2025-02-09,84.3511
MII179280,Orvieto,2025-02-09,122.4490
MII179290,Padova,2025-02-09,125.6684
MII179299,Padova Nuovo Complesso,2025-02-09,150.9333
MII179306,Palermo Pagliarelli,2025-02-09,126.5269
MII179324,Palermo Ucciardone,2025-02-09,111.5888
MII179331,Paliano,2025-02-09,41.4474
MII179342,Palmi,2025-02-09,119.8582
MII179353,Paola,2025-02-09,116.8831
MII179364,Parma,2025-02-09,120.0000
MII182910,Pavia,2025-02-09,135.3061
MII179781,Perugia,2025-02-09,147.3856
MII179818,Pesaro,2025-02-09,159.3548
MII179830,Pescara,2025-02-09,162.8676
MII179842,Piacenza,2025-02-09,123.2446
MII179856,Piazza Armerina,2025-02-09,147.9167
MII182919,Pisa,2025-02-09,151.3966
MII179896,Pistoia,2025-02-09,88.0000
MII179913,Pordenone,2025-02-09,145.9459
MII179932,Porto Azzurro,2025-02-09,107.9208
MII179938,Potenza,2025-02-09,155.7377
MII179958,Prato,2025-02-09,109.6939
MII179965,Ragusa,2025-02-09,108.7432
MII179981,Ravenna,2025-02-09,165.3061
MII179988,Reggio Calabria Arghillà,2025-02-09,125.5245
MII179995,Reggio Calabria Giuseppe Panzera,2025-02-09,121.8182
MII182339,Reggio Emilia,2025-02-09,128.6325
MII169535,Rieti,2025-02-09,175.4325
MII180001,Rimini,2025-02-09,129.6610
MII180380,Roma Rebibbia,2025-02-09,97.6351
MII180348,Roma Rebibbia femminile,2025-02-09,146.4151
MII180356,Roma Rebibbia IIIª casa,2025-02-09,58.3333
MII180370,Roma Rebibbia Nuovo Complesso,2025-02-09,145.6954
MII180401,Roma Regina Coeli,2025-02-09,185.0877
MII180415,Rossano,2025-02-09,119.0114
MII180424,Rovigo,2025-02-09,120.7729
MII180426,Salerno,2025-02-09,155.5851
MII180437,Saluzzo,2025-02-09,84.6698
MII180451,San Cataldo,2025-02-09,85.9259
MII180458,San Gimignano,2025-02-09,136.3229
MII180476,San Severo,2025-02-09,140.9836
MII180465,Sanremo,2025-02-09,117.4888
MII181079,Sant'Angelo dei Lombardi,2025-02-09,149.5726
MII180487,Santa Maria Capua Vetere,2025-02-09,137.4652
MII181091,Sassari,2025-02-09,119.6468
MII181109,Sciacca,2025-02-09,100.0000
MII181115,Siena,2025-02-09,125.8621
MII181125,Siracusa,2025-02-09,124.4037
MII181346,Sondrio,2025-02-09,175.0000
MII181358,Spoleto,2025-02-09,100.4494
MII181371,Sulmona,2025-02-09,86.8885
MII181377,Taranto,2025-02-09,199.1701
MII181385,Tempio Pausania,2025-02-09,95.8824
MII181392,Teramo,2025-02-09,169.9605
MII181401,Termini Imerese,2025-02-09,101.0526
MII181407,Terni,2025-02-09,136.2559
MII181417,Tolmezzo,2025-02-09,104.0541
MII181424,Torino,2025-02-09,132.0841
MII181434,Trani,2025-02-09,128.9562
MII181440,Trani femminile,2025-02-09,100.0000
MII181625,Trapani,2025-02-09,104.2254
MII181636,Trento,2025-02-09,84.6890
MII181645,Treviso,2025-02-09,181.8182
MII181661,Trieste,2025-02-09,181.9549
MII181681,Turi,2025-02-09,153.7037
MII181672,Udine,2025-02-09,185.1064
MII181691,Vallo della Lucania,2025-02-09,132.5000
MII181703,Varese,2025-02-09,192.4528
MII181820,Vasto,2025-02-09,63.2653
MII181839,Velletri,2025-02-09,148.3680
MII181847,Venezia Giudecca,2025-02-09,94.6429
MII181863,Venezia Santa Maria Maggiore,2025-02-09,167.9245
MII181870,Verbania,2025-02-09,165.3061
MII181880,Vercelli,2025-02-09,166.1202
MII181891,Verona,2025-02-09,185.8491
MII181908,Vibo Valentia,2025-02-09,96.9543
MII181918,Vicenza,2025-02-09,140.4580
MII181924,Vigevano,2025-02-09,161.9469
MII181934,Viterbo,2025-02-09,177.5309
MII179733,Voghera,2025-02-09,102.9326
MII179876,Volterra,2025-02-09,94.1489
MII158910,Agrigento,2025-02-10,139.5349
MII157783,Alba,2025-02-10,87.7551
MII158919,"Alessandria Cantiello, Gaeta",2025-02-10,84.9138
MII158924,Alessandria San Michele,2025-02-10,141.1538
MII158935,Alghero,2025-02-10,52.5641
MII172277,Altamura,2025-02-10,164.7059
MII158944,Ancona Barcaglione,2025-02-10,90.0000
MII158941,Ancona Montacuto,2025-02-10,131.2500
MII158945,Arbus,2025-02-10,62.6984
MII158948,Arezzo,2025-02-10,165.2174
MII159053,Ariano Irpino,2025-02-10,134.0000
MII159060,Arienzo,2025-02-10,151.7241
MII159065,Ascoli Piceno,2025-02-10,138.2353
MII159069,Asti,2025-02-10,119.0955
MII159314,Augusta,2025-02-10,168.7135
MII172011,Avellino,2025-02-10,120.3024
MII172187,Aversa,2025-02-10,113.6752
MII182440,Avezzano,2025-02-10,136.7347
MII172222,Barcellona Pozzo di Gotto,2025-02-10,71.3781
MII181678,Bari,2025-02-10,168.5039
MII158901,Belluno,2025-02-10,139.5062
MII160204,Benevento,2025-02-10,154.5455
MII172827,Bergamo,2025-02-10,180.1887
MII172332,Biella,2025-02-10,127.9487
MII172344,Bollate,2025-02-10,108.5308
MII172508,Bologna,2025-02-10,176.2397
MII172580,Bolzano,2025-02-10,135.2273
MII172592,Brescia Canton Monbello,2025-02-10,201.0989
MII172610,Brescia Verziano,2025-02-10,157.1429
MII172623,Brindisi,2025-02-10,169.7479
MII172814,Brissogne - Aosta,2025-02-10,79.1667
MII172320,Busto Arsizio,2025-02-10,185.0877
MII172835,Cagliari Uta,2025-02-10,133.6898
MII173006,Caltagirone,2025-02-10,114.0584
MII173063,Caltanissetta,2025-02-10,132.7869
MII173088,Campobasso,2025-02-10,175.0000
MII173101,Carinola,2025-02-10,90.0749
MII173114,Cassino,2025-02-10,158.7786
MII173237,Castelfranco Emilia,2025-02-10,57.7181
MII173259,Castelvetrano,2025-02-10,143.1818
MII173265,Castrovillari,2025-02-10,147.5410
MII173285,Catania Bicocca,2025-02-10,140.4580
MII173301,Catania Piazza Lanza,2025-02-10,157.3477
MII173311,Catanzaro,2025-02-10,97.0173
MII173356,Chiavari,2025-02-10,119.2308
MII173364,Chieti,2025-02-10,181.0127
MII173688,Civitavecchia Giuseppe Passerini,2025-02-10,91.3043
MII172208,Civitavecchia Nuovo Complesso,2025-02-10,174.2765
MII173712,Como,2025-02-10,189.7778
MII173341,Cosenza,2025-02-10,116.5138
MII173747,Cremona,2025-02-10,142.7083
MII173324,Crotone,2025-02-10,135.4839
MII173764,Cuneo,2025-02-10,101.0582
MII173784,Eboli,2025-02-10,94.4444
MII173813,Enna,2025-02-10,128.8462
MII173994,Favignana,2025-02-10,96.6292
MII174501,Fermo,2025-02-10,123.2558
MII174686,Ferrara,2025-02-10,163.1148
MII174825,Firenze Mario Gozzini,2025-02-10,135.0649
MII174720,Firenze Sollicciano,2025-02-10,147.6454
MII176375,Foggia,2025-02-10,207.7170
MII176403,Forlì,2025-02-10,118.1818
MII176414,Fossano,2025-02-10,84.5588
MII176424,Fossombrone,2025-02-10,89.1089
MII176437,Frosinone,2025-02-10,117.9959
MII176451,Gela,2025-02-10,164.5833
MII152284,Genova Marassi,2025-02-10,131.5888
MII176703,Genova Pontedecimo,2025-02-10,172.0930
MII176714,Giarre,2025-02-10,145.0980
MII176719,Gorizia,2025-02-10,149.0566
MII176743,Grosseto,2025-02-10,160.0000
MII176749,Imperia,2025-02-10,143.3962
MII176759,Isernia,2025-02-10,145.4545
MII176771,Isili,2025-02-10,67.2897
MII176781,Ivrea,2025-02-10,145.4545
MII177134,L'Aquila,2025-02-10,76.5766
MII176788,La Spezia,2025-02-10,124.2718
MII177107,Lanciano,2025-02-10,119.2825
MII177118,Lanusei,2025-02-10,100.0000
MII177323,Larino,2025-02-10,127.9661
MII177332,Latina,2025-02-10,174.0260
MII177346,Laureana di Borrello,2025-02-10,118.9189
MII177384,Lauro,2025-02-10,6.0000
MII177420,Lecce,2025-02-10,167.6037
MII177436,Lecco,2025-02-10,154.7170
MII177463,Livorno,2025-02-10,135.0000
MII177498,Livorno Gorgona,2025-02-10,95.5056
MII177996,Locri,2025-02-10,133.7209
MII178027,Lodi,2025-02-10,190.6977
MII178035,Lucca,2025-02-10,202.6316
MII178045,Lucera,2025-02-10,117.7778
MII178072,Mantova,2025-02-10,155.3191
MII178085,Massa,2025-02-10,146.9880
MII178115,Massa Marittima,2025-02-10,91.6667
MII178124,Matera,2025-02-10,150.4000
MII178141,Melfi,2025-02-10,92.0635
MII178148,Messina,2025-02-10,99.0741
MII158895,Milano San Vittore,2025-02-10,212.5532
MII178501,Milano San Vittore femminile,2025-02-10,188.8889
MII178638,Modena,2025-02-10,150.6775
MII178659,Monza,2025-02-10,177.3171
MII178666,Napoli Poggioreale,2025-02-10,154.2710
MII178672,Napoli Secondigliano,2025-02-10,136.2963
MII178681,Noto,2025-02-10,83.5227
MII178700,Novara,2025-02-10,107.0513
MII179224,Nuoro,2025-02-10,73.6264
MII178003,Onanì,2025-02-10,71.7647
MII179237,Opera,2025-02-10,145.8889
MII179274,Oristano,2025-02-10,83.9695
MII179280,Orvieto,2025-02-10,119.3878
MII179290,Padova,2025-02-10,125.1337
MII179299,Padova Nuovo Complesso,2025-02-10,150.9333
MII179306,Palermo Pagliarelli,2025-02-10,126.6180
MII179324,Palermo Ucciardone,2025-02-10,111.9626
MII179331,Paliano,2025-02-10,41.4474
MII179342,Palmi,2025-02-10,119.1489
MII179353,Paola,2025-02-10,116.2338
MII179364,Parma,2025-02-10,120.1626
MII182910,Pavia,2025-02-10,135.3061
MII179781,Perugia,2025-02-10,149.3464
MII179818,Pesaro,2025-02-10,160.6452
MII179830,Pescara,2025-02-10,163.2353
MII179842,Piacenza,2025-02-10,123.2446
MII179856,Piazza Armerina,2025-02-10,147.9167
MII182919,Pisa,2025-02-10,144.9198
MII179896,Pistoia,2025-02-10,84.0000
MII179913,Pordenone,2025-02-10,145.9459
MII179932,Porto Azzurro,2025-02-10,108.2508
MII179938,Potenza,2025-02-10,155.7377
MII179958,Prato,2025-02-10,109.8639
MII179965,Ragusa,2025-02-10,108.1967
MII179981,Ravenna,2025-02-10,165.3061
MII179988,Reggio Calabria Arghillà,2025-02-10,124.4755
MII179995,Reggio Calabria Giuseppe Panzera,2025-02-10,122.4242
MII182339,Reggio Emilia,2025-02-10,127.4678
MII169535,Rieti,2025-02-10,175.4325
MII180001,Rimini,2025-02-10,128.8136
MII180380,Roma Rebibbia,2025-02-10,97.6351
MII180348,Roma Rebibbia femminile,2025-02-10,147.5472
MII180356,Roma Rebibbia IIIª casa,2025-02-10,59.0909
MII180370,Roma Rebibbia Nuovo Complesso,2025-02-10,145.5061
MII180401,Roma Regina Coeli,2025-02-10,184.9123
MII180415,Rossano,2025-02-10,119.3916
MII180424,Rovigo,2025-02-10,121.7391
MII180426,Salerno,2025-02-10,155.5851
MII180437,Saluzzo,2025-02-10,84.4340
MII180451,San Cataldo,2025-02-10,85.9259
MII180458,San Gimignano,2025-02-10,135.8744
MII180476,San Severo,2025-02-10,139.3443
MII180465,Sanremo,2025-02-10,117.4888
MII181079,Sant'Angelo dei Lombardi,2025-02-10,148.7179
MII180487,Santa Maria Capua Vetere,2025-02-10,138.1616
MII181091,Sassari,2025-02-10,119.2053
MII181109,Sciacca,2025-02-10,105.0000
MII181115,Siena,2025-02-10,125.8621
MII181125,Siracusa,2025-02-10,124.0367
MII181346,Sondrio,2025-02-10,170.8333
MII181358,Spoleto,2025-02-10,100.4494
MII181371,Sulmona,2025-02-10,87.4755
MII181377,Taranto,2025-02-10,198.7552
MII181385,Tempio Pausania,2025-02-10,97.0588
MII181392,Teramo,2025-02-10,169.1700
MII181401,Termini Imerese,2025-02-10,101.0526
MII181407,Terni,2025-02-10,135.7820
MII181417,Tolmezzo,2025-02-10,104.0541
MII181424,Torino,2025-02-10,131.6271
MII181434,Trani,2025-02-10,129.2929
MII181440,Trani femminile,2025-02-10,96.8750
MII181625,Trapani,2025-02-10,104.0241
MII181636,Trento,2025-02-10,83.7321
MII181645,Treviso,2025-02-10,181.8182
MII181661,Trieste,2025-02-10,184.2105
MII181681,Turi,2025-02-10,154.6296
MII181672,Udine,2025-02-10,186.1702
MII181691,Vallo della Lucania,2025-02-10,140.0000
MII181703,Varese,2025-02-10,192.4528
MII181820,Vasto,2025-02-10,63.2653
MII181839,Velletri,2025-02-10,147.4777
MII181847,Venezia Giudecca,2025-02-10,94.6429
MII181863,Venezia Santa Maria Maggiore,2025-02-10,168.5535
MII181870,Verbania,2025-02-10,165.3061
MII181880,Vercelli,2025-02-10,166.6667
MII181891,Verona,2025-02-10,185.5346
MII181908,Vibo Valentia,2025-02-10,96.4467
MII181918,Vicenza,2025-02-10,139.6947
MII181924,Vigevano,2025-02-10,161.9469
MII181934,Viterbo,2025-02-10,177.2840
MII179733,Voghera,2025-02-10,102.9326
MII179876,Volterra,2025-02-10,94.1489
MII172187,Aversa,2025-02-22,117.0940
MII158910,Agrigento,2025-02-23,137.3077
MII157783,Alba,2025-02-23,85.7143
MII158919,"Alessandria Cantiello, Gaeta",2025-02-23,94.8498
MII158924,Alessandria San Michele,2025-02-23,138.4615
MII158935,Alghero,2025-02-23,50.6410
MII172277,Altamura,2025-02-23,170.8333
MII158944,Ancona Barcaglione,2025-02-23,92.0000
MII158941,Ancona Montacuto,2025-02-23,130.8594
MII158945,Arbus,2025-02-23,63.4921
MII158948,Arezzo,2025-02-23,160.8696
MII159053,Ariano Irpino,2025-02-23,134.0000
MII159060,Arienzo,2025-02-23,158.6207
MII159065,Ascoli Piceno,2025-02-23,140.1961
MII159069,Asti,2025-02-23,119.5980
MII159314,Augusta,2025-02-23,169.7947
MII172011,Avellino,2025-02-23,121.5983
MII182440,Avezzano,2025-02-23,132.6531
MII172222,Barcellona Pozzo di Gotto,2025-02-23,73.1449
MII181678,Bari,2025-02-23,164.6154
MII158901,Belluno,2025-02-23,142.5000
MII160204,Benevento,2025-02-23,150.1976
MII172827,Bergamo,2025-02-23,184.5912
MII172332,Biella,2025-02-23,128.7179
MII172344,Bollate,2025-02-23,108.2148
MII172508,Bologna,2025-02-23,167.6955
MII172580,Bolzano,2025-02-23,139.7727
MII172592,Brescia Canton Monbello,2025-02-23,202.7473
MII172610,Brescia Verziano,2025-02-23,157.1429
MII172623,Brindisi,2025-02-23,170.5882
MII172814,Brissogne - Aosta,2025-02-23,77.6471
MII172320,Busto Arsizio,2025-02-23,185.0877
MII172835,Cagliari Uta,2025-02-23,132.6203
MII173006,Caltagirone,2025-02-23,112.7321
MII173063,Caltanissetta,2025-02-23,133.8798
MII173088,Campobasso,2025-02-23,177.0833
MII173101,Carinola,2025-02-23,87.8277
MII173114,Cassino,2025-02-23,162.5954
MII173237,Castelfranco Emilia,2025-02-23,55.7047
MII173259,Castelvetrano,2025-02-23,138.6364
MII173265,Castrovillari,2025-02-23,145.0820
MII173285,Catania Bicocca,2025-02-23,135.0746
MII173301,Catania Piazza Lanza,2025-02-23,156.9892
MII173311,Catanzaro,2025-02-23,96.8603
MII173356,Chiavari,2025-02-23,123.0769
MII173364,Chieti,2025-02-23,182.2785
MII173688,Civitavecchia Giuseppe Passerini,2025-02-23,93.4783
MII172208,Civitavecchia Nuovo Complesso,2025-02-23,177.1704
MII173712,Como,2025-02-23,192.0000
MII173341,Cosenza,2025-02-23,115.5963
MII173747,Cremona,2025-02-23,144.2408
MII173324,Crotone,2025-02-23,132.2581
MII173764,Cuneo,2025-02-23,101.8519
MII173784,Eboli,2025-02-23,98.1481
MII173813,Enna,2025-02-23,127.5641
MII173994,Favignana,2025-02-23,95.5056
MII174501,Fermo,2025-02-23,127.9070
MII174686,Ferrara,2025-02-23,161.4754
MII174825,Firenze Mario Gozzini,2025-02-23,138.9610
MII174720,Firenze Sollicciano,2025-02-23,149.3075
MII176375,Foggia,2025-02-23,208.3601
MII176403,Forlì,2025-02-23,117.5573
MII176414,Fossano,2025-02-23,85.2941
MII176424,Fossombrone,2025-02-23,89.1089
MII176437,Frosinone,2025-02-23,123.4914
MII176451,Gela,2025-02-23,172.9167
MII152284,Genova Marassi,2025-02-23,127.7154
MII176703,Genova Pontedecimo,2025-02-23,167.4419
MII176714,Giarre,2025-02-23,143.1373
MII176719,Gorizia,2025-02-23,154.7170
MII176743,Grosseto,2025-02-23,173.3333
MII176749,Imperia,2025-02-23,128.3019
MII176759,Isernia,2025-02-23,147.7273
MII176771,Isili,2025-02-23,66.3551
MII176781,Ivrea,2025-02-23,144.6237
MII177134,L'Aquila,2025-02-23,77.0270
MII176788,La Spezia,2025-02-23,125.2427
MII177107,Lanciano,2025-02-23,122.4215
MII177118,Lanusei,2025-02-23,103.0303
MII177323,Larino,2025-02-23,133.0508
MII177332,Latina,2025-02-23,177.9221
MII177346,Laureana di Borrello,2025-02-23,121.6216
MII177384,Lauro,2025-02-23,4.0000
MII177420,Lecce,2025-02-23,166.2651
MII177436,Lecco,2025-02-23,166.0377
MII177463,Livorno,2025-02-23,134.6369
MII177498,Livorno Gorgona,2025-02-23,97.7528
MII177996,Locri,2025-02-23,134.8837
MII178027,Lodi,2025-02-23,172.0930
MII178035,Lucca,2025-02-23,192.1053
MII178045,Lucera,2025-02-23,116.2963
MII178072,Mantova,2025-02-23,151.0417
MII178085,Massa,2025-02-23,147.6190
MII178115,Massa Marittima,2025-02-23,93.7500
MII178124,Matera,2025-02-23,150.4000
MII178141,Melfi,2025-02-23,80.9524
MII178148,Messina,2025-02-23,97.2350
MII158895,Milano San Vittore,2025-02-23,211.9149
MII178501,Milano San Vittore femminile,2025-02-23,186.6667
MII178638,Modena,2025-02-23,154.4715
MII178659,Monza,2025-02-23,178.5366
MII178666,Napoli Poggioreale,2025-02-23,152.5037
MII178672,Napoli Secondigliano,2025-02-23,134.3978
MII178681,Noto,2025-02-23,85.2273
MII178700,Novara,2025-02-23,102.5641
MII179224,Nuoro,2025-02-23,75.0916
MII178003,Onanì,2025-02-23,72.9412
MII179237,Opera,2025-02-23,147.3214
MII179274,Oristano,2025-02-23,85.8779
MII179280,Orvieto,2025-02-23,120.4082
MII179290,Padova,2025-02-23,128.1915
MII179299,Padova Nuovo Complesso,2025-02-23,151.2000
MII179306,Palermo Pagliarelli,2025-02-23,126.4217
MII179324,Palermo Ucciardone,2025-02-23,111.7318
MII179331,Paliano,2025-02-23,40.7895
MII179342,Palmi,2025-02-23,120.5674
MII179353,Paola,2025-02-23,117.5325
MII179364,Parma,2025-02-23,123.1767
MII182910,Pavia,2025-02-23,137.1429
MII179781,Perugia,2025-02-23,144.3730
MII179818,Pesaro,2025-02-23,161.2903
MII179830,Pescara,2025-02-23,148.1618
MII179842,Piacenza,2025-02-23,123.6145
MII179856,Piazza Armerina,2025-02-23,143.7500
MII182919,Pisa,2025-02-23,148.6631
MII179896,Pistoia,2025-02-23,81.3333
MII179913,Pordenone,2025-02-23,143.2432
MII179932,Porto Azzurro,2025-02-23,107.2607
MII179938,Potenza,2025-02-23,157.3770
MII179958,Prato,2025-02-23,110.7143
MII179965,Ragusa,2025-02-23,107.6503
MII179981,Ravenna,2025-02-23,157.1429
MII179988,Reggio Calabria Arghillà,2025-02-23,122.7273
MII179995,Reggio Calabria Giuseppe Panzera,2025-02-23,131.8750
MII182339,Reggio Emilia,2025-02-23,126.6094
MII169535,Rieti,2025-02-23,174.3945
MII180001,Rimini,2025-02-23,131.3559
MII180380,Roma Rebibbia,2025-02-23,96.6216
MII180348,Roma Rebibbia femminile,2025-02-23,146.7925
MII180356,Roma Rebibbia IIIª casa,2025-02-23,59.8485
MII180370,Roma Rebibbia Nuovo Complesso,2025-02-23,147.5875
MII180401,Roma Regina Coeli,2025-02-23,183.3333
MII180415,Rossano,2025-02-23,121.6730
MII180424,Rovigo,2025-02-23,123.1884
MII180426,Salerno,2025-02-23,158.7766
MII180437,Saluzzo,2025-02-23,82.7830
MII180451,San Cataldo,2025-02-23,86.6667
MII180458,San Gimignano,2025-02-23,138.5650
MII180476,San Severo,2025-02-23,137.7049
MII180465,Sanremo,2025-02-23,118.3857
MII181079,Sant'Angelo dei Lombardi,2025-02-23,137.9032
MII180487,Santa Maria Capua Vetere,2025-02-23,137.0523
MII181091,Sassari,2025-02-23,116.9978
MII181109,Sciacca,2025-02-23,110.0000
MII181115,Siena,2025-02-23,125.8621
MII181125,Siracusa,2025-02-23,124.0367
MII181346,Sondrio,2025-02-23,154.1667
MII181358,Spoleto,2025-02-23,100.2247
MII181371,Sulmona,2025-02-23,89.2368
MII181377,Taranto,2025-02-23,197.7178
MII181385,Tempio Pausania,2025-02-23,97.6471
MII181392,Teramo,2025-02-23,174.4000
MII181401,Termini Imerese,2025-02-23,105.2632
MII181407,Terni,2025-02-23,135.3081
MII181417,Tolmezzo,2025-02-23,104.7297
MII181424,Torino,2025-02-23,132.8154
MII181434,Trani,2025-02-23,133.6700
MII181440,Trani femminile,2025-02-23,100.0000
MII181625,Trapani,2025-02-23,119.1147
MII181636,Trento,2025-02-23,86.6029
MII181645,Treviso,2025-02-23,178.7879
MII181661,Trieste,2025-02-23,175.1880
MII181681,Turi,2025-02-23,157.4074
MII181672,Udine,2025-02-23,189.2473
MII181691,Vallo della Lucania,2025-02-23,140.0000
MII181703,Varese,2025-02-23,196.2264
MII181820,Vasto,2025-02-23,65.3061
MII181839,Velletri,2025-02-23,149.2582
MII181847,Venezia Giudecca,2025-02-23,92.8571
MII181863,Venezia Santa Maria Maggiore,2025-02-23,167.9245
MII181870,Verbania,2025-02-23,164.0000
MII181880,Vercelli,2025-02-23,166.1202
MII181891,Verona,2025-02-23,185.5346
MII181908,Vibo Valentia,2025-02-23,96.7419
MII181918,Vicenza,2025-02-23,141.8868
MII181924,Vigevano,2025-02-23,164.1593
MII181934,Viterbo,2025-02-23,176.5432
MII179733,Voghera,2025-02-23,109.3842
MII179876,Volterra,2025-02-23,93.6170
MII158910,Agrigento,2025-03-02,140.0000
MII157783,Alba,2025-03-02,89.7959
MII158919,"Alessandria Cantiello, Gaeta",2025-03-02,96.5665
MII158924,Alessandria San Michele,2025-03-02,138.6973
MII158935,Alghero,2025-03-02,50.0000
MII172277,Altamura,2025-03-02,168.7500
MII158944,Ancona Barcaglione,2025-03-02,93.0000
MII158941,Ancona Montacuto,2025-03-02,129.6875
MII158945,Arbus,2025-03-02,65.0794
MII158948,Arezzo,2025-03-02,165.2174
MII159053,Ariano Irpino,2025-03-02,134.0000
MII159060,Arienzo,2025-03-02,155.1724
MII159065,Ascoli Piceno,2025-03-02,136.2745
MII159069,Asti,2025-03-02,123.6181
MII159314,Augusta,2025-03-02,169.2082
MII172011,Avellino,2025-03-02,120.9503
MII172187,Aversa,2025-03-02,119.2308
MII182440,Avezzano,2025-03-02,134.6939
MII172222,Barcellona Pozzo di Gotto,2025-03-02,73.1449
MII181678,Bari,2025-03-02,165.0000
MII158901,Belluno,2025-03-02,143.7500
MII160204,Benevento,2025-03-02,150.1976
MII172827,Bergamo,2025-03-02,185.2201
MII172332,Biella,2025-03-02,127.8772
MII172344,Bollate,2025-03-02,108.1359
MII172508,Bologna,2025-03-02,161.3169
MII172580,Bolzano,2025-03-02,139.7727
MII172592,Brescia Canton Monbello,2025-03-02,202.7473
MII172610,Brescia Verziano,2025-03-02,160.0000
MII172623,Brindisi,2025-03-02,167.2269
MII172814,Brissogne - Aosta,2025-03-02,74.4186
MII172320,Busto Arsizio,2025-03-02,184.5133
MII172835,Cagliari Uta,2025-03-02,130.8378
MII173006,Caltagirone,2025-03-02,111.1406
MII173063,Caltanissetta,2025-03-02,134.9727
MII173088,Campobasso,2025-03-02,175.2577
MII173101,Carinola,2025-03-02,87.8277
MII173114,Cassino,2025-03-02,158.7786
MII173237,Castelfranco Emilia,2025-03-02,57.0470
MII173259,Castelvetrano,2025-03-02,136.3636
MII173265,Castrovillari,2025-03-02,137.7049
MII173285,Catania Bicocca,2025-03-02,151.9084
MII173301,Catania Piazza Lanza,2025-03-02,157.3477
MII173311,Catanzaro,2025-03-02,99.5313
MII173356,Chiavari,2025-03-02,123.0769
MII173364,Chieti,2025-03-02,184.8101
MII173688,Civitavecchia Giuseppe Passerini,2025-03-02,93.4783
MII172208,Civitavecchia Nuovo Complesso,2025-03-02,178.7781
MII173712,Como,2025-03-02,192.0000
MII173341,Cosenza,2025-03-02,116.5138
MII173747,Cremona,2025-03-02,145.3125
MII173324,Crotone,2025-03-02,126.8817
MII173764,Cuneo,2025-03-02,102.6455
MII173784,Eboli,2025-03-02,98.1481
MII173813,Enna,2025-03-02,126.9231
MII173994,Favignana,2025-03-02,94.3820
MII174501,Fermo,2025-03-02,118.6047
MII174686,Ferrara,2025-03-02,164.3443
MII174825,Firenze Mario Gozzini,2025-03-02,135.0649
MII174720,Firenze Sollicciano,2025-03-02,147.9224
MII176375,Foggia,2025-03-02,208.3601
MII176403,Forlì,2025-03-02,112.9771
MII176414,Fossano,2025-03-02,83.8235
MII176424,Fossombrone,2025-03-02,89.1089
MII176437,Frosinone,2025-03-02,122.8448
MII176451,Gela,2025-03-02,170.8333
MII152284,Genova Marassi,2025-03-02,127.5281
MII176703,Genova Pontedecimo,2025-03-02,169.7674
MII176714,Giarre,2025-03-02,145.0980
MII176719,Gorizia,2025-03-02,152.8302
MII176743,Grosseto,2025-03-02,166.6667
MII176749,Imperia,2025-03-02,133.9623
MII176759,Isernia,2025-03-02,154.5455
MII176771,Isili,2025-03-02,65.4206
MII176781,Ivrea,2025-03-02,144.6237
MII177134,L'Aquila,2025-03-02,78.8288
MII176788,La Spezia,2025-03-02,130.0971
MII177107,Lanciano,2025-03-02,121.0762
MII177118,Lanusei,2025-03-02,103.0303
MII177323,Larino,2025-03-02,143.1193
MII177332,Latina,2025-03-02,171.4286
MII177346,Laureana di Borrello,2025-03-02,118.9189
MII177384,Lauro,2025-03-02,0.0000
MII177420,Lecce,2025-03-02,167.6037
MII177436,Lecco,2025-03-02,164.1509
MII177463,Livorno,2025-03-02,138.5475
MII177498,Livorno Gorgona,2025-03-02,92.1348
MII177996,Locri,2025-03-02,134.8837
MII178027,Lodi,2025-03-02,170.4545
MII178035,Lucca,2025-03-02,185.0000
MII178045,Lucera,2025-03-02,119.2593
MII178072,Mantova,2025-03-02,144.7917
MII178085,Massa,2025-03-02,144.6429
MII178115,Massa Marittima,2025-03-02,89.5833
MII178124,Matera,2025-03-02,148.0000
MII178141,Melfi,2025-03-02,134.7222
MII178148,Messina,2025-03-02,99.5455
MII158895,Milano San Vittore,2025-03-02,215.1064
MII178501,Milano San Vittore femminile,2025-03-02,182.2222
MII178638,Modena,2025-03-02,157.4526
MII178659,Monza,2025-03-02,178.2927
MII178666,Napoli Poggioreale,2025-03-02,153.4610
MII178672,Napoli Secondigliano,2025-03-02,134.6715
MII178681,Noto,2025-03-02,84.0909
MII178700,Novara,2025-03-02,102.5641
MII179224,Nuoro,2025-03-02,75.8242
MII178003,Onanì,2025-03-02,74.7059
MII179237,Opera,2025-03-02,147.3214
MII179274,Oristano,2025-03-02,85.8779
MII179280,Orvieto,2025-03-02,120.4082
MII179290,Padova,2025-03-02,132.4468
MII179299,Padova Nuovo Complesso,2025-03-02,151.2000
MII179306,Palermo Pagliarelli,2025-03-02,125.3718
MII179324,Palermo Ucciardone,2025-03-02,111.7318
MII179331,Paliano,2025-03-02,40.7895
MII179342,Palmi,2025-03-02,121.2766
MII179353,Paola,2025-03-02,118.1818
MII179364,Parma,2025-03-02,122.6171
MII182910,Pavia,2025-03-02,136.9388
MII179781,Perugia,2025-03-02,145.1613
MII179818,Pesaro,2025-03-02,158.0645
MII179830,Pescara,2025-03-02,163.3745
MII179842,Piacenza,2025-03-02,125.8454
MII179856,Piazza Armerina,2025-03-02,143.7500
MII182919,Pisa,2025-03-02,146.8421
MII179896,Pistoia,2025-03-02,86.6667
MII179913,Pordenone,2025-03-02,135.1351
MII179932,Porto Azzurro,2025-03-02,104.9505
MII179938,Potenza,2025-03-02,155.7377
MII179958,Prato,2025-03-02,111.0544
MII179965,Ragusa,2025-03-02,109.2896
MII179981,Ravenna,2025-03-02,155.1020
MII179988,Reggio Calabria Arghillà,2025-03-02,122.0280
MII179995,Reggio Calabria Giuseppe Panzera,2025-03-02,130.0000
MII182339,Reggio Emilia,2025-03-02,126.4957
MII169535,Rieti,2025-03-02,171.6263
MII180001,Rimini,2025-03-02,134.7458
MII180380,Roma Rebibbia,2025-03-02,96.6216
MII180348,Roma Rebibbia femminile,2025-03-02,148.3019
MII180356,Roma Rebibbia IIIª casa,2025-03-02,58.3333
MII180370,Roma Rebibbia Nuovo Complesso,2025-03-02,148.0605
MII180401,Roma Regina Coeli,2025-03-02,183.3333
MII180415,Rossano,2025-03-02,118.6312
MII180424,Rovigo,2025-03-02,124.6377
MII180426,Salerno,2025-03-02,154.2553
MII180437,Saluzzo,2025-03-02,83.0189
MII180451,San Cataldo,2025-03-02,85.1852
MII180458,San Gimignano,2025-03-02,139.0135
MII180476,San Severo,2025-03-02,137.7049
MII180465,Sanremo,2025-03-02,119.7309
MII181079,Sant'Angelo dei Lombardi,2025-03-02,141.9355
MII180487,Santa Maria Capua Vetere,2025-03-02,138.2920
MII181091,Sassari,2025-03-02,115.8940
MII181109,Sciacca,2025-03-02,100.0000
MII181115,Siena,2025-03-02,125.8621
MII181125,Siracusa,2025-03-02,124.9541
MII181346,Sondrio,2025-03-02,170.8333
MII181358,Spoleto,2025-03-02,100.4494
MII181371,Sulmona,2025-03-02,89.0411
MII181377,Taranto,2025-03-02,200.8282
MII181385,Tempio Pausania,2025-03-02,97.6471
MII181392,Teramo,2025-03-02,171.2000
MII181401,Termini Imerese,2025-03-02,114.7368
MII181407,Terni,2025-03-02,138.8626
MII181417,Tolmezzo,2025-03-02,106.0811
MII181424,Torino,2025-03-02,133.6380
MII181434,Trani,2025-03-02,135.3535
MII181440,Trani femminile,2025-03-02,106.2500
MII181625,Trapani,2025-03-02,116.4990
MII181636,Trento,2025-03-02,86.8421
MII181645,Treviso,2025-03-02,184.0909
MII181661,Trieste,2025-03-02,171.4286
MII181681,Turi,2025-03-02,150.0000
MII181672,Udine,2025-03-02,187.0968
MII181691,Vallo della Lucania,2025-03-02,142.5000
MII181703,Varese,2025-03-02,194.3396
MII181820,Vasto,2025-03-02,61.9048
MII181839,Velletri,2025-03-02,147.1810
MII181847,Venezia Giudecca,2025-03-02,92.8571
MII181863,Venezia Santa Maria Maggiore,2025-03-02,172.9560
MII181870,Verbania,2025-03-02,162.0000
MII181880,Vercelli,2025-03-02,162.1622
MII181891,Verona,2025-03-02,186.7925
MII181908,Vibo Valentia,2025-03-02,96.9925
MII181918,Vicenza,2025-03-02,142.8030
MII181924,Vigevano,2025-03-02,165.4867
MII181934,Viterbo,2025-03-02,177.0370
MII179733,Voghera,2025-03-02,117.3529
MII179876,Volterra,2025-03-02,93.6170
MII158910,Agrigento,2025-03-09,138.4615
MII157783,Alba,2025-03-09,93.8776
MII158919,"Alessandria Cantiello, Gaeta",2025-03-09,100.0000
MII158924,Alessandria San Michele,2025-03-09,138.6973
MII158935,Alghero,2025-03-09,50.0000
MII172277,Altamura,2025-03-09,170.8333
MII158944,Ancona Barcaglione,2025-03-09,93.0000
MII158941,Ancona Montacuto,2025-03-09,132.0313
MII158945,Arbus,2025-03-09,62.6984
MII158948,Arezzo,2025-03-09,178.2609
MII159053,Ariano Irpino,2025-03-09,134.4000
MII159060,Arienzo,2025-03-09,153.4483
MII159065,Ascoli Piceno,2025-03-09,139.6040
MII159069,Asti,2025-03-09,125.1256
MII159314,Augusta,2025-03-09,168.6217
MII172011,Avellino,2025-03-09,119.4384
MII172187,Aversa,2025-03-09,116.6667
MII182440,Avezzano,2025-03-09,132.6531
MII172222,Barcellona Pozzo di Gotto,2025-03-09,73.1449
MII181678,Bari,2025-03-09,164.2308
MII158901,Belluno,2025-03-09,143.7500
MII160204,Benevento,2025-03-09,149.8024
MII172827,Bergamo,2025-03-09,187.4214
MII172332,Biella,2025-03-09,126.8542
MII172344,Bollate,2025-03-09,108.1359
MII172508,Bologna,2025-03-09,158.6420
MII172580,Bolzano,2025-03-09,142.0455
MII172592,Brescia Canton Monbello,2025-03-09,202.1978
MII172610,Brescia Verziano,2025-03-09,160.0000
MII172623,Brindisi,2025-03-09,170.5882
MII172814,Brissogne - Aosta,2025-03-09,75.4386
MII172320,Busto Arsizio,2025-03-09,187.1681
MII172835,Cagliari Uta,2025-03-09,132.0856
MII173006,Caltagirone,2025-03-09,112.7321
MII173063,Caltanissetta,2025-03-09,137.1585
MII173088,Campobasso,2025-03-09,160.8247
MII173101,Carinola,2025-03-09,86.8914
MII173114,Cassino,2025-03-09,166.9291
MII173237,Castelfranco Emilia,2025-03-09,57.0470
MII173259,Castelvetrano,2025-03-09,140.9091
MII173265,Castrovillari,2025-03-09,139.3443
MII173285,Catania Bicocca,2025-03-09,152.6718
MII173301,Catania Piazza Lanza,2025-03-09,159.6364
MII173311,Catanzaro,2025-03-09,101.2500
MII173356,Chiavari,2025-03-09,125.0000
MII173364,Chieti,2025-03-09,182.2785
MII173688,Civitavecchia Giuseppe Passerini,2025-03-09,98.9130
MII172208,Civitavecchia Nuovo Complesso,2025-03-09,181.6720
MII173712,Como,2025-03-09,191.5556
MII173341,Cosenza,2025-03-09,115.6682
MII173747,Cremona,2025-03-09,142.1875
MII173324,Crotone,2025-03-09,123.6559
MII173764,Cuneo,2025-03-09,101.3123
MII173784,Eboli,2025-03-09,96.2963
MII173813,Enna,2025-03-09,128.8462
MII173994,Favignana,2025-03-09,97.7528
MII174501,Fermo,2025-03-09,123.2558
MII174686,Ferrara,2025-03-09,160.2459
MII174825,Firenze Mario Gozzini,2025-03-09,136.3636
MII174720,Firenze Sollicciano,2025-03-09,147.9224
MII176375,Foggia,2025-03-09,207.3955
MII176403,Forlì,2025-03-09,114.3939
MII176414,Fossano,2025-03-09,83.8235
MII176424,Fossombrone,2025-03-09,89.1089
MII176437,Frosinone,2025-03-09,115.9509
MII176451,Gela,2025-03-09,175.0000
MII152284,Genova Marassi,2025-03-09,125.2809
MII176703,Genova Pontedecimo,2025-03-09,169.7674
MII176714,Giarre,2025-03-09,145.0980
MII176719,Gorizia,2025-03-09,150.9434
MII176743,Grosseto,2025-03-09,166.6667
MII176749,Imperia,2025-03-09,116.9811
MII176759,Isernia,2025-03-09,140.9091
MII176771,Isili,2025-03-09,65.4206
MII176781,Ivrea,2025-03-09,141.9355
MII177134,L'Aquila,2025-03-09,77.9279
MII176788,La Spezia,2025-03-09,128.1553
MII177107,Lanciano,2025-03-09,118.8341
MII177118,Lanusei,2025-03-09,103.0303
MII177323,Larino,2025-03-09,140.3670
MII177332,Latina,2025-03-09,176.6234
MII177346,Laureana di Borrello,2025-03-09,118.9189
MII177384,Lauro,2025-03-09,0.0000
MII177420,Lecce,2025-03-09,168.4070
MII177436,Lecco,2025-03-09,162.2642
MII177463,Livorno,2025-03-09,141.3408
MII177498,Livorno Gorgona,2025-03-09,93.2584
MII177996,Locri,2025-03-09,134.8837
MII178027,Lodi,2025-03-09,165.9091
MII178035,Lucca,2025-03-09,194.7368
MII178045,Lucera,2025-03-09,121.4815
MII178072,Mantova,2025-03-09,141.6667
MII178085,Massa,2025-03-09,144.7059
MII178115,Massa Marittima,2025-03-09,91.6667
MII178124,Matera,2025-03-09,148.0000
MII178141,Melfi,2025-03-09,136.1111
MII178148,Messina,2025-03-09,100.9132
MII158895,Milano San Vittore,2025-03-09,219.5745
MII178501,Milano San Vittore femminile,2025-03-09,182.2222
MII178638,Modena,2025-03-09,156.6396
MII178659,Monza,2025-03-09,177.0171
MII178666,Napoli Poggioreale,2025-03-09,153.6819
MII178672,Napoli Secondigliano,2025-03-09,134.6119
MII178681,Noto,2025-03-09,85.2273
MII178700,Novara,2025-03-09,105.1282
MII179224,Nuoro,2025-03-09,75.8242
MII178003,Onanì,2025-03-09,71.7647
MII179237,Opera,2025-03-09,146.6518
MII179274,Oristano,2025-03-09,87.3077
MII179280,Orvieto,2025-03-09,124.4898
MII179290,Padova,2025-03-09,134.5745
MII179299,Padova Nuovo Complesso,2025-03-09,152.0000
MII179306,Palermo Pagliarelli,2025-03-09,122.7472
MII179324,Palermo Ucciardone,2025-03-09,110.8007
MII179331,Paliano,2025-03-09,40.1316
MII179342,Palmi,2025-03-09,120.5674
MII179353,Paola,2025-03-09,117.5325
MII179364,Parma,2025-03-09,122.2764
MII182910,Pavia,2025-03-09,136.9388
MII179781,Perugia,2025-03-09,144.3730
MII179818,Pesaro,2025-03-09,159.4771
MII179830,Pescara,2025-03-09,156.7901
MII179842,Piacenza,2025-03-09,129.4686
MII179856,Piazza Armerina,2025-03-09,143.7500
MII182919,Pisa,2025-03-09,143.6842
MII179896,Pistoia,2025-03-09,84.0000
MII179913,Pordenone,2025-03-09,135.1351
MII179932,Porto Azzurro,2025-03-09,103.3003
MII179938,Potenza,2025-03-09,150.8197
MII179958,Prato,2025-03-09,109.8639
MII179965,Ragusa,2025-03-09,105.4645
MII179981,Ravenna,2025-03-09,148.9796
MII179988,Reggio Calabria Arghillà,2025-03-09,124.4755
MII179995,Reggio Calabria Giuseppe Panzera,2025-03-09,126.8750
MII182339,Reggio Emilia,2025-03-09,132.0513
MII169535,Rieti,2025-03-09,173.0104
MII180001,Rimini,2025-03-09,135.5932
MII180380,Roma Rebibbia,2025-03-09,96.6216
MII180348,Roma Rebibbia femminile,2025-03-09,142.6415
MII180356,Roma Rebibbia IIIª casa,2025-03-09,59.0909
MII180370,Roma Rebibbia Nuovo Complesso,2025-03-09,147.9659
MII180401,Roma Regina Coeli,2025-03-09,184.7368
MII180415,Rossano,2025-03-09,116.7300
MII180424,Rovigo,2025-03-09,122.7053
MII180426,Salerno,2025-03-09,156.3830
MII180437,Saluzzo,2025-03-09,83.2547
MII180451,San Cataldo,2025-03-09,85.1852
MII180458,San Gimignano,2025-03-09,139.4619
MII180476,San Severo,2025-03-09,142.6230
MII180465,Sanremo,2025-03-09,116.5919
MII181079,Sant'Angelo dei Lombardi,2025-03-09,141.1290
MII180487,Santa Maria Capua Vetere,2025-03-09,138.2920
MII181091,Sassari,2025-03-09,115.8940
MII181109,Sciacca,2025-03-09,85.0000
MII181115,Siena,2025-03-09,124.1379
MII181125,Siracusa,2025-03-09,126.0550
MII181346,Sondrio,2025-03-09,162.5000
MII181358,Spoleto,2025-03-09,98.6842
MII181371,Sulmona,2025-03-09,88.2583
MII181377,Taranto,2025-03-09,198.3437
MII181385,Tempio Pausania,2025-03-09,96.4706
MII181392,Teramo,2025-03-09,176.8000
MII181401,Termini Imerese,2025-03-09,111.5789
MII181407,Terni,2025-03-09,142.4171
MII181417,Tolmezzo,2025-03-09,110.7383
MII181424,Torino,2025-03-09,133.0896
MII181434,Trani,2025-03-09,134.6801
MII181440,Trani femminile,2025-03-09,109.3750
MII181625,Trapani,2025-03-09,113.2797
MII181636,Trento,2025-03-09,87.5598
MII181645,Treviso,2025-03-09,182.5758
MII181661,Trieste,2025-03-09,169.9248
MII181681,Turi,2025-03-09,149.0741
MII181672,Udine,2025-03-09,190.3226
MII181691,Vallo della Lucania,2025-03-09,140.0000
MII181703,Varese,2025-03-09,192.4528
MII181820,Vasto,2025-03-09,60.5442
MII181839,Velletri,2025-03-09,148.0712
MII181847,Venezia Giudecca,2025-03-09,91.9643
MII181863,Venezia Santa Maria Maggiore,2025-03-09,171.6981
MII181870,Verbania,2025-03-09,145.2830
MII181880,Vercelli,2025-03-09,144.9761
MII181891,Verona,2025-03-09,185.2201
MII181908,Vibo Valentia,2025-03-09,97.4937
MII181918,Vicenza,2025-03-09,141.8868
MII181924,Vigevano,2025-03-09,165.4867
MII181934,Viterbo,2025-03-09,177.2840
MII179733,Voghera,2025-03-09,117.0588
MII179876,Volterra,2025-03-09,93.0851
MII158910,Agrigento,2025-03-16,140.3846
MII157783,Alba,2025-03-16,97.9592
MII158919,"Alessandria Cantiello, Gaeta",2025-03-16,100.0000
MII158924,Alessandria San Michele,2025-03-16,137.9310
MII158935,Alghero,2025-03-16,55.7692
MII172277,Altamura,2025-03-16,164.5833
MII158944,Ancona Barcaglione,2025-03-16,93.0000
MII158941,Ancona Montacuto,2025-03-16,133.9844
MII158945,Arbus,2025-03-16,61.9048
MII158948,Arezzo,2025-03-16,178.2609
MII159053,Ariano Irpino,2025-03-16,133.6000
MII159060,Arienzo,2025-03-16,150.0000
MII159065,Ascoli Piceno,2025-03-16,137.2549
MII159069,Asti,2025-03-16,125.1256
MII159314,Augusta,2025-03-16,167.1554
MII172011,Avellino,2025-03-16,120.3024
MII172187,Aversa,2025-03-16,116.6667
MII182440,Avezzano,2025-03-16,122.6415
MII172222,Barcellona Pozzo di Gotto,2025-03-16,72.0848
MII181678,Bari,2025-03-16,167.6923
MII158901,Belluno,2025-03-16,143.7500
MII160204,Benevento,2025-03-16,146.6403
MII172827,Bergamo,2025-03-16,188.6792
MII172332,Biella,2025-03-16,126.0204
MII172344,Bollate,2025-03-16,107.8199
MII172508,Bologna,2025-03-16,158.6420
MII172580,Bolzano,2025-03-16,138.6364
MII172592,Brescia Canton Monbello,2025-03-16,198.3516
MII172610,Brescia Verziano,2025-03-16,162.8571
MII172623,Brindisi,2025-03-16,166.3866
MII172814,Brissogne - Aosta,2025-03-16,75.2941
MII172320,Busto Arsizio,2025-03-16,190.7080
MII172835,Cagliari Uta,2025-03-16,127.0945
MII173006,Caltagirone,2025-03-16,112.7321
MII173063,Caltanissetta,2025-03-16,138.7978
MII173088,Campobasso,2025-03-16,161.4583
MII173101,Carinola,2025-03-16,85.5805
MII173114,Cassino,2025-03-16,170.8661
MII173237,Castelfranco Emilia,2025-03-16,57.0470
MII173259,Castelvetrano,2025-03-16,140.9091
MII173265,Castrovillari,2025-03-16,133.6066
MII173285,Catania Bicocca,2025-03-16,158.7786
MII173301,Catania Piazza Lanza,2025-03-16,162.0072
MII173311,Catanzaro,2025-03-16,101.0938
MII173356,Chiavari,2025-03-16,121.1538
MII173364,Chieti,2025-03-16,181.0127
MII173688,Civitavecchia Giuseppe Passerini,2025-03-16,96.7391
MII172208,Civitavecchia Nuovo Complesso,2025-03-16,180.7074
MII173712,Como,2025-03-16,193.3333
MII173341,Cosenza,2025-03-16,117.5115
MII173747,Cremona,2025-03-16,143.4896
MII173324,Crotone,2025-03-16,123.6559
MII173764,Cuneo,2025-03-16,103.4121
MII173784,Eboli,2025-03-16,96.2963
MII173813,Enna,2025-03-16,128.8462
MII173994,Favignana,2025-03-16,98.8764
MII174501,Fermo,2025-03-16,125.5814
MII174686,Ferrara,2025-03-16,161.4754
MII174825,Firenze Mario Gozzini,2025-03-16,136.3636
MII174720,Firenze Sollicciano,2025-03-16,145.7064
MII176375,Foggia,2025-03-16,212.5413
MII176403,Forlì,2025-03-16,112.8788
MII176414,Fossano,2025-03-16,85.2941
MII176424,Fossombrone,2025-03-16,89.1089
MII176437,Frosinone,2025-03-16,122.6293
MII176451,Gela,2025-03-16,175.0000
MII152284,Genova Marassi,2025-03-16,125.0936
MII176703,Genova Pontedecimo,2025-03-16,169.4118
MII176714,Giarre,2025-03-16,141.1765
MII176719,Gorizia,2025-03-16,156.6038
MII176743,Grosseto,2025-03-16,186.6667
MII176749,Imperia,2025-03-16,116.9811
MII176759,Isernia,2025-03-16,136.3636
MII176771,Isili,2025-03-16,75.7009
MII176781,Ivrea,2025-03-16,145.6989
MII177134,L'Aquila,2025-03-16,79.2793
MII176788,La Spezia,2025-03-16,124.2718
MII177107,Lanciano,2025-03-16,118.3857
MII177118,Lanusei,2025-03-16,106.0606
MII177323,Larino,2025-03-16,140.3670
MII177332,Latina,2025-03-16,166.2338
MII177346,Laureana di Borrello,2025-03-16,132.4324
MII177384,Lauro,2025-03-16,0.0000
MII177420,Lecce,2025-03-16,170.5489
MII177436,Lecco,2025-03-16,160.3774
MII177463,Livorno,2025-03-16,140.7821
MII177498,Livorno Gorgona,2025-03-16,89.8876
MII177996,Locri,2025-03-16,132.5581
MII178027,Lodi,2025-03-16,175.0000
MII178035,Lucca,2025-03-16,192.1053
MII178045,Lucera,2025-03-16,122.2222
MII178072,Mantova,2025-03-16,139.5833
MII178085,Massa,2025-03-16,144.7059
MII178115,Massa Marittima,2025-03-16,87.5000
MII178124,Matera,2025-03-16,146.4000
MII178141,Melfi,2025-03-16,134.7222
MII178148,Messina,2025-03-16,100.9346
MII158895,Milano San Vittore,2025-03-16,214.8936
MII178501,Milano San Vittore femminile,2025-03-16,182.2222
MII178638,Modena,2025-03-16,155.0136
MII178659,Monza,2025-03-16,177.0171
MII178666,Napoli Poggioreale,2025-03-16,154.6392
MII178672,Napoli Secondigliano,2025-03-16,134.4292
MII178681,Noto,2025-03-16,84.6591
MII178700,Novara,2025-03-16,107.6923
MII179224,Nuoro,2025-03-16,76.9231
MII178003,Onanì,2025-03-16,79.4118
MII179237,Opera,2025-03-16,147.0982
MII179274,Oristano,2025-03-16,90.7692
MII179280,Orvieto,2025-03-16,127.5510
MII179290,Padova,2025-03-16,134.5745
MII179299,Padova Nuovo Complesso,2025-03-16,151.4667
MII179306,Palermo Pagliarelli,2025-03-16,126.6240
MII179324,Palermo Ucciardone,2025-03-16,109.8513
MII179331,Paliano,2025-03-16,39.4737
MII179342,Palmi,2025-03-16,114.1844
MII179353,Paola,2025-03-16,115.5844
MII179364,Parma,2025-03-16,122.3473
MII182910,Pavia,2025-03-16,139.3878
MII179781,Perugia,2025-03-16,141.8006
MII179818,Pesaro,2025-03-16,158.1699
MII179830,Pescara,2025-03-16,156.3786
MII179842,Piacenza,2025-03-16,131.0843
MII179856,Piazza Armerina,2025-03-16,147.9167
MII182919,Pisa,2025-03-16,145.7895
MII179896,Pistoia,2025-03-16,84.0000
MII179913,Pordenone,2025-03-16,132.4324
MII179932,Porto Azzurro,2025-03-16,103.6304
MII179938,Potenza,2025-03-16,157.3770
MII179958,Prato,2025-03-16,109.0136
MII179965,Ragusa,2025-03-16,107.6503
MII179981,Ravenna,2025-03-16,153.0612
MII179988,Reggio Calabria Arghillà,2025-03-16,126.9231
MII179995,Reggio Calabria Giuseppe Panzera,2025-03-16,130.6250
MII182339,Reggio Emilia,2025-03-16,132.0513
MII169535,Rieti,2025-03-16,171.9723
MII180001,Rimini,2025-03-16,127.9661
MII180380,Roma Rebibbia,2025-03-16,95.2703
MII180348,Roma Rebibbia femminile,2025-03-16,144.6970
MII180356,Roma Rebibbia IIIª casa,2025-03-16,59.0909
MII180370,Roma Rebibbia Nuovo Complesso,2025-03-16,147.7767
MII180401,Roma Regina Coeli,2025-03-16,184.3860
MII180415,Rossano,2025-03-16,118.4615
MII180424,Rovigo,2025-03-16,122.2222
MII180426,Salerno,2025-03-16,153.7234
MII180437,Saluzzo,2025-03-16,83.0189
MII180451,San Cataldo,2025-03-16,85.1852
MII180458,San Gimignano,2025-03-16,139.4619
MII180476,San Severo,2025-03-16,142.6230
MII180465,Sanremo,2025-03-16,117.0404
MII181079,Sant'Angelo dei Lombardi,2025-03-16,138.7097
MII180487,Santa Maria Capua Vetere,2025-03-16,137.8788
MII181091,Sassari,2025-03-16,115.4525
MII181109,Sciacca,2025-03-16,90.0000
MII181115,Siena,2025-03-16,115.5172
MII181125,Siracusa,2025-03-16,126.6055
MII181346,Sondrio,2025-03-16,158.3333
MII181358,Spoleto,2025-03-16,99.3421
MII181371,Sulmona,2025-03-16,89.0411
MII181377,Taranto,2025-03-16,194.2029
MII181385,Tempio Pausania,2025-03-16,98.8235
MII181392,Teramo,2025-03-16,175.2000
MII181401,Termini Imerese,2025-03-16,108.4211
MII181407,Terni,2025-03-16,141.9431
MII181417,Tolmezzo,2025-03-16,114.7651
MII181424,Torino,2025-03-16,132.6941
MII181434,Trani,2025-03-16,132.3232
MII181440,Trani femminile,2025-03-16,106.2500
MII181625,Trapani,2025-03-16,113.0785
MII181636,Trento,2025-03-16,87.4109
MII181645,Treviso,2025-03-16,181.0606
MII181661,Trieste,2025-03-16,167.6692
MII181681,Turi,2025-03-16,153.7037
MII181672,Udine,2025-03-16,183.8710
MII181691,Vallo della Lucania,2025-03-16,140.0000
MII181703,Varese,2025-03-16,190.5660
MII181820,Vasto,2025-03-16,63.2653
MII181839,Velletri,2025-03-16,140.7713
MII181847,Venezia Giudecca,2025-03-16,91.9643
MII181863,Venezia Santa Maria Maggiore,2025-03-16,171.0692
MII181870,Verbania,2025-03-16,141.5094
MII181880,Vercelli,2025-03-16,144.4976
MII181891,Verona,2025-03-16,186.1635
MII181908,Vibo Valentia,2025-03-16,97.7387
MII181918,Vicenza,2025-03-16,141.8868
MII181924,Vigevano,2025-03-16,165.9292
MII181934,Viterbo,2025-03-16,177.7778
MII179733,Voghera,2025-03-16,118.8235
MII179876,Volterra,2025-03-16,93.0851
MII158935,Alghero,2025-03-22,55.1282
MII159065,Ascoli Piceno,2025-03-22,140.7767
MII158901,Belluno,2025-03-22,147.5000
MII172814,Brissogne - Aosta,2025-03-22,74.4186
MII173237,Castelfranco Emilia,2025-03-22,55.7047
MII173364,Chieti,2025-03-22,183.5443
MII176414,Fossano,2025-03-22,85.2941
MII176451,Gela,2025-03-22,177.0833
MII177323,Larino,2025-03-22,136.6972
MII178035,Lucca,2025-03-22,197.3684
MII178638,Modena,2025-03-22,154.2005
MII179958,Prato,2025-03-22,108.8435
MII181880,Vercelli,2025-03-22,145.6731
MII181918,Vicenza,2025-03-22,141.5094
MII158910,Agrigento,2025-03-23,136.9231
MII157783,Alba,2025-03-23,100.0000
MII158919,"Alessandria Cantiello, Gaeta",2025-03-23,100.8584
MII158924,Alessandria San Michele,2025-03-23,137.9310
MII172277,Altamura,2025-03-23,168.7500
MII158944,Ancona Barcaglione,2025-03-23,87.0000
MII158941,Ancona Montacuto,2025-03-23,132.0313
MII158945,Arbus,2025-03-23,73.0159
MII158948,Arezzo,2025-03-23,169.5652
MII159053,Ariano Irpino,2025-03-23,134.8000
MII159060,Arienzo,2025-03-23,155.1724
MII159069,Asti,2025-03-23,125.6281
MII159314,Augusta,2025-03-23,166.8622
MII172011,Avellino,2025-03-23,122.2462
MII172187,Aversa,2025-03-23,120.0855
MII182440,Avezzano,2025-03-23,115.0943
MII172222,Barcellona Pozzo di Gotto,2025-03-23,71.0247
MII181678,Bari,2025-03-23,167.3152
MII160204,Benevento,2025-03-23,147.6190
MII172827,Bergamo,2025-03-23,190.2516
MII172332,Biella,2025-03-23,124.7449
MII172344,Bollate,2025-03-23,107.4250
MII172508,Bologna,2025-03-23,159.0535
MII172580,Bolzano,2025-03-23,138.6364
MII172592,Brescia Canton Monbello,2025-03-23,198.9011
MII172610,Brescia Verziano,2025-03-23,161.4286
MII172623,Brindisi,2025-03-23,165.5462
MII172320,Busto Arsizio,2025-03-23,193.3333
MII172835,Cagliari Uta,2025-03-23,124.5989
MII173006,Caltagirone,2025-03-23,114.8541
MII173063,Caltanissetta,2025-03-23,137.1585
MII173088,Campobasso,2025-03-23,168.7500
MII173101,Carinola,2025-03-23,85.0187
MII173114,Cassino,2025-03-23,176.3780
MII173259,Castelvetrano,2025-03-23,138.6364
MII173265,Castrovillari,2025-03-23,132.7869
MII173285,Catania Bicocca,2025-03-23,151.9084
MII173301,Catania Piazza Lanza,2025-03-23,163.4409
MII173311,Catanzaro,2025-03-23,101.5873
MII173356,Chiavari,2025-03-23,125.0000
MII173688,Civitavecchia Giuseppe Passerini,2025-03-23,95.6522
MII172208,Civitavecchia Nuovo Complesso,2025-03-23,182.3151
MII173712,Como,2025-03-23,196.8889
MII173341,Cosenza,2025-03-23,115.6682
MII173747,Cremona,2025-03-23,140.8854
MII173324,Crotone,2025-03-23,115.0538
MII173764,Cuneo,2025-03-23,103.9370
MII173784,Eboli,2025-03-23,92.5926
MII173813,Enna,2025-03-23,130.7692
MII173994,Favignana,2025-03-23,96.6292
MII174501,Fermo,2025-03-23,123.2558
MII174686,Ferrara,2025-03-23,160.6557
MII174825,Firenze Mario Gozzini,2025-03-23,135.0649
MII174720,Firenze Sollicciano,2025-03-23,145.1524
MII176375,Foggia,2025-03-23,212.8713
MII176403,Forlì,2025-03-23,115.0376
MII176424,Fossombrone,2025-03-23,89.1089
MII176437,Frosinone,2025-03-23,115.5419
MII152284,Genova Marassi,2025-03-23,124.9064
MII176703,Genova Pontedecimo,2025-03-23,171.7647
MII176714,Giarre,2025-03-23,143.1373
MII176719,Gorizia,2025-03-23,147.1698
MII176743,Grosseto,2025-03-23,180.0000
MII176749,Imperia,2025-03-23,121.5686
MII176759,Isernia,2025-03-23,136.3636
MII176771,Isili,2025-03-23,78.5047
MII176781,Ivrea,2025-03-23,143.2432
MII177134,L'Aquila,2025-03-23,79.2793
MII176788,La Spezia,2025-03-23,128.1553
MII177107,Lanciano,2025-03-23,119.7309
MII177118,Lanusei,2025-03-23,106.0606
MII177332,Latina,2025-03-23,164.9351
MII177346,Laureana di Borrello,2025-03-23,132.4324
MII177384,Lauro,2025-03-23,0.0000
MII177420,Lecce,2025-03-23,171.0843
MII177436,Lecco,2025-03-23,160.3774
MII177463,Livorno,2025-03-23,145.2514
MII177498,Livorno Gorgona,2025-03-23,92.1348
MII177996,Locri,2025-03-23,133.7209
MII178027,Lodi,2025-03-23,179.5455
MII178045,Lucera,2025-03-23,124.4444
MII178072,Mantova,2025-03-23,140.6250
MII178085,Massa,2025-03-23,147.0588
MII178115,Massa Marittima,2025-03-23,85.4167
MII178124,Matera,2025-03-23,147.2000
MII178141,Melfi,2025-03-23,130.5556
MII178148,Messina,2025-03-23,97.7169
MII158895,Milano San Vittore,2025-03-23,217.8723
MII178501,Milano San Vittore femminile,2025-03-23,186.6667
MII178659,Monza,2025-03-23,176.6423
MII178666,Napoli Poggioreale,2025-03-23,154.4919
MII178672,Napoli Secondigliano,2025-03-23,134.9772
MII178681,Noto,2025-03-23,83.5227
MII178700,Novara,2025-03-23,108.3333
MII179224,Nuoro,2025-03-23,77.2894
MII178003,Onanì,2025-03-23,78.2353
MII179237,Opera,2025-03-23,146.5402
MII179274,Oristano,2025-03-23,89.2308
MII179280,Orvieto,2025-03-23,127.5510
MII179290,Padova,2025-03-23,131.5508
MII179299,Padova Nuovo Complesso,2025-03-23,152.2667
MII179306,Palermo Pagliarelli,2025-03-23,125.5261
MII179324,Palermo Ucciardone,2025-03-23,109.6834
MII179331,Paliano,2025-03-23,41.4474
MII179342,Palmi,2025-03-23,117.0213
MII179353,Paola,2025-03-23,115.5844
MII179364,Parma,2025-03-23,121.8299
MII182910,Pavia,2025-03-23,140.0000
MII179781,Perugia,2025-03-23,141.8006
MII179818,Pesaro,2025-03-23,155.5556
MII179830,Pescara,2025-03-23,155.5556
MII179842,Piacenza,2025-03-23,131.0843
MII179856,Piazza Armerina,2025-03-23,156.2500
MII182919,Pisa,2025-03-23,148.4211
MII179896,Pistoia,2025-03-23,81.3333
MII179913,Pordenone,2025-03-23,140.5405
MII179932,Porto Azzurro,2025-03-23,98.1308
MII179938,Potenza,2025-03-23,154.0984
MII179965,Ragusa,2025-03-23,106.0109
MII179981,Ravenna,2025-03-23,146.9388
MII179988,Reggio Calabria Arghillà,2025-03-23,129.5374
MII179995,Reggio Calabria Giuseppe Panzera,2025-03-23,129.3750
MII182339,Reggio Emilia,2025-03-23,131.6239
MII169535,Rieti,2025-03-23,173.0104
MII180001,Rimini,2025-03-23,133.0508
MII180380,Roma Rebibbia,2025-03-23,93.2432
MII180348,Roma Rebibbia femminile,2025-03-23,147.6744
MII180356,Roma Rebibbia IIIª casa,2025-03-23,59.8485
MII180370,Roma Rebibbia Nuovo Complesso,2025-03-23,148.0605
MII180401,Roma Regina Coeli,2025-03-23,188.1119
MII180415,Rossano,2025-03-23,120.3846
MII180424,Rovigo,2025-03-23,122.7053
MII180426,Salerno,2025-03-23,154.7872
MII180437,Saluzzo,2025-03-23,83.0189
MII180451,San Cataldo,2025-03-23,88.8889
MII180458,San Gimignano,2025-03-23,142.6009
MII180476,San Severo,2025-03-23,145.9016
MII180465,Sanremo,2025-03-23,117.9372
MII181079,Sant'Angelo dei Lombardi,2025-03-23,141.9355
MII180487,Santa Maria Capua Vetere,2025-03-23,137.3278
MII181091,Sassari,2025-03-23,116.7770
MII181109,Sciacca,2025-03-23,90.0000
MII181115,Siena,2025-03-23,117.2414
MII181125,Siracusa,2025-03-23,125.8716
MII181346,Sondrio,2025-03-23,145.8333
MII181358,Spoleto,2025-03-23,103.2895
MII181371,Sulmona,2025-03-23,88.6497
MII181377,Taranto,2025-03-23,192.9607
MII181385,Tempio Pausania,2025-03-23,97.6471
MII181392,Teramo,2025-03-23,177.0751
MII181401,Termini Imerese,2025-03-23,109.4737
MII181407,Terni,2025-03-23,142.6540
MII181417,Tolmezzo,2025-03-23,115.4362
MII181424,Torino,2025-03-23,132.2374
MII181434,Trani,2025-03-23,129.9663
MII181440,Trani femminile,2025-03-23,103.1250
MII181625,Trapani,2025-03-23,112.8773
MII181636,Trento,2025-03-23,86.6983
MII181645,Treviso,2025-03-23,182.5758
MII181661,Trieste,2025-03-23,170.6767
MII181681,Turi,2025-03-23,151.8519
MII181672,Udine,2025-03-23,186.0215
MII181691,Vallo della Lucania,2025-03-23,137.5000
MII181703,Varese,2025-03-23,192.4528
MII181820,Vasto,2025-03-23,65.9864
MII181839,Velletri,2025-03-23,151.9288
MII181847,Venezia Giudecca,2025-03-23,93.7500
MII181863,Venezia Santa Maria Maggiore,2025-03-23,168.5535
MII181870,Verbania,2025-03-23,147.1698
MII181891,Verona,2025-03-23,188.6792
MII181908,Vibo Valentia,2025-03-23,97.4874
MII181924,Vigevano,2025-03-23,166.3717
MII181934,Viterbo,2025-03-23,175.5556
MII179733,Voghera,2025-03-23,120.8824
MII179876,Volterra,2025-03-23,92.5532
MII158910,Agrigento,2025-03-29,138.8462
MII157783,Alba,2025-03-29,100.0000
MII158919,"Alessandria Cantiello, Gaeta",2025-03-29,102.5751
MII158924,Alessandria San Michele,2025-03-29,139.0805
MII158935,Alghero,2025-03-29,54.4872
MII172277,Altamura,2025-03-29,164.5833
MII158944,Ancona Barcaglione,2025-03-29,87.0000
MII158941,Ancona Montacuto,2025-03-29,131.6406
MII158945,Arbus,2025-03-29,72.2222
MII158948,Arezzo,2025-03-29,165.2174
MII159053,Ariano Irpino,2025-03-29,122.0000
MII159060,Arienzo,2025-03-29,153.4483
MII159065,Ascoli Piceno,2025-03-29,139.8058
MII159069,Asti,2025-03-29,125.1256
MII159314,Augusta,2025-03-29,167.7419
MII172011,Avellino,2025-03-29,122.6782
MII172187,Aversa,2025-03-29,120.5128
MII182440,Avezzano,2025-03-29,118.8679
MII172222,Barcellona Pozzo di Gotto,2025-03-29,70.7317
MII181678,Bari,2025-03-29,163.0769
MII158901,Belluno,2025-03-29,145.0000
MII160204,Benevento,2025-03-29,149.6032
MII172827,Bergamo,2025-03-29,185.8491
MII172332,Biella,2025-03-29,126.7857
MII172344,Bollate,2025-03-29,107.5039
MII172508,Bologna,2025-03-29,179.1284
MII172580,Bolzano,2025-03-29,135.2273
MII172592,Brescia Canton Monbello,2025-03-29,198.9011
MII172610,Brescia Verziano,2025-03-29,155.7143
MII172623,Brindisi,2025-03-29,168.9076
MII172814,Brissogne - Aosta,2025-03-29,73.6842
MII172320,Busto Arsizio,2025-03-29,192.4444
MII172835,Cagliari Uta,2025-03-29,125.1337
MII173006,Caltagirone,2025-03-29,114.8541
MII173063,Caltanissetta,2025-03-29,136.6120
MII173088,Campobasso,2025-03-29,171.8750
MII173101,Carinola,2025-03-29,84.6442
MII173114,Cassino,2025-03-29,174.8031
MII173237,Castelfranco Emilia,2025-03-29,55.7047
MII173259,Castelvetrano,2025-03-29,138.6364
MII173265,Castrovillari,2025-03-29,138.5246
MII173285,Catania Bicocca,2025-03-29,151.1450
MII173301,Catania Piazza Lanza,2025-03-29,162.5899
MII173311,Catanzaro,2025-03-29,103.1797
MII173356,Chiavari,2025-03-29,125.0000
MII173364,Chieti,2025-03-29,177.2152
MII173688,Civitavecchia Giuseppe Passerini,2025-03-29,94.5652
MII172208,Civitavecchia Nuovo Complesso,2025-03-29,178.1350
MII173712,Como,2025-03-29,197.7778
MII173341,Cosenza,2025-03-29,118.4332
MII173747,Cremona,2025-03-29,140.1042
MII173324,Crotone,2025-03-29,112.9032
MII173764,Cuneo,2025-03-29,102.8871
MII173784,Eboli,2025-03-29,90.7407
MII173813,Enna,2025-03-29,130.1282
MII173994,Favignana,2025-03-29,92.1348
MII174501,Fermo,2025-03-29,130.2326
MII174686,Ferrara,2025-03-29,159.8361
MII174825,Firenze Mario Gozzini,2025-03-29,135.0649
MII174720,Firenze Sollicciano,2025-03-29,140.2116
MII176375,Foggia,2025-03-29,209.4463
MII176403,Forlì,2025-03-29,111.2782
MII176414,Fossano,2025-03-29,85.2941
MII176424,Fossombrone,2025-03-29,88.1188
MII176437,Frosinone,2025-03-29,122.4138
MII176451,Gela,2025-03-29,179.1667
MII152284,Genova Marassi,2025-03-29,127.9026
MII176703,Genova Pontedecimo,2025-03-29,171.7647
MII176714,Giarre,2025-03-29,139.2157
MII176719,Gorizia,2025-03-29,122.2222
MII176743,Grosseto,2025-03-29,173.3333
MII176749,Imperia,2025-03-29,129.4118
MII176759,Isernia,2025-03-29,134.0909
MII176771,Isili,2025-03-29,76.6355
MII176781,Ivrea,2025-03-29,143.7838
MII177134,L'Aquila,2025-03-29,78.3784
MII176788,La Spezia,2025-03-29,123.3010
MII177107,Lanciano,2025-03-29,117.4888
MII177118,Lanusei,2025-03-29,109.0909
MII177323,Larino,2025-03-29,134.8624
MII177332,Latina,2025-03-29,170.1299
MII177346,Laureana di Borrello,2025-03-29,132.4324
MII177384,Lauro,2025-03-29,0.0000
MII177420,Lecce,2025-03-29,170.4150
MII177436,Lecco,2025-03-29,158.4906
MII177463,Livorno,2025-03-29,148.6034
MII177498,Livorno Gorgona,2025-03-29,97.7528
MII177996,Locri,2025-03-29,143.0233
MII178027,Lodi,2025-03-29,179.5455
MII178035,Lucca,2025-03-29,202.6316
MII178045,Lucera,2025-03-29,126.6667
MII178072,Mantova,2025-03-29,140.6250
MII178085,Massa,2025-03-29,152.9412
MII178115,Massa Marittima,2025-03-29,87.5000
MII178124,Matera,2025-03-29,146.4000
MII178141,Melfi,2025-03-29,126.3889
MII178148,Messina,2025-03-29,95.3704
MII158895,Milano San Vittore,2025-03-29,218.0851
MII178501,Milano San Vittore femminile,2025-03-29,182.2222
MII178638,Modena,2025-03-29,151.7615
MII178659,Monza,2025-03-29,176.6423
MII178666,Napoli Poggioreale,2025-03-29,154.0501
MII178672,Napoli Secondigliano,2025-03-29,135.2511
MII178681,Noto,2025-03-29,82.3864
MII178700,Novara,2025-03-29,105.1282
MII179224,Nuoro,2025-03-29,76.1905
MII178003,Onanì,2025-03-29,67.5000
MII179237,Opera,2025-03-29,147.0391
MII179274,Oristano,2025-03-29,89.3130
MII179280,Orvieto,2025-03-29,129.5918
MII179290,Padova,2025-03-29,133.1551
MII179299,Padova Nuovo Complesso,2025-03-29,151.7333
MII179306,Palermo Pagliarelli,2025-03-29,125.7091
MII179324,Palermo Ucciardone,2025-03-29,108.8725
MII179331,Paliano,2025-03-29,41.4474
MII179342,Palmi,2025-03-29,114.8936
MII179353,Paola,2025-03-29,115.5844
MII179364,Parma,2025-03-29,121.8299
MII182910,Pavia,2025-03-29,140.4082
MII179781,Perugia,2025-03-29,142.7653
MII179818,Pesaro,2025-03-29,159.4595
MII179830,Pescara,2025-03-29,156.3786
MII179842,Piacenza,2025-03-29,130.8434
MII179856,Piazza Armerina,2025-03-29,154.1667
MII182919,Pisa,2025-03-29,146.8421
MII179896,Pistoia,2025-03-29,88.0000
MII179913,Pordenone,2025-03-29,140.5405
MII179932,Porto Azzurro,2025-03-29,98.4424
MII179938,Potenza,2025-03-29,159.0164
MII179958,Prato,2025-03-29,108.8285
MII179965,Ragusa,2025-03-29,104.3716
MII179981,Ravenna,2025-03-29,144.8980
MII179988,Reggio Calabria Arghillà,2025-03-29,131.6726
MII179995,Reggio Calabria Giuseppe Panzera,2025-03-29,125.6250
MII182339,Reggio Emilia,2025-03-29,131.1966
MII169535,Rieti,2025-03-29,171.2803
MII180001,Rimini,2025-03-29,135.5932
MII180380,Roma Rebibbia,2025-03-29,93.2432
MII180348,Roma Rebibbia femminile,2025-03-29,142.2053
MII180356,Roma Rebibbia IIIª casa,2025-03-29,60.6061
MII180370,Roma Rebibbia Nuovo Complesso,2025-03-29,147.8713
MII180401,Roma Regina Coeli,2025-03-29,188.1119
MII180415,Rossano,2025-03-29,122.3077
MII180424,Rovigo,2025-03-29,122.4880
MII180426,Salerno,2025-03-29,155.8511
MII180437,Saluzzo,2025-03-29,84.6698
MII180451,San Cataldo,2025-03-29,88.1481
MII180458,San Gimignano,2025-03-29,145.7399
MII180476,San Severo,2025-03-29,147.5410
MII180465,Sanremo,2025-03-29,117.9372
MII181079,Sant'Angelo dei Lombardi,2025-03-29,144.3548
MII180487,Santa Maria Capua Vetere,2025-03-29,137.8788
MII181091,Sassari,2025-03-29,115.6733
MII181109,Sciacca,2025-03-29,100.0000
MII181115,Siena,2025-03-29,110.3448
MII181125,Siracusa,2025-03-29,126.2385
MII181346,Sondrio,2025-03-29,145.8333
MII181358,Spoleto,2025-03-29,104.6053
MII181371,Sulmona,2025-03-29,88.6497
MII181377,Taranto,2025-03-29,191.0973
MII181385,Tempio Pausania,2025-03-29,97.0588
MII181392,Teramo,2025-03-29,174.3083
MII181401,Termini Imerese,2025-03-29,109.4737
MII181407,Terni,2025-03-29,141.7062
MII181417,Tolmezzo,2025-03-29,120.4082
MII181424,Torino,2025-03-29,130.2644
MII181434,Trani,2025-03-29,131.3131
MII181440,Trani femminile,2025-03-29,106.2500
MII181625,Trapani,2025-03-29,115.8954
MII181636,Trento,2025-03-29,85.3081
MII181645,Treviso,2025-03-29,181.0606
MII181661,Trieste,2025-03-29,172.9323
MII181681,Turi,2025-03-29,150.9259
MII181672,Udine,2025-03-29,189.4737
MII181691,Vallo della Lucania,2025-03-29,140.0000
MII181703,Varese,2025-03-29,196.2264
MII181820,Vasto,2025-03-29,65.9864
MII181839,Velletri,2025-03-29,154.0059
MII181847,Venezia Giudecca,2025-03-29,91.9643
MII181863,Venezia Santa Maria Maggiore,2025-03-29,171.6981
MII181870,Verbania,2025-03-29,152.8302
MII181880,Vercelli,2025-03-29,151.6588
MII181891,Verona,2025-03-29,189.9371
MII181908,Vibo Valentia,2025-03-29,96.9773
MII181918,Vicenza,2025-03-29,140.9774
MII181924,Vigevano,2025-03-29,165.9292
MII181934,Viterbo,2025-03-29,174.3210
MII179733,Voghera,2025-03-29,120.2941
MII179876,Volterra,2025-03-29,93.6170
MII158910,Agrigento,2025-04-06,137.6923
MII157783,Alba,2025-04-06,97.9592
MII158919,"Alessandria Cantiello, Gaeta",2025-04-06,105.1502
MII158924,Alessandria San Michele,2025-04-06,140.9962
MII158935,Alghero,2025-04-06,54.4872
MII172277,Altamura,2025-04-06,168.7500
MII158944,Ancona Barcaglione,2025-04-06,85.0000
MII158941,Ancona Montacuto,2025-04-06,132.4219
MII158945,Arbus,2025-04-06,72.2222
MII158948,Arezzo,2025-04-06,160.8696
MII159053,Ariano Irpino,2025-04-06,144.1860
MII159060,Arienzo,2025-04-06,153.4483
MII159065,Ascoli Piceno,2025-04-06,140.7767
MII159069,Asti,2025-04-06,129.1457
MII159314,Augusta,2025-04-06,168.3284
MII172011,Avellino,2025-04-06,122.4622
MII172187,Aversa,2025-04-06,117.9487
MII182440,Avezzano,2025-04-06,118.8679
MII172222,Barcellona Pozzo di Gotto,2025-04-06,74.5520
MII181678,Bari,2025-04-06,166.9231
MII158901,Belluno,2025-04-06,146.2500
MII160204,Benevento,2025-04-06,150.7937
MII172827,Bergamo,2025-04-06,179.8742
MII172332,Biella,2025-04-06,126.0204
MII172344,Bollate,2025-04-06,109.0837
MII172508,Bologna,2025-04-06,180.0459
MII172580,Bolzano,2025-04-06,134.0909
MII172592,Brescia Canton Monbello,2025-04-06,202.7473
MII172610,Brescia Verziano,2025-04-06,152.8571
MII172623,Brindisi,2025-04-06,168.0672
MII172814,Brissogne - Aosta,2025-04-06,74.5665
MII172320,Busto Arsizio,2025-04-06,189.3333
MII172835,Cagliari Uta,2025-04-06,125.3119
MII173006,Caltagirone,2025-04-06,112.4668
MII173063,Caltanissetta,2025-04-06,133.8798
MII173088,Campobasso,2025-04-06,171.8750
MII173101,Carinola,2025-04-06,85.3933
MII173114,Cassino,2025-04-06,172.4409
MII173237,Castelfranco Emilia,2025-04-06,56.3758
MII173259,Castelvetrano,2025-04-06,145.4545
MII173265,Castrovillari,2025-04-06,142.6230
MII173285,Catania Bicocca,2025-04-06,146.9231
MII173301,Catania Piazza Lanza,2025-04-06,160.2151
MII173311,Catanzaro,2025-04-06,102.7070
MII173356,Chiavari,2025-04-06,123.0769
MII173364,Chieti,2025-04-06,179.7468
MII173688,Civitavecchia Giuseppe Passerini,2025-04-06,94.5652
MII172208,Civitavecchia Nuovo Complesso,2025-04-06,178.4566
MII173712,Como,2025-04-06,192.8889
MII173341,Cosenza,2025-04-06,120.1835
MII173747,Cremona,2025-04-06,142.4479
MII173324,Crotone,2025-04-06,112.9032
MII173764,Cuneo,2025-04-06,104.5093
MII173784,Eboli,2025-04-06,83.3333
MII173813,Enna,2025-04-06,130.1282
MII173994,Favignana,2025-04-06,104.4944
MII174501,Fermo,2025-04-06,139.5349
MII174686,Ferrara,2025-04-06,159.4262
MII174825,Firenze Mario Gozzini,2025-04-06,131.1688
MII174720,Firenze Sollicciano,2025-04-06,148.3425
MII176375,Foggia,2025-04-06,209.7720
MII176403,Forlì,2025-04-06,107.5188
MII176414,Fossano,2025-04-06,86.7647
MII176424,Fossombrone,2025-04-06,87.1287
MII176437,Frosinone,2025-04-06,124.3534
MII176451,Gela,2025-04-06,175.0000
MII152284,Genova Marassi,2025-04-06,129.4007
MII176703,Genova Pontedecimo,2025-04-06,171.7647
MII176714,Giarre,2025-04-06,147.0588
MII176719,Gorizia,2025-04-06,133.3333
MII176743,Grosseto,2025-04-06,166.6667
MII176749,Imperia,2025-04-06,125.4902
MII176759,Isernia,2025-04-06,129.5455
MII176771,Isili,2025-04-06,79.4393
MII176781,Ivrea,2025-04-06,143.7838
MII177134,L'Aquila,2025-04-06,77.9279
MII176788,La Spezia,2025-04-06,121.3592
MII177107,Lanciano,2025-04-06,119.7309
MII177118,Lanusei,2025-04-06,115.1515
MII177323,Larino,2025-04-06,138.5321
MII177332,Latina,2025-04-06,179.2208
MII177346,Laureana di Borrello,2025-04-06,132.4324
MII177384,Lauro,2025-04-06,0.0000
MII177420,Lecce,2025-04-06,170.8166
MII177436,Lecco,2025-04-06,156.6038
MII177463,Livorno,2025-04-06,149.7207
MII177498,Livorno Gorgona,2025-04-06,97.7528
MII177996,Locri,2025-04-06,148.8372
MII178027,Lodi,2025-04-06,179.5455
MII178035,Lucca,2025-04-06,200.0000
MII178045,Lucera,2025-04-06,123.7037
MII178072,Mantova,2025-04-06,141.6667
MII178085,Massa,2025-04-06,152.9412
MII178115,Massa Marittima,2025-04-06,83.3333
MII178124,Matera,2025-04-06,142.4000
MII178141,Melfi,2025-04-06,123.6111
MII178148,Messina,2025-04-06,99.0741
MII158895,Milano San Vittore,2025-04-06,219.2547
MII178501,Milano San Vittore femminile,2025-04-06,186.9565
MII178638,Modena,2025-04-06,152.0325
MII178659,Monza,2025-04-06,177.8589
MII178666,Napoli Poggioreale,2025-04-06,155.6701
MII178672,Napoli Secondigliano,2025-04-06,134.7945
MII178681,Noto,2025-04-06,82.3864
MII178700,Novara,2025-04-06,106.4103
MII179224,Nuoro,2025-04-06,76.5568
MII178003,Onanì,2025-04-06,67.5000
MII179237,Opera,2025-04-06,148.2143
MII179274,Oristano,2025-04-06,88.5496
MII179280,Orvieto,2025-04-06,127.5510
MII179290,Padova,2025-04-06,129.2553
MII179299,Padova Nuovo Complesso,2025-04-06,153.3333
MII179306,Palermo Pagliarelli,2025-04-06,125.3431
MII179324,Palermo Ucciardone,2025-04-06,109.9815
MII179331,Paliano,2025-04-06,41.4474
MII179342,Palmi,2025-04-06,115.6028
MII179353,Paola,2025-04-06,112.3377
MII179364,Parma,2025-04-06,122.0257
MII182910,Pavia,2025-04-06,141.4286
MII179781,Perugia,2025-04-06,143.4084
MII179818,Pesaro,2025-04-06,161.5385
MII179830,Pescara,2025-04-06,158.0247
MII179842,Piacenza,2025-04-06,132.3671
MII179856,Piazza Armerina,2025-04-06,160.4167
MII182919,Pisa,2025-04-06,145.0262
MII179896,Pistoia,2025-04-06,82.6667
MII179913,Pordenone,2025-04-06,143.2432
MII179932,Porto Azzurro,2025-04-06,99.3769
MII179938,Potenza,2025-04-06,159.0164
MII179958,Prato,2025-04-06,109.6774
MII179965,Ragusa,2025-04-06,109.2896
MII179981,Ravenna,2025-04-06,148.9796
MII179988,Reggio Calabria Arghillà,2025-04-06,130.6050
MII179995,Reggio Calabria Giuseppe Panzera,2025-04-06,126.8750
MII182339,Reggio Emilia,2025-04-06,131.7597
MII169535,Rieti,2025-04-06,170.2422
MII180001,Rimini,2025-04-06,128.8136
MII180380,Roma Rebibbia,2025-04-06,92.9054
MII180348,Roma Rebibbia femminile,2025-04-06,142.9658
MII180356,Roma Rebibbia IIIª casa,2025-04-06,60.6061
MII180370,Roma Rebibbia Nuovo Complesso,2025-04-06,147.3037
MII180401,Roma Regina Coeli,2025-04-06,190.0350
MII180415,Rossano,2025-04-06,121.9231
MII180424,Rovigo,2025-04-06,121.5311
MII180426,Salerno,2025-04-06,155.3191
MII180437,Saluzzo,2025-04-06,85.1415
MII180451,San Cataldo,2025-04-06,89.3130
MII180458,San Gimignano,2025-04-06,145.7399
MII180476,San Severo,2025-04-06,144.2623
MII180465,Sanremo,2025-04-06,115.2466
MII181079,Sant'Angelo dei Lombardi,2025-04-06,141.9355
MII180487,Santa Maria Capua Vetere,2025-04-06,140.3581
MII181091,Sassari,2025-04-06,115.4525
MII181109,Sciacca,2025-04-06,100.0000
MII181115,Siena,2025-04-06,108.6207
MII181125,Siracusa,2025-04-06,126.4220
MII181346,Sondrio,2025-04-06,133.3333
MII181358,Spoleto,2025-04-06,105.4825
MII181371,Sulmona,2025-04-06,88.8454
MII181377,Taranto,2025-04-06,193.3747
MII181385,Tempio Pausania,2025-04-06,96.4706
MII181392,Teramo,2025-04-06,172.7273
MII181401,Termini Imerese,2025-04-06,103.1579
MII181407,Terni,2025-04-06,140.0474
MII181417,Tolmezzo,2025-04-06,123.1293
MII181424,Torino,2025-04-06,128.5324
MII181434,Trani,2025-04-06,132.6599
MII181440,Trani femminile,2025-04-06,109.3750
MII181625,Trapani,2025-04-06,118.3099
MII181636,Trento,2025-04-06,85.7820
MII181645,Treviso,2025-04-06,180.3030
MII181661,Trieste,2025-04-06,181.6794
MII181681,Turi,2025-04-06,154.6296
MII181672,Udine,2025-04-06,189.4737
MII181691,Vallo della Lucania,2025-04-06,137.5000
MII181703,Varese,2025-04-06,198.1132
MII181820,Vasto,2025-04-06,66.6667
MII181839,Velletri,2025-04-06,152.8190
MII181847,Venezia Giudecca,2025-04-06,89.2857
MII181863,Venezia Santa Maria Maggiore,2025-04-06,169.8113
MII181870,Verbania,2025-04-06,145.2830
MII181880,Vercelli,2025-04-06,152.3810
MII181891,Verona,2025-04-06,193.0599
MII181908,Vibo Valentia,2025-04-06,96.7254
MII181918,Vicenza,2025-04-06,142.1053
MII181924,Vigevano,2025-04-06,161.9469
MII181934,Viterbo,2025-04-06,173.0864
MII179733,Voghera,2025-04-06,121.1765
MII179876,Volterra,2025-04-06,94.1489
MII158910,Agrigento,2025-04-13,140.5405
MII157783,Alba,2025-04-13,100.0000
MII158919,"Alessandria Cantiello, Gaeta",2025-04-13,103.4335
MII158924,Alessandria San Michele,2025-04-13,137.9310
MII158935,Alghero,2025-04-13,55.1282
MII172277,Altamura,2025-04-13,170.8333
MII158944,Ancona Barcaglione,2025-04-13,83.0000
MII158941,Ancona Montacuto,2025-04-13,130.8594
MII158945,Arbus,2025-04-13,72.2222
MII158948,Arezzo,2025-04-13,160.8696
MII159053,Ariano Irpino,2025-04-13,143.2558
MII159060,Arienzo,2025-04-13,148.2759
MII159065,Ascoli Piceno,2025-04-13,144.6602
MII159069,Asti,2025-04-13,129.1457
MII159314,Augusta,2025-04-13,169.7059
MII172011,Avellino,2025-04-13,125.4860
MII172187,Aversa,2025-04-13,120.9402
MII182440,Avezzano,2025-04-13,118.8679
MII172222,Barcellona Pozzo di Gotto,2025-04-13,73.8351
MII181678,Bari,2025-04-13,170.0787
MII158901,Belluno,2025-04-13,147.5000
MII160204,Benevento,2025-04-13,150.5929
MII172827,Bergamo,2025-04-13,183.9623
MII172332,Biella,2025-04-13,127.5510
MII172344,Bollate,2025-04-13,109.7946
MII172508,Bologna,2025-04-13,179.3578
MII172580,Bolzano,2025-04-13,136.3636
MII172592,Brescia Canton Monbello,2025-04-13,202.7473
MII172610,Brescia Verziano,2025-04-13,147.1429
MII172623,Brindisi,2025-04-13,168.3761
MII172814,Brissogne - Aosta,2025-04-13,73.9884
MII172320,Busto Arsizio,2025-04-13,184.3478
MII172835,Cagliari Uta,2025-04-13,124.7772
MII173006,Caltagirone,2025-04-13,111.9363
MII173063,Caltanissetta,2025-04-13,131.6940
MII173088,Campobasso,2025-04-13,173.9583
MII173101,Carinola,2025-04-13,85.2060
MII173114,Cassino,2025-04-13,170.0787
MII173237,Castelfranco Emilia,2025-04-13,56.3758
MII173259,Castelvetrano,2025-04-13,150.0000
MII173265,Castrovillari,2025-04-13,141.8033
MII173285,Catania Bicocca,2025-04-13,141.2214
MII173301,Catania Piazza Lanza,2025-04-13,159.7122
MII173311,Catanzaro,2025-04-13,101.9108
MII173356,Chiavari,2025-04-13,123.0769
MII173364,Chieti,2025-04-13,181.0127
MII173688,Civitavecchia Giuseppe Passerini,2025-04-13,95.6522
MII172208,Civitavecchia Nuovo Complesso,2025-04-13,177.4920
MII173712,Como,2025-04-13,189.7778
MII173341,Cosenza,2025-04-13,121.3636
MII173747,Cremona,2025-04-13,142.1875
MII173324,Crotone,2025-04-13,112.9032
MII173764,Cuneo,2025-04-13,102.3936
MII173784,Eboli,2025-04-13,87.0370
MII173813,Enna,2025-04-13,127.5641
MII173994,Favignana,2025-04-13,108.9888
MII174501,Fermo,2025-04-13,137.2093
MII174686,Ferrara,2025-04-13,160.2459
MII174825,Firenze Mario Gozzini,2025-04-13,128.5714
MII174720,Firenze Sollicciano,2025-04-13,140.7895
MII176375,Foggia,2025-04-13,211.5756
MII176403,Forlì,2025-04-13,110.5263
MII176414,Fossano,2025-04-13,82.3529
MII176424,Fossombrone,2025-04-13,85.1485
MII176437,Frosinone,2025-04-13,123.0603
MII176451,Gela,2025-04-13,172.9167
MII152284,Genova Marassi,2025-04-13,131.8352
MII176703,Genova Pontedecimo,2025-04-13,169.4118
MII176714,Giarre,2025-04-13,143.1373
MII176719,Gorizia,2025-04-13,128.5714
MII176743,Grosseto,2025-04-13,153.3333
MII176749,Imperia,2025-04-13,121.5686
MII176759,Isernia,2025-04-13,122.7273
MII176771,Isili,2025-04-13,80.3738
MII176781,Ivrea,2025-04-13,144.9198
MII177134,L'Aquila,2025-04-13,77.0270
MII176788,La Spezia,2025-04-13,120.3883
MII177107,Lanciano,2025-04-13,120.1794
MII177118,Lanusei,2025-04-13,115.1515
MII177323,Larino,2025-04-13,138.5321
MII177332,Latina,2025-04-13,181.8182
MII177346,Laureana di Borrello,2025-04-13,129.7297
MII177384,Lauro,2025-04-13,0.0000
MII177420,Lecce,2025-04-13,168.5408
MII177436,Lecco,2025-04-13,153.8462
MII177463,Livorno,2025-04-13,151.3966
MII177498,Livorno Gorgona,2025-04-13,98.8764
MII177996,Locri,2025-04-13,148.2353
MII178027,Lodi,2025-04-13,195.4545
MII178035,Lucca,2025-04-13,194.7368
MII178045,Lucera,2025-04-13,125.1852
MII178072,Mantova,2025-04-13,142.2680
MII178085,Massa,2025-04-13,154.7059
MII178115,Massa Marittima,2025-04-13,83.3333
MII178124,Matera,2025-04-13,144.8000
MII178141,Melfi,2025-04-13,119.4444
MII178148,Messina,2025-04-13,97.6852
MII158895,Milano San Vittore,2025-04-13,218.4265
MII178501,Milano San Vittore femminile,2025-04-13,171.7391
MII178638,Modena,2025-04-13,152.5745
MII178659,Monza,2025-04-13,175.6691
MII178666,Napoli Poggioreale,2025-04-13,154.4919
MII178672,Napoli Secondigliano,2025-04-13,134.3379
MII178681,Noto,2025-04-13,81.8182
MII178700,Novara,2025-04-13,107.6923
MII179224,Nuoro,2025-04-13,75.4579
MII178003,Onanì,2025-04-13,67.5000
MII179237,Opera,2025-04-13,147.6615
MII179274,Oristano,2025-04-13,86.2595
MII179280,Orvieto,2025-04-13,126.5306
MII179290,Padova,2025-04-13,129.2553
MII179299,Padova Nuovo Complesso,2025-04-13,153.6000
MII179306,Palermo Pagliarelli,2025-04-13,124.9771
MII179324,Palermo Ucciardone,2025-04-13,110.9057
MII179331,Paliano,2025-04-13,41.4474
MII179342,Palmi,2025-04-13,119.1489
MII179353,Paola,2025-04-13,114.3791
MII179364,Parma,2025-04-13,122.9904
MII182910,Pavia,2025-04-13,143.0612
MII179781,Perugia,2025-04-13,147.5884
MII179818,Pesaro,2025-04-13,163.6364
MII179830,Pescara,2025-04-13,157.2016
MII179842,Piacenza,2025-04-13,131.4770
MII179856,Piazza Armerina,2025-04-13,158.3333
MII182919,Pisa,2025-04-13,147.1204
MII179896,Pistoia,2025-04-13,86.6667
MII179913,Pordenone,2025-04-13,154.0541
MII179932,Porto Azzurro,2025-04-13,98.4424
MII179938,Potenza,2025-04-13,167.2131
MII179958,Prato,2025-04-13,108.9983
MII179965,Ragusa,2025-04-13,108.1967
MII179981,Ravenna,2025-04-13,140.8163
MII179988,Reggio Calabria Arghillà,2025-04-13,127.4021
MII179995,Reggio Calabria Giuseppe Panzera,2025-04-13,126.1146
MII182339,Reggio Emilia,2025-04-13,129.6137
MII169535,Rieti,2025-04-13,169.5502
MII180001,Rimini,2025-04-13,130.5085
MII180380,Roma Rebibbia,2025-04-13,92.9054
MII180348,Roma Rebibbia femminile,2025-04-13,143.1818
MII180356,Roma Rebibbia IIIª casa,2025-04-13,60.6061
MII180370,Roma Rebibbia Nuovo Complesso,2025-04-13,146.0738
MII180401,Roma Regina Coeli,2025-04-13,192.8322
MII180415,Rossano,2025-04-13,122.6923
MII180424,Rovigo,2025-04-13,123.9234
MII180426,Salerno,2025-04-13,157.9787
MII180437,Saluzzo,2025-04-13,84.9057
MII180451,San Cataldo,2025-04-13,83.9695
MII180458,San Gimignano,2025-04-13,145.7399
MII180476,San Severo,2025-04-13,137.7049
MII180465,Sanremo,2025-04-13,114.3498
MII181079,Sant'Angelo dei Lombardi,2025-04-13,150.0000
MII180487,Santa Maria Capua Vetere,2025-04-13,142.4242
MII181091,Sassari,2025-04-13,113.4658
MII181109,Sciacca,2025-04-13,100.0000
MII181115,Siena,2025-04-13,113.7931
MII181125,Siracusa,2025-04-13,127.1560
MII181346,Sondrio,2025-04-13,129.1667
MII181358,Spoleto,2025-04-13,106.1404
MII181371,Sulmona,2025-04-13,88.4540
MII181377,Taranto,2025-04-13,193.7888
MII181385,Tempio Pausania,2025-04-13,98.2353
MII181392,Teramo,2025-04-13,173.1225
MII181401,Termini Imerese,2025-04-13,97.8947
MII181407,Terni,2025-04-13,140.0474
MII181417,Tolmezzo,2025-04-13,127.8912
MII181424,Torino,2025-04-13,127.0738
MII181434,Trani,2025-04-13,134.0067
MII181440,Trani femminile,2025-04-13,115.6250
MII181625,Trapani,2025-04-13,118.9135
MII181636,Trento,2025-04-13,88.1517
MII181645,Treviso,2025-04-13,180.3030
MII181661,Trieste,2025-04-13,177.8626
MII181681,Turi,2025-04-13,156.4815
MII181672,Udine,2025-04-13,189.4737
MII181691,Vallo della Lucania,2025-04-13,135.0000
MII181703,Varese,2025-04-13,203.7736
MII181820,Vasto,2025-04-13,68.0272
MII181839,Velletri,2025-04-13,152.2255
MII181847,Venezia Giudecca,2025-04-13,91.9643
MII181863,Venezia Santa Maria Maggiore,2025-04-13,171.6981
MII181870,Verbania,2025-04-13,135.8491
MII181880,Vercelli,2025-04-13,148.5981
MII181891,Verona,2025-04-13,191.1950
MII181908,Vibo Valentia,2025-04-13,96.7419
MII181918,Vicenza,2025-04-13,139.8496
MII181924,Vigevano,2025-04-13,161.5044
MII181934,Viterbo,2025-04-13,173.8272
MII179733,Voghera,2025-04-13,120.0000
MII179876,Volterra,2025-04-13,93.6170
MII158910,Agrigento,2025-04-20,143.2432
MII157783,Alba,2025-04-20,102.0408
MII158919,"Alessandria Cantiello, Gaeta",2025-04-20,101.7167
MII158924,Alessandria San Michele,2025-04-20,137.2624
MII158935,Alghero,2025-04-20,53.8462
MII172277,Altamura,2025-04-20,168.7500
MII158944,Ancona Barcaglione,2025-04-20,84.0000
MII158941,Ancona Montacuto,2025-04-20,131.6406
MII158945,Arbus,2025-04-20,71.4286
MII158948,Arezzo,2025-04-20,173.9130
MII159053,Ariano Irpino,2025-04-20,142.7907
MII159060,Arienzo,2025-04-20,148.2759
MII159065,Ascoli Piceno,2025-04-20,140.7767
MII159069,Asti,2025-04-20,127.1357
MII159314,Augusta,2025-04-20,171.1765
MII172011,Avellino,2025-04-20,127.6458
MII172187,Aversa,2025-04-20,119.6581
MII182440,Avezzano,2025-04-20,118.8679
MII172222,Barcellona Pozzo di Gotto,2025-04-20,74.5520
MII181678,Bari,2025-04-20,170.0787
MII158901,Belluno,2025-04-20,148.7500
MII160204,Benevento,2025-04-20,153.7849
MII172827,Bergamo,2025-04-20,183.3333
MII172332,Biella,2025-04-20,126.0204
MII172344,Bollate,2025-04-20,109.2417
MII172508,Bologna,2025-04-20,178.8991
MII172580,Bolzano,2025-04-20,137.5000
MII172592,Brescia Canton Monbello,2025-04-20,197.8022
MII172610,Brescia Verziano,2025-04-20,152.8571
MII172623,Brindisi,2025-04-20,171.4286
MII172814,Brissogne - Aosta,2025-04-20,76.8786
MII172320,Busto Arsizio,2025-04-20,186.9955
MII172835,Cagliari Uta,2025-04-20,122.8164
MII173006,Caltagirone,2025-04-20,112.4668
MII173063,Caltanissetta,2025-04-20,130.6011
MII173088,Campobasso,2025-04-20,175.0000
MII173101,Carinola,2025-04-20,83.8951
MII173114,Cassino,2025-04-20,130.7087
MII173237,Castelfranco Emilia,2025-04-20,55.0336
MII173259,Castelvetrano,2025-04-20,152.2727
MII173265,Castrovillari,2025-04-20,142.6230
MII173285,Catania Bicocca,2025-04-20,140.6015
MII173301,Catania Piazza Lanza,2025-04-20,162.2302
MII173311,Catanzaro,2025-04-20,101.7516
MII173356,Chiavari,2025-04-20,125.0000
MII173364,Chieti,2025-04-20,182.2785
MII173688,Civitavecchia Giuseppe Passerini,2025-04-20,97.8261
MII172208,Civitavecchia Nuovo Complesso,2025-04-20,182.9582
MII173712,Como,2025-04-20,189.7778
MII173341,Cosenza,2025-04-20,121.8182
MII173747,Cremona,2025-04-20,141.6667
MII173324,Crotone,2025-04-20,115.0538
MII173764,Cuneo,2025-04-20,102.6596
MII173784,Eboli,2025-04-20,85.1852
MII173813,Enna,2025-04-20,128.2051
MII173994,Favignana,2025-04-20,105.6180
MII174501,Fermo,2025-04-20,134.8837
MII174686,Ferrara,2025-04-20,161.4754
MII174825,Firenze Mario Gozzini,2025-04-20,129.8701
MII174720,Firenze Sollicciano,2025-04-20,151.9663
MII176375,Foggia,2025-04-20,211.5756
MII176403,Forlì,2025-04-20,110.5263
MII176414,Fossano,2025-04-20,83.0882
MII176424,Fossombrone,2025-04-20,84.1584
MII176437,Frosinone,2025-04-20,123.9224
MII176451,Gela,2025-04-20,175.0000
MII152284,Genova Marassi,2025-04-20,130.8989
MII176703,Genova Pontedecimo,2025-04-20,171.7647
MII176714,Giarre,2025-04-20,145.0980
MII176719,Gorizia,2025-04-20,133.3333
MII176743,Grosseto,2025-04-20,146.6667
MII176749,Imperia,2025-04-20,119.6078
MII176759,Isernia,2025-04-20,131.8182
MII176771,Isili,2025-04-20,85.9813
MII176781,Ivrea,2025-04-20,143.8503
MII177134,L'Aquila,2025-04-20,77.9279
MII176788,La Spezia,2025-04-20,122.3301
MII177107,Lanciano,2025-04-20,119.8198
MII177118,Lanusei,2025-04-20,115.1515
MII177323,Larino,2025-04-20,134.8624
MII177332,Latina,2025-04-20,179.2208
MII177346,Laureana di Borrello,2025-04-20,127.0270
MII177384,Lauro,2025-04-20,0.0000
MII177420,Lecce,2025-04-20,167.4699
MII177436,Lecco,2025-04-20,155.7692
MII177463,Livorno,2025-04-20,143.5754
MII177498,Livorno Gorgona,2025-04-20,96.6292
MII177996,Locri,2025-04-20,142.3529
MII178027,Lodi,2025-04-20,193.1818
MII178035,Lucca,2025-04-20,197.3684
MII178045,Lucera,2025-04-20,124.4444
MII178072,Mantova,2025-04-20,142.1053
MII178085,Massa,2025-04-20,156.4706
MII178115,Massa Marittima,2025-04-20,85.4167
MII178124,Matera,2025-04-20,147.2000
MII178141,Melfi,2025-04-20,120.8333
MII178148,Messina,2025-04-20,99.5392
MII158895,Milano San Vittore,2025-04-20,216.1491
MII178501,Milano San Vittore femminile,2025-04-20,171.7391
MII178638,Modena,2025-04-20,151.4905
MII178659,Monza,2025-04-20,176.8856
MII178666,Napoli Poggioreale,2025-04-20,155.1546
MII178672,Napoli Secondigliano,2025-04-20,134.8858
MII178681,Noto,2025-04-20,81.2500
MII178700,Novara,2025-04-20,101.9231
MII179224,Nuoro,2025-04-20,76.2774
MII178003,Onanì,2025-04-20,67.0000
MII179237,Opera,2025-04-20,148.7751
MII179274,Oristano,2025-04-20,85.1145
MII179280,Orvieto,2025-04-20,125.5102
MII179290,Padova,2025-04-20,125.5319
MII179299,Padova Nuovo Complesso,2025-04-20,153.3333
MII179306,Palermo Pagliarelli,2025-04-20,124.5197
MII179324,Palermo Ucciardone,2025-04-20,110.7209
MII179331,Paliano,2025-04-20,41.4474
MII179342,Palmi,2025-04-20,118.4397
MII179353,Paola,2025-04-20,113.0719
MII179364,Parma,2025-04-20,123.9936
MII182910,Pavia,2025-04-20,144.0816
MII179781,Perugia,2025-04-20,145.5128
MII179818,Pesaro,2025-04-20,161.5385
MII179830,Pescara,2025-04-20,159.2593
MII179842,Piacenza,2025-04-20,127.2289
MII179856,Piazza Armerina,2025-04-20,158.3333
MII182919,Pisa,2025-04-20,147.1204
MII179896,Pistoia,2025-04-20,94.5946
MII179913,Pordenone,2025-04-20,143.2432
MII179932,Porto Azzurro,2025-04-20,99.3769
MII179938,Potenza,2025-04-20,170.4918
MII179958,Prato,2025-04-20,108.8285
MII179965,Ragusa,2025-04-20,104.3716
MII179981,Ravenna,2025-04-20,153.0612
MII179988,Reggio Calabria Arghillà,2025-04-20,123.4875
MII179995,Reggio Calabria Giuseppe Panzera,2025-04-20,125.4777
MII182339,Reggio Emilia,2025-04-20,130.7692
MII169535,Rieti,2025-04-20,168.1661
MII180001,Rimini,2025-04-20,132.2034
MII180380,Roma Rebibbia,2025-04-20,91.5541
MII180348,Roma Rebibbia femminile,2025-04-20,143.3962
MII180356,Roma Rebibbia IIIª casa,2025-04-20,59.8485
MII180370,Roma Rebibbia Nuovo Complesso,2025-04-20,149.0066
MII180401,Roma Regina Coeli,2025-04-20,190.2098
MII180415,Rossano,2025-04-20,123.4615
MII180424,Rovigo,2025-04-20,122.9665
MII180426,Salerno,2025-04-20,154.7872
MII180437,Saluzzo,2025-04-20,83.9623
MII180451,San Cataldo,2025-04-20,82.4427
MII180458,San Gimignano,2025-04-20,145.7399
MII180476,San Severo,2025-04-20,144.2623
MII180465,Sanremo,2025-04-20,114.7982
MII181079,Sant'Angelo dei Lombardi,2025-04-20,145.9677
MII180487,Santa Maria Capua Vetere,2025-04-20,142.8375
MII181091,Sassari,2025-04-20,113.4658
MII181109,Sciacca,2025-04-20,95.0000
MII181115,Siena,2025-04-20,124.1379
MII181125,Siracusa,2025-04-20,127.7064
MII181346,Sondrio,2025-04-20,150.0000
MII181358,Spoleto,2025-04-20,105.7018
MII181371,Sulmona,2025-04-20,88.4540
MII181377,Taranto,2025-04-20,195.0311
MII181385,Tempio Pausania,2025-04-20,98.8235
MII181392,Teramo,2025-04-20,175.8893
MII181401,Termini Imerese,2025-04-20,98.9474
MII181407,Terni,2025-04-20,140.7583
MII181417,Tolmezzo,2025-04-20,127.2109
MII181424,Torino,2025-04-20,130.1835
MII181434,Trani,2025-04-20,135.0168
MII181440,Trani femminile,2025-04-20,112.5000
MII181625,Trapani,2025-04-20,117.9074
MII181636,Trento,2025-04-20,88.3886
MII181645,Treviso,2025-04-20,186.3636
MII181661,Trieste,2025-04-20,178.1955
MII181681,Turi,2025-04-20,154.6296
MII181672,Udine,2025-04-20,186.3158
MII181691,Vallo della Lucania,2025-04-20,140.0000
MII181703,Varese,2025-04-20,190.5660
MII181820,Vasto,2025-04-20,68.7075
MII181839,Velletri,2025-04-20,156.6766
MII181847,Venezia Giudecca,2025-04-20,94.6429
MII181863,Venezia Santa Maria Maggiore,2025-04-20,174.2138
MII181870,Verbania,2025-04-20,141.5094
MII181880,Vercelli,2025-04-20,148.3721
MII181891,Verona,2025-04-20,180.2985
MII181908,Vibo Valentia,2025-04-20,98.2456
MII181918,Vicenza,2025-04-20,136.4662
MII181924,Vigevano,2025-04-20,161.9469
MII181934,Viterbo,2025-04-20,175.3086
MII179733,Voghera,2025-04-20,118.2353
MII179876,Volterra,2025-04-20,94.1489
MII158910,Agrigento,2025-04-27,141.3127
MII157783,Alba,2025-04-27,102.0408
MII158919,"Alessandria Cantiello, Gaeta",2025-04-27,103.0043
MII158924,Alessandria San Michele,2025-04-27,136.8821
MII158935,Alghero,2025-04-27,52.5641
MII172277,Altamura,2025-04-27,168.7500
MII158944,Ancona Barcaglione,2025-04-27,82.0000
MII158941,Ancona Montacuto,2025-04-27,130.4688
MII158945,Arbus,2025-04-27,69.8413
MII158948,Arezzo,2025-04-27,182.6087
MII159053,Ariano Irpino,2025-04-27,143.2558
MII159060,Arienzo,2025-04-27,148.2759
MII159065,Ascoli Piceno,2025-04-27,140.7767
MII159069,Asti,2025-04-27,127.6382
MII159314,Augusta,2025-04-27,171.4706
MII172011,Avellino,2025-04-27,128.0778
MII172187,Aversa,2025-04-27,120.5128
MII182440,Avezzano,2025-04-27,116.9811
MII172222,Barcellona Pozzo di Gotto,2025-04-27,75.6272
MII181678,Bari,2025-04-27,168.8976
MII158901,Belluno,2025-04-27,152.5000
MII160204,Benevento,2025-04-27,151.7787
MII172827,Bergamo,2025-04-27,180.8176
MII172332,Biella,2025-04-27,127.8061
MII172344,Bollate,2025-04-27,109.4787
MII172508,Bologna,2025-04-27,178.8991
MII172580,Bolzano,2025-04-27,143.1818
MII172592,Brescia Canton Monbello,2025-04-27,200.5495
MII172610,Brescia Verziano,2025-04-27,158.5714
MII172623,Brindisi,2025-04-27,180.6723
MII172814,Brissogne - Aosta,2025-04-27,79.3103
MII172320,Busto Arsizio,2025-04-27,190.1345
MII172835,Cagliari Uta,2025-04-27,123.5294
MII173006,Caltagirone,2025-04-27,112.4668
MII173063,Caltanissetta,2025-04-27,131.1475
MII173088,Campobasso,2025-04-27,177.0833
MII173101,Carinola,2025-04-27,83.3333
MII173114,Cassino,2025-04-27,169.0722
MII173237,Castelfranco Emilia,2025-04-27,55.7047
MII173259,Castelvetrano,2025-04-27,152.2727
MII173265,Castrovillari,2025-04-27,140.1639
MII173285,Catania Bicocca,2025-04-27,139.0977
MII173301,Catania Piazza Lanza,2025-04-27,159.1398
MII173311,Catanzaro,2025-04-27,102.0602
MII173356,Chiavari,2025-04-27,126.9231
MII173364,Chieti,2025-04-27,182.2785
MII173688,Civitavecchia Giuseppe Passerini,2025-04-27,96.7391
MII172208,Civitavecchia Nuovo Complesso,2025-04-27,180.3859
MII173712,Como,2025-04-27,190.2655
MII173341,Cosenza,2025-04-27,122.7273
MII173747,Cremona,2025-04-27,141.6667
MII173324,Crotone,2025-04-27,116.1290
MII173764,Cuneo,2025-04-27,102.9255
MII173784,Eboli,2025-04-27,85.1852
MII173813,Enna,2025-04-27,131.4103
MII173994,Favignana,2025-04-27,108.1395
MII174501,Fermo,2025-04-27,137.2093
MII174686,Ferrara,2025-04-27,163.1148
MII174825,Firenze Mario Gozzini,2025-04-27,132.4675
MII174720,Firenze Sollicciano,2025-04-27,153.3708
MII176375,Foggia,2025-04-27,210.2894
MII176403,Forlì,2025-04-27,109.7744
MII176414,Fossano,2025-04-27,85.2941
MII176424,Fossombrone,2025-04-27,84.1584
MII176437,Frosinone,2025-04-27,123.2759
MII176451,Gela,2025-04-27,164.5833
MII152284,Genova Marassi,2025-04-27,129.2135
MII176703,Genova Pontedecimo,2025-04-27,172.9412
MII176714,Giarre,2025-04-27,147.0588
MII176719,Gorizia,2025-04-27,138.0952
MII176743,Grosseto,2025-04-27,166.6667
MII176749,Imperia,2025-04-27,119.6078
MII176759,Isernia,2025-04-27,131.8182
MII176771,Isili,2025-04-27,84.1121
MII176781,Ivrea,2025-04-27,140.1070
MII177134,L'Aquila,2025-04-27,77.9279
MII176788,La Spezia,2025-04-27,124.2718
MII177107,Lanciano,2025-04-27,120.2703
MII177118,Lanusei,2025-04-27,115.1515
MII177323,Larino,2025-04-27,134.8624
MII177332,Latina,2025-04-27,176.6234
MII177346,Laureana di Borrello,2025-04-27,135.1351
MII177384,Lauro,2025-04-27,0.0000
MII177420,Lecce,2025-04-27,166.3989
MII177436,Lecco,2025-04-27,157.6923
MII177463,Livorno,2025-04-27,131.8436
MII177498,Livorno Gorgona,2025-04-27,95.5056
MII177996,Locri,2025-04-27,154.4304
MII178027,Lodi,2025-04-27,188.6364
MII178035,Lucca,2025-04-27,194.7368
MII178045,Lucera,2025-04-27,123.7037
MII178072,Mantova,2025-04-27,136.8421
MII178085,Massa,2025-04-27,155.2941
MII178115,Massa Marittima,2025-04-27,104.1667
MII178124,Matera,2025-04-27,144.8000
MII178141,Melfi,2025-04-27,120.8333
MII178148,Messina,2025-04-27,99.0783
MII158895,Milano San Vittore,2025-04-27,216.7702
MII178501,Milano San Vittore femminile,2025-04-27,180.4348
MII178638,Modena,2025-04-27,152.3035
MII178659,Monza,2025-04-27,177.3171
MII178666,Napoli Poggioreale,2025-04-27,156.4065
MII178672,Napoli Secondigliano,2025-04-27,134.8858
MII178681,Noto,2025-04-27,81.8182
MII178700,Novara,2025-04-27,103.2051
MII179224,Nuoro,2025-04-27,78.1022
MII178003,Onanì,2025-04-27,67.0000
MII179237,Opera,2025-04-27,149.2205
MII179274,Oristano,2025-04-27,85.1145
MII179280,Orvieto,2025-04-27,129.5918
MII179290,Padova,2025-04-27,126.5957
MII179299,Padova Nuovo Complesso,2025-04-27,154.4000
MII179306,Palermo Pagliarelli,2025-04-27,123.9707
MII179324,Palermo Ucciardone,2025-04-27,111.2754
MII179331,Paliano,2025-04-27,40.7895
MII179342,Palmi,2025-04-27,117.0213
MII179353,Paola,2025-04-27,115.6863
MII179364,Parma,2025-04-27,124.1546
MII182910,Pavia,2025-04-27,146.3265
MII179781,Perugia,2025-04-27,147.6038
MII179818,Pesaro,2025-04-27,161.5385
MII179830,Pescara,2025-04-27,158.0247
MII179842,Piacenza,2025-04-27,127.2289
MII179856,Piazza Armerina,2025-04-27,156.2500
MII182919,Pisa,2025-04-27,147.1204
MII179896,Pistoia,2025-04-27,100.0000
MII179913,Pordenone,2025-04-27,140.5405
MII179932,Porto Azzurro,2025-04-27,101.2461
MII179938,Potenza,2025-04-27,170.4918
MII179958,Prato,2025-04-27,108.9983
MII179965,Ragusa,2025-04-27,103.8251
MII179981,Ravenna,2025-04-27,157.1429
MII179988,Reggio Calabria Arghillà,2025-04-27,123.4875
MII179995,Reggio Calabria Giuseppe Panzera,2025-04-27,124.8408
MII182339,Reggio Emilia,2025-04-27,132.1888
MII169535,Rieti,2025-04-27,168.8581
MII180001,Rimini,2025-04-27,136.4407
MII180380,Roma Rebibbia,2025-04-27,91.8919
MII180348,Roma Rebibbia femminile,2025-04-27,143.3962
MII180356,Roma Rebibbia IIIª casa,2025-04-27,59.0909
MII180370,Roma Rebibbia Nuovo Complesso,2025-04-27,148.7228
MII180401,Roma Regina Coeli,2025-04-27,187.7622
MII180415,Rossano,2025-04-27,123.8462
MII180424,Rovigo,2025-04-27,122.4880
MII180426,Salerno,2025-04-27,153.9894
MII180437,Saluzzo,2025-04-27,83.9623
MII180451,San Cataldo,2025-04-27,84.7328
MII180458,San Gimignano,2025-04-27,145.7399
MII180476,San Severo,2025-04-27,145.9016
MII180465,Sanremo,2025-04-27,115.2466
MII181079,Sant'Angelo dei Lombardi,2025-04-27,145.1613
MII180487,Santa Maria Capua Vetere,2025-04-27,142.4242
MII181091,Sassari,2025-04-27,113.2450
MII181109,Sciacca,2025-04-27,100.0000
MII181115,Siena,2025-04-27,122.4138
MII181125,Siracusa,2025-04-27,127.3394
MII181346,Sondrio,2025-04-27,154.1667
MII181358,Spoleto,2025-04-27,106.7982
MII181371,Sulmona,2025-04-27,88.8454
MII181377,Taranto,2025-04-27,193.5950
MII181385,Tempio Pausania,2025-04-27,98.2353
MII181392,Teramo,2025-04-27,179.1339
MII181401,Termini Imerese,2025-04-27,102.1053
MII181407,Terni,2025-04-27,139.8104
MII181417,Tolmezzo,2025-04-27,127.2109
MII181424,Torino,2025-04-27,129.2661
MII181434,Trani,2025-04-27,137.7104
MII181440,Trani femminile,2025-04-27,112.5000
MII181625,Trapani,2025-04-27,118.1087
MII181636,Trento,2025-04-27,88.1517
MII181645,Treviso,2025-04-27,185.6061
MII181661,Trieste,2025-04-27,177.4436
MII181681,Turi,2025-04-27,156.4815
MII181672,Udine,2025-04-27,184.2105
MII181691,Vallo della Lucania,2025-04-27,142.5000
MII181703,Varese,2025-04-27,194.3396
MII181820,Vasto,2025-04-27,69.3878
MII181839,Velletri,2025-04-27,158.4570
MII181847,Venezia Giudecca,2025-04-27,95.5357
MII181863,Venezia Santa Maria Maggiore,2025-04-27,174.8428
MII181870,Verbania,2025-04-27,139.6226
MII181880,Vercelli,2025-04-27,152.0930
MII181891,Verona,2025-04-27,181.7910
MII181908,Vibo Valentia,2025-04-27,99.4975
MII181918,Vicenza,2025-04-27,135.7143
MII181924,Vigevano,2025-04-27,161.5044
MII181934,Viterbo,2025-04-27,175.0617
MII179733,Voghera,2025-04-27,118.2353
MII179876,Volterra,2025-04-27,94.6809
MII158910,Agrigento,2025-05-04,138.6100
MII157783,Alba,2025-05-04,102.0408
MII158919,"Alessandria Cantiello, Gaeta",2025-05-04,100.4292
MII158924,Alessandria San Michele,2025-05-04,137.6426
MII158935,Alghero,2025-05-04,53.2051
MII172277,Altamura,2025-05-04,164.5833
MII158944,Ancona Barcaglione,2025-05-04,82.0000
MII158941,Ancona Montacuto,2025-05-04,130.8594
MII158945,Arbus,2025-05-04,70.6349
MII158948,Arezzo,2025-05-04,173.9130
MII159053,Ariano Irpino,2025-05-04,144.1860
MII159060,Arienzo,2025-05-04,148.2759
MII159065,Ascoli Piceno,2025-05-04,141.7476
MII159069,Asti,2025-05-04,128.6432
MII159314,Augusta,2025-05-04,172.1408
MII172011,Avellino,2025-05-04,128.2328
MII172187,Aversa,2025-05-04,122.2222
MII182440,Avezzano,2025-05-04,130.1887
MII172222,Barcellona Pozzo di Gotto,2025-05-04,77.3852
MII181678,Bari,2025-05-04,164.5914
MII158901,Belluno,2025-05-04,143.2099
MII160204,Benevento,2025-05-04,152.5692
MII172827,Bergamo,2025-05-04,181.7610
MII172332,Biella,2025-05-04,127.8061
MII172344,Bollate,2025-05-04,109.6367
MII172508,Bologna,2025-05-04,179.6767
MII172580,Bolzano,2025-05-04,135.2273
MII172592,Brescia Canton Monbello,2025-05-04,200.0000
MII172610,Brescia Verziano,2025-05-04,160.0000
MII172623,Brindisi,2025-05-04,179.8319
MII172814,Brissogne - Aosta,2025-05-04,78.2857
MII172320,Busto Arsizio,2025-05-04,187.8924
MII172835,Cagliari Uta,2025-05-04,123.7077
MII173006,Caltagirone,2025-05-04,113.2626
MII173063,Caltanissetta,2025-05-04,132.2404
MII173088,Campobasso,2025-05-04,169.0722
MII173101,Carinola,2025-05-04,79.9625
MII173114,Cassino,2025-05-04,172.6316
MII173237,Castelfranco Emilia,2025-05-04,56.3758
MII173259,Castelvetrano,2025-05-04,150.0000
MII173265,Castrovillari,2025-05-04,136.0656
MII173285,Catania Bicocca,2025-05-04,140.6015
MII173301,Catania Piazza Lanza,2025-05-04,151.6129
MII173311,Catanzaro,2025-05-04,101.2678
MII173356,Chiavari,2025-05-04,125.0000
MII173364,Chieti,2025-05-04,178.4810
MII173688,Civitavecchia Giuseppe Passerini,2025-05-04,96.7391
MII172208,Civitavecchia Nuovo Complesso,2025-05-04,181.0289
MII173712,Como,2025-05-04,189.8230
MII173341,Cosenza,2025-05-04,123.1818
MII173747,Cremona,2025-05-04,141.1458
MII173324,Crotone,2025-05-04,117.2043
MII173764,Cuneo,2025-05-04,102.9412
MII173784,Eboli,2025-05-04,85.1852
MII173813,Enna,2025-05-04,133.9744
MII173994,Favignana,2025-05-04,103.3708
MII174501,Fermo,2025-05-04,139.5349
MII174686,Ferrara,2025-05-04,162.2951
MII174825,Firenze Mario Gozzini,2025-05-04,129.8701
MII174720,Firenze Sollicciano,2025-05-04,153.5211
MII176375,Foggia,2025-05-04,212.8617
MII176403,Forlì,2025-05-04,115.7895
MII176414,Fossano,2025-05-04,83.8235
MII176424,Fossombrone,2025-05-04,84.1584
MII176437,Frosinone,2025-05-04,123.9224
MII176451,Gela,2025-05-04,160.4167
MII152284,Genova Marassi,2025-05-04,129.7753
MII176703,Genova Pontedecimo,2025-05-04,173.2558
MII176714,Giarre,2025-05-04,150.0000
MII176719,Gorizia,2025-05-04,136.5079
MII176743,Grosseto,2025-05-04,166.6667
MII176749,Imperia,2025-05-04,117.6471
MII176759,Isernia,2025-05-04,129.5455
MII176771,Isili,2025-05-04,86.9159
MII176781,Ivrea,2025-05-04,143.8503
MII177134,L'Aquila,2025-05-04,78.3784
MII176788,La Spezia,2025-05-04,126.2136
MII177107,Lanciano,2025-05-04,118.3857
MII177118,Lanusei,2025-05-04,115.1515
MII177323,Larino,2025-05-04,133.9450
MII177332,Latina,2025-05-04,176.6234
MII177346,Laureana di Borrello,2025-05-04,135.1351
MII177384,Lauro,2025-05-04,0.0000
MII177420,Lecce,2025-05-04,166.9344
MII177436,Lecco,2025-05-04,156.8627
MII177463,Livorno,2025-05-04,127.2222
MII177498,Livorno Gorgona,2025-05-04,96.6292
MII177996,Locri,2025-05-04,147.5000
MII178027,Lodi,2025-05-04,190.9091
MII178035,Lucca,2025-05-04,202.6316
MII178045,Lucera,2025-05-04,126.6667
MII178072,Mantova,2025-05-04,143.1579
MII178085,Massa,2025-05-04,156.4706
MII178115,Massa Marittima,2025-05-04,104.1667
MII178124,Matera,2025-05-04,142.4000
MII178141,Melfi,2025-05-04,129.8507
MII178148,Messina,2025-05-04,94.8598
MII158895,Milano San Vittore,2025-05-04,220.0828
MII178501,Milano San Vittore femminile,2025-05-04,189.1304
MII178638,Modena,2025-05-04,149.8645
MII178659,Monza,2025-05-04,177.8049
MII178666,Napoli Poggioreale,2025-05-04,158.3211
MII178672,Napoli Secondigliano,2025-05-04,135.0685
MII178681,Noto,2025-05-04,84.0909
MII178700,Novara,2025-05-04,105.1282
MII179224,Nuoro,2025-05-04,77.3723
MII178003,Onanì,2025-05-04,68.5000
MII179237,Opera,2025-05-04,148.6637
MII179274,Oristano,2025-05-04,85.8779
MII179280,Orvieto,2025-05-04,129.5918
MII179290,Padova,2025-05-04,122.8723
MII179299,Padova Nuovo Complesso,2025-05-04,148.2500
MII179306,Palermo Pagliarelli,2025-05-04,123.6962
MII179324,Palermo Ucciardone,2025-05-04,112.7542
MII179331,Paliano,2025-05-04,40.1316
MII179342,Palmi,2025-05-04,114.8936
MII179353,Paola,2025-05-04,115.0327
MII179364,Parma,2025-05-04,124.4767
MII182910,Pavia,2025-05-04,145.1020
MII179781,Perugia,2025-05-04,148.7179
MII179818,Pesaro,2025-05-04,163.6364
MII179830,Pescara,2025-05-04,159.2593
MII179842,Piacenza,2025-05-04,127.5362
MII179856,Piazza Armerina,2025-05-04,168.7500
MII182919,Pisa,2025-05-04,148.1675
MII179896,Pistoia,2025-05-04,97.3333
MII179913,Pordenone,2025-05-04,143.2432
MII179932,Porto Azzurro,2025-05-04,100.9346
MII179938,Potenza,2025-05-04,175.4098
MII179958,Prato,2025-05-04,109.3379
MII179965,Ragusa,2025-05-04,103.2787
MII179981,Ravenna,2025-05-04,161.2245
MII179988,Reggio Calabria Arghillà,2025-05-04,123.8434
MII179995,Reggio Calabria Giuseppe Panzera,2025-05-04,125.4777
MII182339,Reggio Emilia,2025-05-04,130.7692
MII169535,Rieti,2025-05-04,170.5882
MII180001,Rimini,2025-05-04,140.6780
MII180380,Roma Rebibbia,2025-05-04,94.9324
MII180348,Roma Rebibbia femminile,2025-05-04,143.0189
MII180356,Roma Rebibbia IIIª casa,2025-05-04,58.3333
MII180370,Roma Rebibbia Nuovo Complesso,2025-05-04,146.6414
MII180401,Roma Regina Coeli,2025-05-04,187.7622
MII180415,Rossano,2025-05-04,124.6154
MII180424,Rovigo,2025-05-04,121.5311
MII180426,Salerno,2025-05-04,152.6596
MII180437,Saluzzo,2025-05-04,83.9623
MII180451,San Cataldo,2025-05-04,86.2595
MII180458,San Gimignano,2025-05-04,146.6368
MII180476,San Severo,2025-05-04,144.2623
MII180465,Sanremo,2025-05-04,116.5919
MII181079,Sant'Angelo dei Lombardi,2025-05-04,149.1935
MII180487,Santa Maria Capua Vetere,2025-05-04,141.1846
MII181091,Sassari,2025-05-04,114.1280
MII181109,Sciacca,2025-05-04,100.0000
MII181115,Siena,2025-05-04,122.4138
MII181125,Siracusa,2025-05-04,126.0550
MII181346,Sondrio,2025-05-04,154.1667
MII181358,Spoleto,2025-05-04,107.2368
MII181371,Sulmona,2025-05-04,89.2368
MII181377,Taranto,2025-05-04,192.5620
MII181385,Tempio Pausania,2025-05-04,97.6471
MII181392,Teramo,2025-05-04,180.3150
MII181401,Termini Imerese,2025-05-04,105.2632
MII181407,Terni,2025-05-04,139.8104
MII181417,Tolmezzo,2025-05-04,125.8503
MII181424,Torino,2025-05-04,129.4495
MII181434,Trani,2025-05-04,136.3636
MII181440,Trani femminile,2025-05-04,100.0000
MII181625,Trapani,2025-05-04,119.3159
MII181636,Trento,2025-05-04,89.3365
MII181645,Treviso,2025-05-04,185.6061
MII181661,Trieste,2025-05-04,175.1880
MII181681,Turi,2025-05-04,153.7037
MII181672,Udine,2025-05-04,189.3617
MII181691,Vallo della Lucania,2025-05-04,142.5000
MII181703,Varese,2025-05-04,196.2264
MII181820,Vasto,2025-05-04,68.7075
MII181839,Velletri,2025-05-04,154.8961
MII181847,Venezia Giudecca,2025-05-04,94.6429
MII181863,Venezia Santa Maria Maggiore,2025-05-04,175.4717
MII181870,Verbania,2025-05-04,141.5094
MII181880,Vercelli,2025-05-04,149.0826
MII181891,Verona,2025-05-04,183.2836
MII181908,Vibo Valentia,2025-05-04,97.9899
MII181918,Vicenza,2025-05-04,133.8346
MII181924,Vigevano,2025-05-04,163.7168
MII181934,Viterbo,2025-05-04,174.5679
MII179733,Voghera,2025-05-04,117.3529
MII179876,Volterra,2025-05-04,95.2128
MII158910,Agrigento,2025-05-11,137.8378
MII157783,Alba,2025-05-11,102.0408
MII158919,"Alessandria Cantiello, Gaeta",2025-05-11,98.7124
MII158924,Alessandria San Michele,2025-05-11,134.9810
MII158935,Alghero,2025-05-11,60.2564
MII172277,Altamura,2025-05-11,179.1667
MII158944,Ancona Barcaglione,2025-05-11,82.0000
MII158941,Ancona Montacuto,2025-05-11,131.2500
MII158945,Arbus,2025-05-11,72.2222
MII158948,Arezzo,2025-05-11,169.5652
MII159053,Ariano Irpino,2025-05-11,142.7907
MII159060,Arienzo,2025-05-11,148.2759
MII159065,Ascoli Piceno,2025-05-11,141.7476
MII159069,Asti,2025-05-11,129.6482
MII159314,Augusta,2025-05-11,173.3138
MII172011,Avellino,2025-05-11,118.1034
MII172187,Aversa,2025-05-11,120.5128
MII182440,Avezzano,2025-05-11,133.9623
MII172222,Barcellona Pozzo di Gotto,2025-05-11,80.5654
MII181678,Bari,2025-05-11,168.0934
MII158901,Belluno,2025-05-11,141.9753
MII160204,Benevento,2025-05-11,154.5455
MII172827,Bergamo,2025-05-11,181.7610
MII172332,Biella,2025-05-11,128.0612
MII172344,Bollate,2025-05-11,109.8736
MII172508,Bologna,2025-05-11,180.3241
MII172580,Bolzano,2025-05-11,138.6364
MII172592,Brescia Canton Monbello,2025-05-11,202.7473
MII172610,Brescia Verziano,2025-05-11,168.5714
MII172623,Brindisi,2025-05-11,174.7899
MII172814,Brissogne - Aosta,2025-05-11,78.1065
MII172320,Busto Arsizio,2025-05-11,188.3408
MII172835,Cagliari Uta,2025-05-11,121.7469
MII173006,Caltagirone,2025-05-11,112.4668
MII173063,Caltanissetta,2025-05-11,128.4153
MII173088,Campobasso,2025-05-11,173.1959
MII173101,Carinola,2025-05-11,79.4007
MII173114,Cassino,2025-05-11,178.0220
MII173237,Castelfranco Emilia,2025-05-11,57.0470
MII173259,Castelvetrano,2025-05-11,150.0000
MII173265,Castrovillari,2025-05-11,136.4407
MII173285,Catania Bicocca,2025-05-11,133.8346
MII173301,Catania Piazza Lanza,2025-05-11,149.8208
MII173311,Catanzaro,2025-05-11,101.1076
MII173356,Chiavari,2025-05-11,121.1538
MII173364,Chieti,2025-05-11,182.2785
MII173688,Civitavecchia Giuseppe Passerini,2025-05-11,98.9130
MII172208,Civitavecchia Nuovo Complesso,2025-05-11,180.7074
MII173712,Como,2025-05-11,190.7080
MII173341,Cosenza,2025-05-11,124.5455
MII173747,Cremona,2025-05-11,142.9688
MII173324,Crotone,2025-05-11,113.9785
MII173764,Cuneo,2025-05-11,104.5333
MII173784,Eboli,2025-05-11,85.1852
MII173813,Enna,2025-05-11,132.6923
MII173994,Favignana,2025-05-11,119.7674
MII174501,Fermo,2025-05-11,139.5349
MII174686,Ferrara,2025-05-11,162.7049
MII174825,Firenze Mario Gozzini,2025-05-11,132.4675
MII174720,Firenze Sollicciano,2025-05-11,153.8244
MII176375,Foggia,2025-05-11,215.7556
MII176403,Forlì,2025-05-11,114.2857
MII176414,Fossano,2025-05-11,83.0882
MII176424,Fossombrone,2025-05-11,83.1683
MII176437,Frosinone,2025-05-11,121.1207
MII176451,Gela,2025-05-11,156.2500
MII152284,Genova Marassi,2025-05-11,129.2135
MII176703,Genova Pontedecimo,2025-05-11,165.1163
MII176714,Giarre,2025-05-11,150.0000
MII176719,Gorizia,2025-05-11,134.9206
MII176743,Grosseto,2025-05-11,173.3333
MII176749,Imperia,2025-05-11,125.4902
MII176759,Isernia,2025-05-11,127.2727
MII176771,Isili,2025-05-11,86.9159
MII176781,Ivrea,2025-05-11,146.5241
MII177134,L'Aquila,2025-05-11,77.4775
MII176788,La Spezia,2025-05-11,128.1553
MII177107,Lanciano,2025-05-11,115.6951
MII177118,Lanusei,2025-05-11,118.1818
MII177323,Larino,2025-05-11,133.9450
MII177332,Latina,2025-05-11,179.2208
MII177346,Laureana di Borrello,2025-05-11,132.4324
MII177384,Lauro,2025-05-11,0.0000
MII177420,Lecce,2025-05-11,159.8446
MII177436,Lecco,2025-05-11,153.8462
MII177463,Livorno,2025-05-11,145.2229
MII177498,Livorno Gorgona,2025-05-11,100.0000
MII177996,Locri,2025-05-11,147.5000
MII178027,Lodi,2025-05-11,179.5455
MII178035,Lucca,2025-05-11,202.6316
MII178045,Lucera,2025-05-11,129.6296
MII178072,Mantova,2025-05-11,139.7849
MII178085,Massa,2025-05-11,160.5882
MII178115,Massa Marittima,2025-05-11,102.0833
MII178124,Matera,2025-05-11,145.6000
MII178141,Melfi,2025-05-11,132.8358
MII178148,Messina,2025-05-11,93.4579
MII158895,Milano San Vittore,2025-05-11,215.5280
MII178501,Milano San Vittore femminile,2025-05-11,182.6087
MII178638,Modena,2025-05-11,150.9485
MII178659,Monza,2025-05-11,177.0732
MII178666,Napoli Poggioreale,2025-05-11,158.1001
MII178672,Napoli Secondigliano,2025-05-11,136.4964
MII178681,Noto,2025-05-11,84.0909
MII178700,Novara,2025-05-11,103.8462
MII179224,Nuoro,2025-05-11,78.8321
MII178003,Onanì,2025-05-11,72.5000
MII179237,Opera,2025-05-11,148.4410
MII179274,Oristano,2025-05-11,85.4962
MII179280,Orvieto,2025-05-11,126.5306
MII179290,Padova,2025-05-11,120.7447
MII179299,Padova Nuovo Complesso,2025-05-11,152.2500
MII179306,Palermo Pagliarelli,2025-05-11,123.6048
MII179324,Palermo Ucciardone,2025-05-11,114.4177
MII179331,Paliano,2025-05-11,40.1316
MII179342,Palmi,2025-05-11,118.4397
MII179353,Paola,2025-05-11,116.3399
MII179364,Parma,2025-05-11,124.9196
MII182910,Pavia,2025-05-11,136.3107
MII179781,Perugia,2025-05-11,149.0385
MII179818,Pesaro,2025-05-11,165.7343
MII179830,Pescara,2025-05-11,160.4938
MII179842,Piacenza,2025-05-11,126.8116
MII179856,Piazza Armerina,2025-05-11,168.7500
MII182919,Pisa,2025-05-11,146.5969
MII179896,Pistoia,2025-05-11,97.3333
MII179913,Pordenone,2025-05-11,148.6486
MII179932,Porto Azzurro,2025-05-11,102.8037
MII179938,Potenza,2025-05-11,125.7143
MII179958,Prato,2025-05-11,108.4890
MII179965,Ragusa,2025-05-11,103.8251
MII179981,Ravenna,2025-05-11,175.5102
MII179988,Reggio Calabria Arghillà,2025-05-11,123.1317
MII179995,Reggio Calabria Giuseppe Panzera,2025-05-11,126.7516
MII182339,Reggio Emilia,2025-05-11,130.3419
MII169535,Rieti,2025-05-11,174.0484
MII180001,Rimini,2025-05-11,136.4407
MII180380,Roma Rebibbia,2025-05-11,95.9459
MII180348,Roma Rebibbia femminile,2025-05-11,148.6056
MII180356,Roma Rebibbia IIIª casa,2025-05-11,57.5758
MII180370,Roma Rebibbia Nuovo Complesso,2025-05-11,145.5993
MII180401,Roma Regina Coeli,2025-05-11,191.4336
MII180415,Rossano,2025-05-11,123.8462
MII180424,Rovigo,2025-05-11,122.4880
MII180426,Salerno,2025-05-11,151.7426
MII180437,Saluzzo,2025-05-11,84.4340
MII180451,San Cataldo,2025-05-11,86.2595
MII180458,San Gimignano,2025-05-11,148.4305
MII180476,San Severo,2025-05-11,147.5410
MII180465,Sanremo,2025-05-11,116.1435
MII181079,Sant'Angelo dei Lombardi,2025-05-11,149.1935
MII180487,Santa Maria Capua Vetere,2025-05-11,140.6336
MII181091,Sassari,2025-05-11,114.3488
MII181109,Sciacca,2025-05-11,100.0000
MII181115,Siena,2025-05-11,127.5862
MII181125,Siracusa,2025-05-11,125.1376
MII181346,Sondrio,2025-05-11,154.1667
MII181358,Spoleto,2025-05-11,107.2368
MII181371,Sulmona,2025-05-11,88.8454
MII181377,Taranto,2025-05-11,180.7203
MII181385,Tempio Pausania,2025-05-11,98.2353
MII181392,Teramo,2025-05-11,180.3150
MII181401,Termini Imerese,2025-05-11,108.4211
MII181407,Terni,2025-05-11,140.1425
MII181417,Tolmezzo,2025-05-11,127.2109
MII181424,Torino,2025-05-11,129.1628
MII181434,Trani,2025-05-11,139.0572
MII181440,Trani femminile,2025-05-11,100.0000
MII181625,Trapani,2025-05-11,116.0966
MII181636,Trento,2025-05-11,90.2844
MII181645,Treviso,2025-05-11,187.8788
MII181661,Trieste,2025-05-11,175.5556
MII181681,Turi,2025-05-11,157.4074
MII181672,Udine,2025-05-11,181.9149
MII181691,Vallo della Lucania,2025-05-11,137.5000
MII181703,Varese,2025-05-11,190.5660
MII181820,Vasto,2025-05-11,68.7075
MII181839,Velletri,2025-05-11,155.1929
MII181847,Venezia Giudecca,2025-05-11,87.5000
MII181863,Venezia Santa Maria Maggiore,2025-05-11,172.3270
MII181870,Verbania,2025-05-11,139.6226
MII181880,Vercelli,2025-05-11,149.0826
MII181891,Verona,2025-05-11,184.4776
MII181908,Vibo Valentia,2025-05-11,100.7538
MII181918,Vicenza,2025-05-11,133.0827
MII181924,Vigevano,2025-05-11,162.8319
MII181934,Viterbo,2025-05-11,174.0741
MII179733,Voghera,2025-05-11,117.0588
MII179876,Volterra,2025-05-11,94.6809
MII158910,Agrigento,2025-05-18,139.7683
MII157783,Alba,2025-05-18,100.0000
MII158919,"Alessandria Cantiello, Gaeta",2025-05-18,101.2876
MII158924,Alessandria San Michele,2025-05-18,134.2205
MII158935,Alghero,2025-05-18,60.2564
MII172277,Altamura,2025-05-18,181.2500
MII158944,Ancona Barcaglione,2025-05-18,84.0000
MII158941,Ancona Montacuto,2025-05-18,132.0313
MII158945,Arbus,2025-05-18,70.6349
MII158948,Arezzo,2025-05-18,160.8696
MII159053,Ariano Irpino,2025-05-18,140.9302
MII159060,Arienzo,2025-05-18,147.3684
MII159065,Ascoli Piceno,2025-05-18,141.7476
MII159069,Asti,2025-05-18,130.3030
MII159314,Augusta,2025-05-18,176.8328
MII172011,Avellino,2025-05-18,115.9483
MII172187,Aversa,2025-05-18,119.2308
MII182440,Avezzano,2025-05-18,139.6226
MII172222,Barcellona Pozzo di Gotto,2025-05-18,83.0389
MII181678,Bari,2025-05-18,170.0389
MII158901,Belluno,2025-05-18,141.9753
MII160204,Benevento,2025-05-18,153.9683
MII172827,Bergamo,2025-05-18,184.9057
MII172332,Biella,2025-05-18,126.0204
MII172344,Bollate,2025-05-18,110.0316
MII172508,Bologna,2025-05-18,179.5872
MII172580,Bolzano,2025-05-18,136.3636
MII172592,Brescia Canton Monbello,2025-05-18,201.6484
MII172610,Brescia Verziano,2025-05-18,170.0000
MII172623,Brindisi,2025-05-18,176.4706
MII172814,Brissogne - Aosta,2025-05-18,78.0347
MII172320,Busto Arsizio,2025-05-18,186.6071
MII172835,Cagliari Uta,2025-05-18,122.1034
MII173006,Caltagirone,2025-05-18,111.1406
MII173063,Caltanissetta,2025-05-18,129.5082
MII173088,Campobasso,2025-05-18,176.2887
MII173101,Carinola,2025-05-18,79.0262
MII173114,Cassino,2025-05-18,173.1183
MII173237,Castelfranco Emilia,2025-05-18,56.3758
MII173259,Castelvetrano,2025-05-18,152.2727
MII173265,Castrovillari,2025-05-18,132.7731
MII173285,Catania Bicocca,2025-05-18,134.5865
MII173301,Catania Piazza Lanza,2025-05-18,145.8781
MII173311,Catanzaro,2025-05-18,101.2658
MII173356,Chiavari,2025-05-18,121.1538
MII173364,Chieti,2025-05-18,179.7468
MII173688,Civitavecchia Giuseppe Passerini,2025-05-18,97.8261
MII172208,Civitavecchia Nuovo Complesso,2025-05-18,178.4566
MII173712,Como,2025-05-18,191.5929
MII173341,Cosenza,2025-05-18,121.8182
MII173747,Cremona,2025-05-18,140.8854
MII173324,Crotone,2025-05-18,118.2796
MII173764,Cuneo,2025-05-18,103.4667
MII173784,Eboli,2025-05-18,83.3333
MII173813,Enna,2025-05-18,130.7692
MII173994,Favignana,2025-05-18,119.7674
MII174501,Fermo,2025-05-18,141.8605
MII174686,Ferrara,2025-05-18,163.7860
MII174825,Firenze Mario Gozzini,2025-05-18,133.7662
MII174720,Firenze Sollicciano,2025-05-18,153.5411
MII176375,Foggia,2025-05-18,218.3280
MII176403,Forlì,2025-05-18,113.5338
MII176414,Fossano,2025-05-18,83.0882
MII176424,Fossombrone,2025-05-18,83.1683
MII176437,Frosinone,2025-05-18,121.1207
MII176451,Gela,2025-05-18,156.2500
MII152284,Genova Marassi,2025-05-18,130.2804
MII176703,Genova Pontedecimo,2025-05-18,168.6047
MII176714,Giarre,2025-05-18,140.0000
MII176719,Gorizia,2025-05-18,136.5079
MII176743,Grosseto,2025-05-18,173.3333
MII176749,Imperia,2025-05-18,125.4902
MII176759,Isernia,2025-05-18,143.1818
MII176771,Isili,2025-05-18,88.7850
MII176781,Ivrea,2025-05-18,148.1283
MII177134,L'Aquila,2025-05-18,77.4775
MII176788,La Spezia,2025-05-18,133.0097
MII177107,Lanciano,2025-05-18,116.5919
MII177118,Lanusei,2025-05-18,121.2121
MII177323,Larino,2025-05-18,133.9450
MII177332,Latina,2025-05-18,179.2208
MII177346,Laureana di Borrello,2025-05-18,129.7297
MII177384,Lauro,2025-05-18,4.0000
MII177420,Lecce,2025-05-18,163.8601
MII177436,Lecco,2025-05-18,150.0000
MII177463,Livorno,2025-05-18,148.4076
MII177498,Livorno Gorgona,2025-05-18,100.0000
MII177996,Locri,2025-05-18,147.5000
MII178027,Lodi,2025-05-18,181.8182
MII178035,Lucca,2025-05-18,215.7895
MII178045,Lucera,2025-05-18,134.8148
MII178072,Mantova,2025-05-18,139.7849
MII178085,Massa,2025-05-18,159.8837
MII178115,Massa Marittima,2025-05-18,102.0833
MII178124,Matera,2025-05-18,148.0000
MII178141,Melfi,2025-05-18,133.3333
MII178148,Messina,2025-05-18,97.6636
MII158895,Milano San Vittore,2025-05-18,217.5983
MII178501,Milano San Vittore femminile,2025-05-18,171.7391
MII178638,Modena,2025-05-18,155.0136
MII178659,Monza,2025-05-18,181.2195
MII178666,Napoli Poggioreale,2025-05-18,159.5729
MII178672,Napoli Secondigliano,2025-05-18,136.9526
MII178681,Noto,2025-05-18,84.0909
MII178700,Novara,2025-05-18,105.1282
MII179224,Nuoro,2025-05-18,79.5620
MII178003,Onanì,2025-05-18,71.5000
MII179237,Opera,2025-05-18,149.2205
MII179274,Oristano,2025-05-18,85.1145
MII179280,Orvieto,2025-05-18,129.5918
MII179290,Padova,2025-05-18,120.7447
MII179299,Padova Nuovo Complesso,2025-05-18,153.0000
MII179306,Palermo Pagliarelli,2025-05-18,123.5133
MII179324,Palermo Ucciardone,2025-05-18,113.1238
MII179331,Paliano,2025-05-18,40.1316
MII179342,Palmi,2025-05-18,116.3121
MII179353,Paola,2025-05-18,116.9935
MII179364,Parma,2025-05-18,124.9196
MII182910,Pavia,2025-05-18,138.6905
MII179781,Perugia,2025-05-18,152.0900
MII179818,Pesaro,2025-05-18,164.3357
MII179830,Pescara,2025-05-18,160.0823
MII179842,Piacenza,2025-05-18,127.2947
MII179856,Piazza Armerina,2025-05-18,162.5000
MII182919,Pisa,2025-05-18,148.6911
MII179896,Pistoia,2025-05-18,101.3333
MII179913,Pordenone,2025-05-18,137.8378
MII179932,Porto Azzurro,2025-05-18,102.1807
MII179938,Potenza,2025-05-18,140.9524
MII179958,Prato,2025-05-18,106.9610
MII179965,Ragusa,2025-05-18,103.8251
MII179981,Ravenna,2025-05-18,161.2245
MII179988,Reggio Calabria Arghillà,2025-05-18,124.5552
MII179995,Reggio Calabria Giuseppe Panzera,2025-05-18,124.3750
MII182339,Reggio Emilia,2025-05-18,132.0513
MII169535,Rieti,2025-05-18,170.9343
MII180001,Rimini,2025-05-18,131.3559
MII180380,Roma Rebibbia,2025-05-18,94.9324
MII180348,Roma Rebibbia femminile,2025-05-18,154.5817
MII180356,Roma Rebibbia IIIª casa,2025-05-18,56.0606
MII180370,Roma Rebibbia Nuovo Complesso,2025-05-18,146.2547
MII180401,Roma Regina Coeli,2025-05-18,192.6573
MII180415,Rossano,2025-05-18,121.9231
MII180424,Rovigo,2025-05-18,121.0526
MII180426,Salerno,2025-05-18,152.2788
MII180437,Saluzzo,2025-05-18,83.9623
MII180451,San Cataldo,2025-05-18,87.7863
MII180458,San Gimignano,2025-05-18,148.4305
MII180476,San Severo,2025-05-18,144.2623
MII180465,Sanremo,2025-05-18,117.0404
MII181079,Sant'Angelo dei Lombardi,2025-05-18,151.6129
MII180487,Santa Maria Capua Vetere,2025-05-18,141.5978
MII181091,Sassari,2025-05-18,114.3488
MII181109,Sciacca,2025-05-18,105.0000
MII181115,Siena,2025-05-18,113.7931
MII181125,Siracusa,2025-05-18,124.7706
MII181346,Sondrio,2025-05-18,150.0000
MII181358,Spoleto,2025-05-18,107.2368
MII181371,Sulmona,2025-05-18,89.4325
MII181377,Taranto,2025-05-18,175.5556
MII181385,Tempio Pausania,2025-05-18,97.6471
MII181392,Teramo,2025-05-18,177.5591
MII181401,Termini Imerese,2025-05-18,108.8889
MII181407,Terni,2025-05-18,141.0926
MII181417,Tolmezzo,2025-05-18,127.0270
MII181424,Torino,2025-05-18,130.4788
MII181434,Trani,2025-05-18,142.4242
MII181440,Trani femminile,2025-05-18,103.1250
MII181625,Trapani,2025-05-18,118.1087
MII181636,Trento,2025-05-18,90.9953
MII181645,Treviso,2025-05-18,187.8788
MII181661,Trieste,2025-05-18,174.0741
MII181681,Turi,2025-05-18,159.2593
MII181672,Udine,2025-05-18,177.6596
MII181691,Vallo della Lucania,2025-05-18,137.5000
MII181703,Varese,2025-05-18,190.5660
MII181820,Vasto,2025-05-18,68.7075
MII181839,Velletri,2025-05-18,155.7864
MII181847,Venezia Giudecca,2025-05-18,91.0714
MII181863,Venezia Santa Maria Maggiore,2025-05-18,169.8113
MII181870,Verbania,2025-05-18,128.3019
MII181880,Vercelli,2025-05-18,150.2283
MII181891,Verona,2025-05-18,182.3881
MII181908,Vibo Valentia,2025-05-18,101.7588
MII181918,Vicenza,2025-05-18,134.8315
MII181924,Vigevano,2025-05-18,162.3894
MII181934,Viterbo,2025-05-18,174.5679
MII179733,Voghera,2025-05-18,119.1176
MII179876,Volterra,2025-05-18,95.7447
MII158910,Agrigento,2025-05-25,137.4517
MII157783,Alba,2025-05-25,100.0000
MII158919,"Alessandria Cantiello, Gaeta",2025-05-25,103.0043
MII158924,Alessandria San Michele,2025-05-25,133.4601
MII158935,Alghero,2025-05-25,61.5385
MII172277,Altamura,2025-05-25,185.4167
MII158944,Ancona Barcaglione,2025-05-25,84.0000
MII158941,Ancona Montacuto,2025-05-25,133.2031
MII158945,Arbus,2025-05-25,69.8413
MII158948,Arezzo,2025-05-25,165.2174
MII159053,Ariano Irpino,2025-05-25,139.5349
MII159060,Arienzo,2025-05-25,149.1228
MII159065,Ascoli Piceno,2025-05-25,138.8350
MII159069,Asti,2025-05-25,131.8182
MII159314,Augusta,2025-05-25,175.0733
MII172011,Avellino,2025-05-25,112.7155
MII172187,Aversa,2025-05-25,121.3675
MII182440,Avezzano,2025-05-25,139.6226
MII172222,Barcellona Pozzo di Gotto,2025-05-25,81.9788
MII181678,Bari,2025-05-25,170.0389
MII158901,Belluno,2025-05-25,141.9753
MII160204,Benevento,2025-05-25,152.5692
MII172827,Bergamo,2025-05-25,186.4780
MII172332,Biella,2025-05-25,123.9796
MII172344,Bollate,2025-05-25,108.6888
MII172508,Bologna,2025-05-25,178.2110
MII172580,Bolzano,2025-05-25,137.5000
MII172592,Brescia Canton Monbello,2025-05-25,200.5495
MII172610,Brescia Verziano,2025-05-25,168.5714
MII172623,Brindisi,2025-05-25,177.3109
MII172814,Brissogne - Aosta,2025-05-25,72.4719
MII172320,Busto Arsizio,2025-05-25,185.7143
MII172835,Cagliari Uta,2025-05-25,123.8859
MII173006,Caltagirone,2025-05-25,111.6711
MII173063,Caltanissetta,2025-05-25,131.6940
MII173088,Campobasso,2025-05-25,176.2887
MII173101,Carinola,2025-05-25,96.2389
MII173114,Cassino,2025-05-25,177.1739
MII173237,Castelfranco Emilia,2025-05-25,54.3624
MII173259,Castelvetrano,2025-05-25,154.5455
MII173265,Castrovillari,2025-05-25,135.2941
MII173285,Catania Bicocca,2025-05-25,132.5926
MII173301,Catania Piazza Lanza,2025-05-25,148.3871
MII173311,Catanzaro,2025-05-25,103.7975
MII173356,Chiavari,2025-05-25,121.1538
MII173364,Chieti,2025-05-25,188.6076
MII173688,Civitavecchia Giuseppe Passerini,2025-05-25,97.8261
MII172208,Civitavecchia Nuovo Complesso,2025-05-25,180.0643
MII173712,Como,2025-05-25,191.5929
MII173341,Cosenza,2025-05-25,122.7273
MII173747,Cremona,2025-05-25,144.0104
MII173324,Crotone,2025-05-25,119.3548
MII173764,Cuneo,2025-05-25,103.4574
MII173784,Eboli,2025-05-25,83.3333
MII173813,Enna,2025-05-25,132.6923
MII173994,Favignana,2025-05-25,118.6047
MII174501,Fermo,2025-05-25,137.2093
MII174686,Ferrara,2025-05-25,162.9630
MII174825,Firenze Mario Gozzini,2025-05-25,133.7662
MII174720,Firenze Sollicciano,2025-05-25,155.2408
MII176375,Foggia,2025-05-25,219.0323
MII176403,Forlì,2025-05-25,111.2782
MII176414,Fossano,2025-05-25,83.0882
MII176424,Fossombrone,2025-05-25,84.1584
MII176437,Frosinone,2025-05-25,122.4138
MII176451,Gela,2025-05-25,158.3333
MII152284,Genova Marassi,2025-05-25,131.5888
MII176703,Genova Pontedecimo,2025-05-25,174.4186
MII176714,Giarre,2025-05-25,136.3636
MII176719,Gorizia,2025-05-25,130.1587
MII176743,Grosseto,2025-05-25,173.3333
MII176749,Imperia,2025-05-25,126.4151
MII176759,Isernia,2025-05-25,156.8182
MII176771,Isili,2025-05-25,89.7196
MII176781,Ivrea,2025-05-25,147.5936
MII177134,L'Aquila,2025-05-25,78.3784
MII176788,La Spezia,2025-05-25,133.9806
MII177107,Lanciano,2025-05-25,114.3498
MII177118,Lanusei,2025-05-25,121.2121
MII177323,Larino,2025-05-25,133.9450
MII177332,Latina,2025-05-25,183.1169
MII177346,Laureana di Borrello,2025-05-25,127.0270
MII177384,Lauro,2025-05-25,4.0000
MII177420,Lecce,2025-05-25,165.4145
MII177436,Lecco,2025-05-25,155.7692
MII177463,Livorno,2025-05-25,148.4076
MII177498,Livorno Gorgona,2025-05-25,97.7528
MII177996,Locri,2025-05-25,150.0000
MII178027,Lodi,2025-05-25,184.0909
MII178035,Lucca,2025-05-25,231.5789
MII178045,Lucera,2025-05-25,134.0741
MII178072,Mantova,2025-05-25,145.1613
MII178085,Massa,2025-05-25,156.3953
MII178115,Massa Marittima,2025-05-25,106.2500
MII178124,Matera,2025-05-25,148.8000
MII178141,Melfi,2025-05-25,137.8788
MII178148,Messina,2025-05-25,103.2710
MII158895,Milano San Vittore,2025-05-25,213.8716
MII178501,Milano San Vittore femminile,2025-05-25,176.0870
MII178638,Modena,2025-05-25,159.0786
MII178659,Monza,2025-05-25,183.1707
MII178666,Napoli Poggioreale,2025-05-25,158.3947
MII178672,Napoli Secondigliano,2025-05-25,137.8650
MII178681,Noto,2025-05-25,83.5227
MII178700,Novara,2025-05-25,102.5641
MII179224,Nuoro,2025-05-25,79.9270
MII178003,Onanì,2025-05-25,70.5000
MII179237,Opera,2025-05-25,150.6682
MII179274,Oristano,2025-05-25,82.8244
MII179280,Orvieto,2025-05-25,129.5918
MII179290,Padova,2025-05-25,120.8556
MII179299,Padova Nuovo Complesso,2025-05-25,153.0000
MII179306,Palermo Pagliarelli,2025-05-25,124.4282
MII179324,Palermo Ucciardone,2025-05-25,114.2329
MII179331,Paliano,2025-05-25,39.4737
MII179342,Palmi,2025-05-25,120.5674
MII179353,Paola,2025-05-25,115.6863
MII179364,Parma,2025-05-25,125.8065
MII182910,Pavia,2025-05-25,138.2937
MII179781,Perugia,2025-05-25,152.7331
MII179818,Pesaro,2025-05-25,167.8322
MII179830,Pescara,2025-05-25,158.4362
MII179842,Piacenza,2025-05-25,125.8454
MII179856,Piazza Armerina,2025-05-25,162.5000
MII182919,Pisa,2025-05-25,149.2147
MII179896,Pistoia,2025-05-25,102.6667
MII179913,Pordenone,2025-05-25,140.5405
MII179932,Porto Azzurro,2025-05-25,101.5576
MII179938,Potenza,2025-05-25,146.6667
MII179958,Prato,2025-05-25,106.6214
MII179965,Ragusa,2025-05-25,107.6503
MII179981,Ravenna,2025-05-25,167.3469
MII179988,Reggio Calabria Arghillà,2025-05-25,125.9786
MII179995,Reggio Calabria Giuseppe Panzera,2025-05-25,132.5000
MII182339,Reggio Emilia,2025-05-25,133.3333
MII169535,Rieti,2025-05-25,174.0484
MII180001,Rimini,2025-05-25,133.8983
MII180380,Roma Rebibbia,2025-05-25,94.2761
MII180348,Roma Rebibbia femminile,2025-05-25,152.9880
MII180356,Roma Rebibbia IIIª casa,2025-05-25,56.0606
MII180370,Roma Rebibbia Nuovo Complesso,2025-05-25,147.1910
MII180401,Roma Regina Coeli,2025-05-25,188.4615
MII180415,Rossano,2025-05-25,123.4615
MII180424,Rovigo,2025-05-25,123.9234
MII180426,Salerno,2025-05-25,152.2788
MII180437,Saluzzo,2025-05-25,83.0189
MII180451,San Cataldo,2025-05-25,91.6031
MII180458,San Gimignano,2025-05-25,147.0852
MII180476,San Severo,2025-05-25,147.5410
MII180465,Sanremo,2025-05-25,114.7982
MII181079,Sant'Angelo dei Lombardi,2025-05-25,152.4194
MII180487,Santa Maria Capua Vetere,2025-05-25,141.5978
MII181091,Sassari,2025-05-25,118.5430
MII181109,Sciacca,2025-05-25,110.0000
MII181115,Siena,2025-05-25,108.6207
MII181125,Siracusa,2025-05-25,123.6697
MII181346,Sondrio,2025-05-25,158.3333
MII181358,Spoleto,2025-05-25,107.2368
MII181371,Sulmona,2025-05-25,88.1453
MII181377,Taranto,2025-05-25,179.1284
MII181385,Tempio Pausania,2025-05-25,97.0588
MII181392,Teramo,2025-05-25,174.8031
MII181401,Termini Imerese,2025-05-25,107.3684
MII181407,Terni,2025-05-25,139.9050
MII181417,Tolmezzo,2025-05-25,127.7027
MII181424,Torino,2025-05-25,132.0737
MII181434,Trani,2025-05-25,140.4040
MII181440,Trani femminile,2025-05-25,103.1250
MII181625,Trapani,2025-05-25,115.6942
MII181636,Trento,2025-05-25,90.7583
MII181645,Treviso,2025-05-25,186.3636
MII181661,Trieste,2025-05-25,174.0741
MII181681,Turi,2025-05-25,160.1852
MII181672,Udine,2025-05-25,180.6452
MII181691,Vallo della Lucania,2025-05-25,145.0000
MII181703,Varese,2025-05-25,192.4528
MII181820,Vasto,2025-05-25,68.7075
MII181839,Velletri,2025-05-25,156.9733
MII181847,Venezia Giudecca,2025-05-25,88.3929
MII181863,Venezia Santa Maria Maggiore,2025-05-25,174.2138
MII181870,Verbania,2025-05-25,132.0755
MII181880,Vercelli,2025-05-25,150.2283
MII181891,Verona,2025-05-25,185.0746
MII181908,Vibo Valentia,2025-05-25,103.7688
MII181918,Vicenza,2025-05-25,136.7041
MII181924,Vigevano,2025-05-25,160.6195
MII181934,Viterbo,2025-05-25,175.5556
MII179733,Voghera,2025-05-25,120.8824
MII179876,Volterra,2025-05-25,95.2128
MII158910,Agrigento,2025-06-01,138.6100
MII157783,Alba,2025-06-01,104.0816
MII158919,"Alessandria Cantiello, Gaeta",2025-06-01,99.1416
MII158924,Alessandria San Michele,2025-06-01,134.9810
MII158935,Alghero,2025-06-01,65.3846
MII172277,Altamura,2025-06-01,183.3333
MII158944,Ancona Barcaglione,2025-06-01,92.0000
MII158941,Ancona Montacuto,2025-06-01,136.7188
MII158945,Arbus,2025-06-01,68.2540
MII158948,Arezzo,2025-06-01,169.5652
MII159053,Ariano Irpino,2025-06-01,138.6047
MII159060,Arienzo,2025-06-01,144.8276
MII159065,Ascoli Piceno,2025-06-01,144.1176
MII159069,Asti,2025-06-01,134.3434
MII159314,Augusta,2025-06-01,174.1935
MII172011,Avellino,2025-06-01,112.7155
MII172187,Aversa,2025-06-01,121.7949
MII182440,Avezzano,2025-06-01,132.0755
MII172222,Barcellona Pozzo di Gotto,2025-06-01,81.9788
MII181678,Bari,2025-06-01,173.7255
MII158901,Belluno,2025-06-01,141.9753
MII160204,Benevento,2025-06-01,152.9644
MII172827,Bergamo,2025-06-01,187.4214
MII172332,Biella,2025-06-01,125.0000
MII172344,Bollate,2025-06-01,109.3997
MII172508,Bologna,2025-06-01,176.6055
MII172580,Bolzano,2025-06-01,131.8182
MII172592,Brescia Canton Monbello,2025-06-01,199.4505
MII172610,Brescia Verziano,2025-06-01,170.0000
MII172623,Brindisi,2025-06-01,180.6723
MII172814,Brissogne - Aosta,2025-06-01,78.7356
MII172320,Busto Arsizio,2025-06-01,187.1111
MII172835,Cagliari Uta,2025-06-01,122.4599
MII173006,Caltagirone,2025-06-01,111.9363
MII173063,Caltanissetta,2025-06-01,130.0546
MII173088,Campobasso,2025-06-01,172.1649
MII173101,Carinola,2025-06-01,96.6814
MII173114,Cassino,2025-06-01,175.2688
MII173237,Castelfranco Emilia,2025-06-01,59.7315
MII173259,Castelvetrano,2025-06-01,150.0000
MII173265,Castrovillari,2025-06-01,144.5378
MII173285,Catania Bicocca,2025-06-01,131.8519
MII173301,Catania Piazza Lanza,2025-06-01,149.8208
MII173311,Catanzaro,2025-06-01,104.2722
MII173356,Chiavari,2025-06-01,123.0769
MII173364,Chieti,2025-06-01,183.5443
MII173688,Civitavecchia Giuseppe Passerini,2025-06-01,96.7391
MII172208,Civitavecchia Nuovo Complesso,2025-06-01,180.7074
MII173712,Como,2025-06-01,189.8230
MII173341,Cosenza,2025-06-01,120.9091
MII173747,Cremona,2025-06-01,144.0104
MII173324,Crotone,2025-06-01,120.4301
MII173764,Cuneo,2025-06-01,102.9255
MII173784,Eboli,2025-06-01,88.8889
MII173813,Enna,2025-06-01,133.9744
MII173994,Favignana,2025-06-01,117.4419
MII174501,Fermo,2025-06-01,134.8837
MII174686,Ferrara,2025-06-01,164.1975
MII174825,Firenze Mario Gozzini,2025-06-01,133.7662
MII174720,Firenze Sollicciano,2025-06-01,154.1076
MII176375,Foggia,2025-06-01,219.0323
MII176403,Forlì,2025-06-01,115.0376
MII176414,Fossano,2025-06-01,83.0882
MII176424,Fossombrone,2025-06-01,87.1287
MII176437,Frosinone,2025-06-01,125.9912
MII176451,Gela,2025-06-01,156.2500
MII152284,Genova Marassi,2025-06-01,130.2804
MII176703,Genova Pontedecimo,2025-06-01,155.2083
MII176714,Giarre,2025-06-01,140.0000
MII176719,Gorizia,2025-06-01,131.7460
MII176743,Grosseto,2025-06-01,180.0000
MII176749,Imperia,2025-06-01,130.1887
MII176759,Isernia,2025-06-01,159.0909
MII176771,Isili,2025-06-01,91.5888
MII176781,Ivrea,2025-06-01,142.5532
MII177134,L'Aquila,2025-06-01,77.4775
MII176788,La Spezia,2025-06-01,135.9223
MII177107,Lanciano,2025-06-01,115.2466
MII177118,Lanusei,2025-06-01,130.3030
MII177323,Larino,2025-06-01,130.2752
MII177332,Latina,2025-06-01,181.8182
MII177346,Laureana di Borrello,2025-06-01,127.0270
MII177384,Lauro,2025-06-01,6.0000
MII177420,Lecce,2025-06-01,166.7098
MII177436,Lecco,2025-06-01,157.6923
MII177463,Livorno,2025-06-01,148.4076
MII177498,Livorno Gorgona,2025-06-01,97.7528
MII177996,Locri,2025-06-01,146.2500
MII178027,Lodi,2025-06-01,188.6364
MII178035,Lucca,2025-06-01,231.5789
MII178045,Lucera,2025-06-01,131.8519
MII178072,Mantova,2025-06-01,144.0860
MII178085,Massa,2025-06-01,155.8140
MII178115,Massa Marittima,2025-06-01,106.2500
MII178124,Matera,2025-06-01,149.6000
MII178141,Melfi,2025-06-01,143.9394
MII178148,Messina,2025-06-01,103.2864
MII158895,Milano San Vittore,2025-06-01,210.5590
MII178501,Milano San Vittore femminile,2025-06-01,189.1304
MII178638,Modena,2025-06-01,158.6957
MII178659,Monza,2025-06-01,179.5122
MII178666,Napoli Poggioreale,2025-06-01,158.9838
MII178672,Napoli Secondigliano,2025-06-01,138.4124
MII178681,Noto,2025-06-01,82.9545
MII178700,Novara,2025-06-01,104.4872
MII179224,Nuoro,2025-06-01,82.1168
MII178003,Onanì,2025-06-01,71.5000
MII179237,Opera,2025-06-01,151.0567
MII179274,Oristano,2025-06-01,80.3030
MII179280,Orvieto,2025-06-01,131.6327
MII179290,Padova,2025-06-01,120.8556
MII179299,Padova Nuovo Complesso,2025-06-01,152.5000
MII179306,Palermo Pagliarelli,2025-06-01,123.0558
MII179324,Palermo Ucciardone,2025-06-01,114.7874
MII179331,Paliano,2025-06-01,39.4737
MII179342,Palmi,2025-06-01,120.5674
MII179353,Paola,2025-06-01,116.3399
MII179364,Parma,2025-06-01,122.9032
MII182910,Pavia,2025-06-01,140.2414
MII179781,Perugia,2025-06-01,154.9839
MII179818,Pesaro,2025-06-01,163.6364
MII179830,Pescara,2025-06-01,160.4938
MII179842,Piacenza,2025-06-01,130.4348
MII179856,Piazza Armerina,2025-06-01,162.5000
MII182919,Pisa,2025-06-01,151.8325
MII179896,Pistoia,2025-06-01,106.6667
MII179913,Pordenone,2025-06-01,145.9459
MII179932,Porto Azzurro,2025-06-01,99.6885
MII179938,Potenza,2025-06-01,154.2857
MII179958,Prato,2025-06-01,105.7725
MII179965,Ragusa,2025-06-01,109.2896
MII179981,Ravenna,2025-06-01,177.5510
MII179988,Reggio Calabria Arghillà,2025-06-01,126.6904
MII179995,Reggio Calabria Giuseppe Panzera,2025-06-01,127.5000
MII182339,Reggio Emilia,2025-06-01,133.3333
MII169535,Rieti,2025-06-01,173.7024
MII180001,Rimini,2025-06-01,134.7458
MII180380,Roma Rebibbia,2025-06-01,95.9596
MII180348,Roma Rebibbia femminile,2025-06-01,153.3865
MII180356,Roma Rebibbia IIIª casa,2025-06-01,56.0606
MII180370,Roma Rebibbia Nuovo Complesso,2025-06-01,147.0037
MII180401,Roma Regina Coeli,2025-06-01,191.0839
MII180415,Rossano,2025-06-01,123.8462
MII180424,Rovigo,2025-06-01,120.5742
MII180426,Salerno,2025-06-01,149.5979
MII180437,Saluzzo,2025-06-01,82.5472
MII180451,San Cataldo,2025-06-01,90.0763
MII180458,San Gimignano,2025-06-01,146.6368
MII180476,San Severo,2025-06-01,142.6230
MII180465,Sanremo,2025-06-01,115.6951
MII181079,Sant'Angelo dei Lombardi,2025-06-01,155.6452
MII180487,Santa Maria Capua Vetere,2025-06-01,141.8733
MII181091,Sassari,2025-06-01,118.9845
MII181109,Sciacca,2025-06-01,105.0000
MII181115,Siena,2025-06-01,101.7241
MII181125,Siracusa,2025-06-01,124.0367
MII181346,Sondrio,2025-06-01,166.6667
MII181358,Spoleto,2025-06-01,107.6754
MII181371,Sulmona,2025-06-01,86.9981
MII181377,Taranto,2025-06-01,187.8860
MII181385,Tempio Pausania,2025-06-01,96.4706
MII181392,Teramo,2025-06-01,175.5906
MII181401,Termini Imerese,2025-06-01,103.1579
MII181407,Terni,2025-06-01,140.3800
MII181417,Tolmezzo,2025-06-01,127.7027
MII181424,Torino,2025-06-01,131.6224
MII181434,Trani,2025-06-01,139.0572
MII181440,Trani femminile,2025-06-01,103.1250
MII181625,Trapani,2025-06-01,114.6881
MII181636,Trento,2025-06-01,90.7583
MII181645,Treviso,2025-06-01,183.3333
MII181661,Trieste,2025-06-01,177.4436
MII181681,Turi,2025-06-01,161.1111
MII181672,Udine,2025-06-01,183.8710
MII181691,Vallo della Lucania,2025-06-01,135.0000
MII181703,Varese,2025-06-01,184.9057
MII181820,Vasto,2025-06-01,68.0272
MII181839,Velletri,2025-06-01,156.0831
MII181847,Venezia Giudecca,2025-06-01,89.2857
MII181863,Venezia Santa Maria Maggiore,2025-06-01,174.2138
MII181870,Verbania,2025-06-01,132.0755
MII181880,Vercelli,2025-06-01,152.0548
MII181891,Verona,2025-06-01,183.5329
MII181908,Vibo Valentia,2025-06-01,103.5176
MII181918,Vicenza,2025-06-01,135.9551
MII181924,Vigevano,2025-06-01,158.8496
MII181934,Viterbo,2025-06-01,175.3086
MII179733,Voghera,2025-06-01,120.5882
MII179876,Volterra,2025-06-01,94.6809
MII158910,Agrigento,2025-06-08,138.2239
MII157783,Alba,2025-06-08,110.2041
MII158919,"Alessandria Cantiello, Gaeta",2025-06-08,103.8627
MII158924,Alessandria San Michele,2025-06-08,135.7414
MII158935,Alghero,2025-06-08,67.9487
MII172277,Altamura,2025-06-08,183.3333
MII158944,Ancona Barcaglione,2025-06-08,103.0000
MII158941,Ancona Montacuto,2025-06-08,137.1094
MII158945,Arbus,2025-06-08,73.0159
MII158948,Arezzo,2025-06-08,165.2174
MII159053,Ariano Irpino,2025-06-08,138.6047
MII159060,Arienzo,2025-06-08,148.2759
MII159065,Ascoli Piceno,2025-06-08,143.5644
MII159069,Asti,2025-06-08,130.8081
MII159314,Augusta,2025-06-08,174.4868
MII172011,Avellino,2025-06-08,116.3793
MII172187,Aversa,2025-06-08,123.0769
MII182440,Avezzano,2025-06-08,124.5283
MII172222,Barcellona Pozzo di Gotto,2025-06-08,82.9787
MII181678,Bari,2025-06-08,173.4375
MII158901,Belluno,2025-06-08,141.9753
MII160204,Benevento,2025-06-08,150.5929
MII172827,Bergamo,2025-06-08,187.7358
MII172332,Biella,2025-06-08,124.2347
MII172344,Bollate,2025-06-08,109.7946
MII172508,Bologna,2025-06-08,175.9174
MII172580,Bolzano,2025-06-08,126.1364
MII172592,Brescia Canton Monbello,2025-06-08,198.3516
MII172610,Brescia Verziano,2025-06-08,174.2857
MII172623,Brindisi,2025-06-08,173.1092
MII172814,Brissogne - Aosta,2025-06-08,76.1364
MII172320,Busto Arsizio,2025-06-08,185.7778
MII172835,Cagliari Uta,2025-06-08,122.4599
MII173006,Caltagirone,2025-06-08,110.3448
MII173063,Caltanissetta,2025-06-08,128.9617
MII173088,Campobasso,2025-06-08,171.1340
MII173101,Carinola,2025-06-08,96.0177
MII173114,Cassino,2025-06-08,172.0430
MII173237,Castelfranco Emilia,2025-06-08,61.0738
MII173259,Castelvetrano,2025-06-08,156.8182
MII173265,Castrovillari,2025-06-08,145.3782
MII173285,Catania Bicocca,2025-06-08,129.6296
MII173301,Catania Piazza Lanza,2025-06-08,149.1039
MII173311,Catanzaro,2025-06-08,103.4810
MII173356,Chiavari,2025-06-08,119.2308
MII173364,Chieti,2025-06-08,181.0127
MII173688,Civitavecchia Giuseppe Passerini,2025-06-08,95.6522
MII172208,Civitavecchia Nuovo Complesso,2025-06-08,179.4212
MII173712,Como,2025-06-08,188.9381
MII173341,Cosenza,2025-06-08,118.6364
MII173747,Cremona,2025-06-08,142.4479
MII173324,Crotone,2025-06-08,116.1290
MII173764,Cuneo,2025-06-08,103.4574
MII173784,Eboli,2025-06-08,88.8889
MII173813,Enna,2025-06-08,133.9744
MII173994,Favignana,2025-06-08,114.6067
MII174501,Fermo,2025-06-08,139.5349
MII174686,Ferrara,2025-06-08,164.1975
MII174825,Firenze Mario Gozzini,2025-06-08,133.7662
MII174720,Firenze Sollicciano,2025-06-08,152.3810
MII176375,Foggia,2025-06-08,218.0645
MII176403,Forlì,2025-06-08,115.7895
MII176414,Fossano,2025-06-08,82.3529
MII176424,Fossombrone,2025-06-08,87.1287
MII176437,Frosinone,2025-06-08,126.8722
MII176451,Gela,2025-06-08,154.1667
MII152284,Genova Marassi,2025-06-08,126.3551
MII176703,Genova Pontedecimo,2025-06-08,156.2500
MII176714,Giarre,2025-06-08,134.5455
MII176719,Gorizia,2025-06-08,133.3333
MII176743,Grosseto,2025-06-08,180.0000
MII176749,Imperia,2025-06-08,135.8491
MII176759,Isernia,2025-06-08,159.0909
MII176771,Isili,2025-06-08,91.5888
MII176781,Ivrea,2025-06-08,146.5241
MII177134,L'Aquila,2025-06-08,77.4775
MII176788,La Spezia,2025-06-08,133.0097
MII177107,Lanciano,2025-06-08,115.6951
MII177118,Lanusei,2025-06-08,118.1818
MII177323,Larino,2025-06-08,132.1101
MII177332,Latina,2025-06-08,177.9221
MII177346,Laureana di Borrello,2025-06-08,127.0270
MII177384,Lauro,2025-06-08,8.0000
MII177420,Lecce,2025-06-08,166.7098
MII177436,Lecco,2025-06-08,153.8462
MII177463,Livorno,2025-06-08,146.4968
MII177498,Livorno Gorgona,2025-06-08,97.7528
MII177996,Locri,2025-06-08,148.7500
MII178027,Lodi,2025-06-08,195.2381
MII178035,Lucca,2025-06-08,231.5789
MII178045,Lucera,2025-06-08,129.6296
MII178072,Mantova,2025-06-08,143.0108
MII178085,Massa,2025-06-08,154.6512
MII178115,Massa Marittima,2025-06-08,104.1667
MII178124,Matera,2025-06-08,148.8000
MII178141,Melfi,2025-06-08,137.8788
MII178148,Messina,2025-06-08,100.9346
MII158895,Milano San Vittore,2025-06-08,214.6998
MII178501,Milano San Vittore femminile,2025-06-08,180.4348
MII178638,Modena,2025-06-08,159.5687
MII178659,Monza,2025-06-08,178.4314
MII178666,Napoli Poggioreale,2025-06-08,157.2165
MII178672,Napoli Secondigliano,2025-06-08,137.8650
MII178681,Noto,2025-06-08,82.3864
MII178700,Novara,2025-06-08,106.4103
MII179224,Nuoro,2025-06-08,83.5766
MII178003,Onanì,2025-06-08,72.5000
MII179237,Opera,2025-06-08,151.6667
MII179274,Oristano,2025-06-08,80.6818
MII179280,Orvieto,2025-06-08,130.6122
MII179290,Padova,2025-06-08,119.1489
MII179299,Padova Nuovo Complesso,2025-06-08,153.7500
MII179306,Palermo Pagliarelli,2025-06-08,122.3336
MII179324,Palermo Ucciardone,2025-06-08,115.1571
MII179331,Paliano,2025-06-08,40.1316
MII179342,Palmi,2025-06-08,118.4397
MII179353,Paola,2025-06-08,118.3007
MII179364,Parma,2025-06-08,124.3548
MII182910,Pavia,2025-06-08,137.0297
MII179781,Perugia,2025-06-08,154.3689
MII179818,Pesaro,2025-06-08,161.8056
MII179830,Pescara,2025-06-08,160.4938
MII179842,Piacenza,2025-06-08,131.5663
MII179856,Piazza Armerina,2025-06-08,162.5000
MII182919,Pisa,2025-06-08,151.8325
MII179896,Pistoia,2025-06-08,102.6667
MII179913,Pordenone,2025-06-08,148.6486
MII179932,Porto Azzurro,2025-06-08,98.1308
MII179938,Potenza,2025-06-08,152.3810
MII179958,Prato,2025-06-08,103.9049
MII179965,Ragusa,2025-06-08,113.6612
MII179981,Ravenna,2025-06-08,169.3878
MII179988,Reggio Calabria Arghillà,2025-06-08,125.9786
MII179995,Reggio Calabria Giuseppe Panzera,2025-06-08,124.3750
MII182339,Reggio Emilia,2025-06-08,133.3333
MII169535,Rieti,2025-06-08,172.3183
MII180001,Rimini,2025-06-08,136.4407
MII180380,Roma Rebibbia,2025-06-08,94.9495
MII180348,Roma Rebibbia femminile,2025-06-08,150.5976
MII180356,Roma Rebibbia IIIª casa,2025-06-08,56.0606
MII180370,Roma Rebibbia Nuovo Complesso,2025-06-08,146.9101
MII180401,Roma Regina Coeli,2025-06-08,194.7552
MII180415,Rossano,2025-06-08,124.6154
MII180424,Rovigo,2025-06-08,120.5742
MII180426,Salerno,2025-06-08,147.9893
MII180437,Saluzzo,2025-06-08,83.0189
MII180451,San Cataldo,2025-06-08,91.6031
MII180458,San Gimignano,2025-06-08,143.9462
MII180476,San Severo,2025-06-08,144.2623
MII180465,Sanremo,2025-06-08,116.5919
MII181079,Sant'Angelo dei Lombardi,2025-06-08,153.2258
MII180487,Santa Maria Capua Vetere,2025-06-08,140.0826
MII181091,Sassari,2025-06-08,118.3223
MII181109,Sciacca,2025-06-08,95.0000
MII181115,Siena,2025-06-08,100.0000
MII181125,Siracusa,2025-06-08,124.7706
MII181346,Sondrio,2025-06-08,175.0000
MII181358,Spoleto,2025-06-08,108.9912
MII181371,Sulmona,2025-06-08,89.6750
MII181377,Taranto,2025-06-08,189.5487
MII181385,Tempio Pausania,2025-06-08,95.8824
MII181392,Teramo,2025-06-08,173.6220
MII181401,Termini Imerese,2025-06-08,98.9474
MII181407,Terni,2025-06-08,140.1425
MII181417,Tolmezzo,2025-06-08,128.3784
MII181424,Torino,2025-06-08,132.2878
MII181434,Trani,2025-06-08,140.7407
MII181440,Trani femminile,2025-06-08,118.7500
MII181625,Trapani,2025-06-08,114.6881
MII181636,Trento,2025-06-08,90.9953
MII181645,Treviso,2025-06-08,177.2727
MII181661,Trieste,2025-06-08,174.4361
MII181681,Turi,2025-06-08,159.2593
MII181672,Udine,2025-06-08,183.8710
MII181691,Vallo della Lucania,2025-06-08,132.5000
MII181703,Varese,2025-06-08,200.0000
MII181820,Vasto,2025-06-08,68.0272
MII181839,Velletri,2025-06-08,157.5668
MII181847,Venezia Giudecca,2025-06-08,85.7143
MII181863,Venezia Santa Maria Maggiore,2025-06-08,172.3270
MII181870,Verbania,2025-06-08,133.9623
MII181880,Vercelli,2025-06-08,155.4545
MII181891,Verona,2025-06-08,186.2275
MII181908,Vibo Valentia,2025-06-08,106.4767
MII181918,Vicenza,2025-06-08,135.5805
MII181924,Vigevano,2025-06-08,157.0796
MII181934,Viterbo,2025-06-08,174.5679
MII179733,Voghera,2025-06-08,122.9412
MII179876,Volterra,2025-06-08,94.6809
MII158910,Agrigento,2025-06-15,140.1544
MII157783,Alba,2025-06-15,108.1633
MII158919,"Alessandria Cantiello, Gaeta",2025-06-15,102.1459
MII158924,Alessandria San Michele,2025-06-15,136.5019
MII158935,Alghero,2025-06-15,67.9487
MII172277,Altamura,2025-06-15,183.3333
MII158944,Ancona Barcaglione,2025-06-15,113.0000
MII158941,Ancona Montacuto,2025-06-15,133.5938
MII158945,Arbus,2025-06-15,71.4286
MII158948,Arezzo,2025-06-15,143.4783
MII159053,Ariano Irpino,2025-06-15,138.6047
MII159060,Arienzo,2025-06-15,148.2759
MII159065,Ascoli Piceno,2025-06-15,145.5446
MII159069,Asti,2025-06-15,129.7980
MII159314,Augusta,2025-06-15,172.4340
MII172011,Avellino,2025-06-15,116.8103
MII172187,Aversa,2025-06-15,123.5043
MII182440,Avezzano,2025-06-15,133.9623
MII172222,Barcellona Pozzo di Gotto,2025-06-15,82.9181
MII181678,Bari,2025-06-15,173.0469
MII158901,Belluno,2025-06-15,136.5854
MII160204,Benevento,2025-06-15,152.0000
MII172827,Bergamo,2025-06-15,188.0503
MII172332,Biella,2025-06-15,123.2143
MII172344,Bollate,2025-06-15,109.3997
MII172508,Bologna,2025-06-15,174.9425
MII172580,Bolzano,2025-06-15,126.1364
MII172592,Brescia Canton Monbello,2025-06-15,200.5495
MII172610,Brescia Verziano,2025-06-15,170.0000
MII172623,Brindisi,2025-06-15,173.1092
MII172814,Brissogne - Aosta,2025-06-15,78.9773
MII172320,Busto Arsizio,2025-06-15,187.6106
MII172835,Cagliari Uta,2025-06-15,122.2816
MII173006,Caltagirone,2025-06-15,109.5491
MII173063,Caltanissetta,2025-06-15,133.3333
MII173088,Campobasso,2025-06-15,170.1031
MII173101,Carinola,2025-06-15,94.2478
MII173114,Cassino,2025-06-15,169.8925
MII173237,Castelfranco Emilia,2025-06-15,63.7584
MII173259,Castelvetrano,2025-06-15,156.8182
MII173265,Castrovillari,2025-06-15,152.1008
MII173285,Catania Bicocca,2025-06-15,133.3333
MII173301,Catania Piazza Lanza,2025-06-15,149.2806
MII173311,Catanzaro,2025-06-15,104.1139
MII173356,Chiavari,2025-06-15,121.1538
MII173364,Chieti,2025-06-15,181.0127
MII173688,Civitavecchia Giuseppe Passerini,2025-06-15,95.6522
MII172208,Civitavecchia Nuovo Complesso,2025-06-15,180.3859
MII173712,Como,2025-06-15,193.8053
MII173341,Cosenza,2025-06-15,116.8182
MII173747,Cremona,2025-06-15,143.2292
MII173324,Crotone,2025-06-15,121.5054
MII173764,Cuneo,2025-06-15,102.1277
MII173784,Eboli,2025-06-15,88.8889
MII173813,Enna,2025-06-15,136.5385
MII173994,Favignana,2025-06-15,113.4831
MII174501,Fermo,2025-06-15,137.2093
MII174686,Ferrara,2025-06-15,162.9630
MII174825,Firenze Mario Gozzini,2025-06-15,136.3636
MII174720,Firenze Sollicciano,2025-06-15,153.2213
MII176375,Foggia,2025-06-15,219.0323
MII176403,Forlì,2025-06-15,118.7970
MII176414,Fossano,2025-06-15,83.0882
MII176424,Fossombrone,2025-06-15,88.1188
MII176437,Frosinone,2025-06-15,126.4317
MII176451,Gela,2025-06-15,154.1667
MII152284,Genova Marassi,2025-06-15,125.9813
MII176703,Genova Pontedecimo,2025-06-15,155.2083
MII176714,Giarre,2025-06-15,134.5455
MII176719,Gorizia,2025-06-15,130.1587
MII176743,Grosseto,2025-06-15,200.0000
MII176749,Imperia,2025-06-15,132.0755
MII176759,Isernia,2025-06-15,161.3636
MII176771,Isili,2025-06-15,90.6542
MII176781,Ivrea,2025-06-15,141.1765
MII177134,L'Aquila,2025-06-15,77.9279
MII176788,La Spezia,2025-06-15,128.1553
MII177107,Lanciano,2025-06-15,117.0404
MII177118,Lanusei,2025-06-15,121.2121
MII177323,Larino,2025-06-15,133.0275
MII177332,Latina,2025-06-15,184.4156
MII177346,Laureana di Borrello,2025-06-15,121.6216
MII177384,Lauro,2025-06-15,8.0000
MII177420,Lecce,2025-06-15,167.4870
MII177436,Lecco,2025-06-15,161.5385
MII177463,Livorno,2025-06-15,145.8599
MII177498,Livorno Gorgona,2025-06-15,97.7528
MII177996,Locri,2025-06-15,157.5000
MII178027,Lodi,2025-06-15,207.6923
MII178035,Lucca,2025-06-15,221.0526
MII178045,Lucera,2025-06-15,130.3704
MII178072,Mantova,2025-06-15,138.7097
MII178085,Massa,2025-06-15,152.3256
MII178115,Massa Marittima,2025-06-15,104.1667
MII178124,Matera,2025-06-15,151.2000
MII178141,Melfi,2025-06-15,133.3333
MII178148,Messina,2025-06-15,101.4151
MII158895,Milano San Vittore,2025-06-15,209.3168
MII178501,Milano San Vittore femminile,2025-06-15,180.4348
MII178638,Modena,2025-06-15,157.9515
MII178659,Monza,2025-06-15,178.9216
MII178666,Napoli Poggioreale,2025-06-15,159.8348
MII178672,Napoli Secondigliano,2025-06-15,136.8613
MII178681,Noto,2025-06-15,83.5227
MII178700,Novara,2025-06-15,105.1282
MII179224,Nuoro,2025-06-15,82.4818
MII178003,Onanì,2025-06-15,68.2243
MII179237,Opera,2025-06-15,151.5556
MII179274,Oristano,2025-06-15,82.1970
MII179280,Orvieto,2025-06-15,131.6327
MII179290,Padova,2025-06-15,119.6809
MII179299,Padova Nuovo Complesso,2025-06-15,153.5000
MII179306,Palermo Pagliarelli,2025-06-15,122.4248
MII179324,Palermo Ucciardone,2025-06-15,113.3087
MII179331,Paliano,2025-06-15,40.1316
MII179342,Palmi,2025-06-15,116.3121
MII179353,Paola,2025-06-15,115.6863
MII179364,Parma,2025-06-15,124.1546
MII182910,Pavia,2025-06-15,136.5049
MII179781,Perugia,2025-06-15,154.0453
MII179818,Pesaro,2025-06-15,165.2778
MII179830,Pescara,2025-06-15,162.1399
MII179842,Piacenza,2025-06-15,129.8795
MII179856,Piazza Armerina,2025-06-15,166.6667
MII182919,Pisa,2025-06-15,152.8796
MII179896,Pistoia,2025-06-15,104.0000
MII179913,Pordenone,2025-06-15,148.6486
MII179932,Porto Azzurro,2025-06-15,98.1308
MII179938,Potenza,2025-06-15,147.6190
MII179958,Prato,2025-06-15,102.2071
MII179965,Ragusa,2025-06-15,113.6612
MII179981,Ravenna,2025-06-15,171.4286
MII179988,Reggio Calabria Arghillà,2025-06-15,126.6904
MII179995,Reggio Calabria Giuseppe Panzera,2025-06-15,120.6250
MII182339,Reggio Emilia,2025-06-15,136.0515
MII169535,Rieti,2025-06-15,175.0865
MII180001,Rimini,2025-06-15,144.0678
MII180380,Roma Rebibbia,2025-06-15,93.9394
MII180348,Roma Rebibbia femminile,2025-06-15,150.1992
MII180356,Roma Rebibbia IIIª casa,2025-06-15,56.0606
MII180370,Roma Rebibbia Nuovo Complesso,2025-06-15,146.2547
MII180401,Roma Regina Coeli,2025-06-15,191.2587
MII180415,Rossano,2025-06-15,124.2308
MII180424,Rovigo,2025-06-15,122.9665
MII180426,Salerno,2025-06-15,152.2788
MII180437,Saluzzo,2025-06-15,83.0189
MII180451,San Cataldo,2025-06-15,90.8397
MII180458,San Gimignano,2025-06-15,144.3946
MII180476,San Severo,2025-06-15,147.5410
MII180465,Sanremo,2025-06-15,119.2825
MII181079,Sant'Angelo dei Lombardi,2025-06-15,153.2258
MII180487,Santa Maria Capua Vetere,2025-06-15,140.0826
MII181091,Sassari,2025-06-15,118.7638
MII181109,Sciacca,2025-06-15,100.0000
MII181115,Siena,2025-06-15,100.0000
MII181125,Siracusa,2025-06-15,127.3394
MII181346,Sondrio,2025-06-15,166.6667
MII181358,Spoleto,2025-06-15,109.2105
MII181371,Sulmona,2025-06-15,90.0574
MII181377,Taranto,2025-06-15,189.0995
MII181385,Tempio Pausania,2025-06-15,95.8824
MII181392,Teramo,2025-06-15,171.6535
MII181401,Termini Imerese,2025-06-15,100.0000
MII181407,Terni,2025-06-15,139.6675
MII181417,Tolmezzo,2025-06-15,131.0811
MII181424,Torino,2025-06-15,132.7475
MII181434,Trani,2025-06-15,136.3636
MII181440,Trani femminile,2025-06-15,121.8750
MII181625,Trapani,2025-06-15,115.8954
MII181636,Trento,2025-06-15,87.4408
MII181645,Treviso,2025-06-15,171.2121
MII181661,Trieste,2025-06-15,171.8519
MII181681,Turi,2025-06-15,161.1111
MII181672,Udine,2025-06-15,190.3226
MII181691,Vallo della Lucania,2025-06-15,135.0000
MII181703,Varese,2025-06-15,200.0000
MII181820,Vasto,2025-06-15,68.7075
MII181839,Velletri,2025-06-15,157.2700
MII181847,Venezia Giudecca,2025-06-15,86.6071
MII181863,Venezia Santa Maria Maggiore,2025-06-15,171.0692
MII181870,Verbania,2025-06-15,137.7358
MII181880,Vercelli,2025-06-15,158.6364
MII181891,Verona,2025-06-15,185.9281
MII181908,Vibo Valentia,2025-06-15,105.9585
MII181918,Vicenza,2025-06-15,136.7424
MII181924,Vigevano,2025-06-15,156.6372
MII181934,Viterbo,2025-06-15,175.8025
MII179733,Voghera,2025-06-15,121.4706
MII179876,Volterra,2025-06-15,94.1489
MII158910,Agrigento,2025-06-22,141.3127
MII157783,Alba,2025-06-22,112.2449
MII158919,"Alessandria Cantiello, Gaeta",2025-06-22,104.4053
MII158924,Alessandria San Michele,2025-06-22,137.6426
MII158935,Alghero,2025-06-22,69.8718
MII172277,Altamura,2025-06-22,181.2500
MII158944,Ancona Barcaglione,2025-06-22,112.0000
MII158941,Ancona Montacuto,2025-06-22,133.9844
MII158945,Arbus,2025-06-22,71.4286
MII158948,Arezzo,2025-06-22,147.8261
MII159053,Ariano Irpino,2025-06-22,136.2791
MII159060,Arienzo,2025-06-22,148.2759
MII159065,Ascoli Piceno,2025-06-22,147.5248
MII159069,Asti,2025-06-22,129.2929
MII159314,Augusta,2025-06-22,173.9003
MII172011,Avellino,2025-06-22,118.7500
MII172187,Aversa,2025-06-22,125.2137
MII182440,Avezzano,2025-06-22,133.9623
MII172222,Barcellona Pozzo di Gotto,2025-06-22,82.9181
MII181678,Bari,2025-06-22,169.5313
MII158901,Belluno,2025-06-22,135.3659
MII160204,Benevento,2025-06-22,151.6000
MII172827,Bergamo,2025-06-22,184.2767
MII172332,Biella,2025-06-22,124.7449
MII172344,Bollate,2025-06-22,110.1106
MII172508,Bologna,2025-06-22,174.4828
MII172580,Bolzano,2025-06-22,125.0000
MII172592,Brescia Canton Monbello,2025-06-22,201.0989
MII172610,Brescia Verziano,2025-06-22,170.0000
MII172623,Brindisi,2025-06-22,174.7899
MII172814,Brissogne - Aosta,2025-06-22,77.4011
MII172320,Busto Arsizio,2025-06-22,187.1681
MII172835,Cagliari Uta,2025-06-22,123.3512
MII173006,Caltagirone,2025-06-22,109.8143
MII173063,Caltanissetta,2025-06-22,133.8798
MII173088,Campobasso,2025-06-22,172.9167
MII173101,Carinola,2025-06-22,99.3363
MII173114,Cassino,2025-06-22,170.9677
MII173237,Castelfranco Emilia,2025-06-22,64.4295
MII173259,Castelvetrano,2025-06-22,152.2727
MII173265,Castrovillari,2025-06-22,150.4202
MII173285,Catania Bicocca,2025-06-22,132.5926
MII173301,Catania Piazza Lanza,2025-06-22,146.4029
MII173311,Catanzaro,2025-06-22,103.8035
MII173356,Chiavari,2025-06-22,123.0769
MII173364,Chieti,2025-06-22,183.5443
MII173688,Civitavecchia Giuseppe Passerini,2025-06-22,93.4783
MII172208,Civitavecchia Nuovo Complesso,2025-06-22,183.6013
MII173712,Como,2025-06-22,189.8230
MII173341,Cosenza,2025-06-22,120.9091
MII173747,Cremona,2025-06-22,144.7917
MII173324,Crotone,2025-06-22,124.7312
MII173764,Cuneo,2025-06-22,102.9178
MII173784,Eboli,2025-06-22,88.8889
MII173813,Enna,2025-06-22,137.1795
MII173994,Favignana,2025-06-22,114.6067
MII174501,Fermo,2025-06-22,144.1860
MII174686,Ferrara,2025-06-22,162.9630
MII174825,Firenze Mario Gozzini,2025-06-22,135.0649
MII174720,Firenze Sollicciano,2025-06-22,152.6611
MII176375,Foggia,2025-06-22,218.0064
MII176403,Forlì,2025-06-22,117.2932
MII176414,Fossano,2025-06-22,84.5588
MII176424,Fossombrone,2025-06-22,89.1089
MII176437,Frosinone,2025-06-22,124.6696
MII176451,Gela,2025-06-22,156.2500
MII152284,Genova Marassi,2025-06-22,123.5514
MII176703,Genova Pontedecimo,2025-06-22,154.1667
MII176714,Giarre,2025-06-22,136.3636
MII176719,Gorizia,2025-06-22,142.8571
MII176743,Grosseto,2025-06-22,153.3333
MII176749,Imperia,2025-06-22,118.8679
MII176759,Isernia,2025-06-22,165.9091
MII176771,Isili,2025-06-22,89.7196
MII176781,Ivrea,2025-06-22,144.9198
MII177134,L'Aquila,2025-06-22,77.4775
MII176788,La Spezia,2025-06-22,131.0680
MII177107,Lanciano,2025-06-22,117.9372
MII177118,Lanusei,2025-06-22,121.2121
MII177323,Larino,2025-06-22,138.5321
MII177332,Latina,2025-06-22,184.4156
MII177346,Laureana di Borrello,2025-06-22,118.9189
MII177384,Lauro,2025-06-22,8.0000
MII177420,Lecce,2025-06-22,167.0984
MII177436,Lecco,2025-06-22,154.7170
MII177463,Livorno,2025-06-22,150.3185
MII177498,Livorno Gorgona,2025-06-22,95.5056
MII177996,Locri,2025-06-22,163.6364
MII178027,Lodi,2025-06-22,215.3846
MII178035,Lucca,2025-06-22,205.0000
MII178045,Lucera,2025-06-22,131.1111
MII178072,Mantova,2025-06-22,140.8602
MII178085,Massa,2025-06-22,154.6512
MII178115,Massa Marittima,2025-06-22,104.1667
MII178124,Matera,2025-06-22,152.0000
MII178141,Melfi,2025-06-22,143.2836
MII178148,Messina,2025-06-22,94.4186
MII158895,Milano San Vittore,2025-06-22,212.8364
MII178501,Milano San Vittore femminile,2025-06-22,230.5556
MII178638,Modena,2025-06-22,157.4124
MII178659,Monza,2025-06-22,178.7286
MII178666,Napoli Poggioreale,2025-06-22,157.0571
MII178672,Napoli Secondigliano,2025-06-22,136.7701
MII178681,Noto,2025-06-22,85.7955
MII178700,Novara,2025-06-22,107.6923
MII179224,Nuoro,2025-06-22,82.4818
MII178003,Onanì,2025-06-22,67.2897
MII179237,Opera,2025-06-22,151.7778
MII179274,Oristano,2025-06-22,82.9545
MII179280,Orvieto,2025-06-22,131.6327
MII179290,Padova,2025-06-22,118.6170
MII179299,Padova Nuovo Complesso,2025-06-22,153.0000
MII179306,Palermo Pagliarelli,2025-06-22,122.6983
MII179324,Palermo Ucciardone,2025-06-22,113.4935
MII179331,Paliano,2025-06-22,42.1053
MII179342,Palmi,2025-06-22,114.1844
MII179353,Paola,2025-06-22,115.6863
MII179364,Parma,2025-06-22,125.2412
MII182910,Pavia,2025-06-22,136.6990
MII179781,Perugia,2025-06-22,152.4272
MII179818,Pesaro,2025-06-22,165.9722
MII179830,Pescara,2025-06-22,160.4938
MII179842,Piacenza,2025-06-22,129.8795
MII179856,Piazza Armerina,2025-06-22,164.5833
MII182919,Pisa,2025-06-22,155.4974
MII179896,Pistoia,2025-06-22,110.6667
MII179913,Pordenone,2025-06-22,140.5405
MII179932,Porto Azzurro,2025-06-22,98.1308
MII179938,Potenza,2025-06-22,149.5238
MII179958,Prato,2025-06-22,101.3582
MII179965,Ragusa,2025-06-22,110.9290
MII179981,Ravenna,2025-06-22,173.4694
MII179988,Reggio Calabria Arghillà,2025-06-22,124.1993
MII179995,Reggio Calabria Giuseppe Panzera,2025-06-22,115.5689
MII182339,Reggio Emilia,2025-06-22,135.0427
MII169535,Rieti,2025-06-22,173.7024
MII180001,Rimini,2025-06-22,139.8305
MII180380,Roma Rebibbia,2025-06-22,94.5946
MII180348,Roma Rebibbia femminile,2025-06-22,150.1992
MII180356,Roma Rebibbia IIIª casa,2025-06-22,55.3030
MII180370,Roma Rebibbia Nuovo Complesso,2025-06-22,147.0037
MII180401,Roma Regina Coeli,2025-06-22,191.7832
MII180415,Rossano,2025-06-22,123.8462
MII180424,Rovigo,2025-06-22,125.3659
MII180426,Salerno,2025-06-22,150.2660
MII180437,Saluzzo,2025-06-22,82.3113
MII180451,San Cataldo,2025-06-22,89.6296
MII180458,San Gimignano,2025-06-22,142.6009
MII180476,San Severo,2025-06-22,144.2623
MII180465,Sanremo,2025-06-22,117.9372
MII181079,Sant'Angelo dei Lombardi,2025-06-22,148.3871
MII180487,Santa Maria Capua Vetere,2025-06-22,141.8733
MII181091,Sassari,2025-06-22,118.5430
MII181109,Sciacca,2025-06-22,105.0000
MII181115,Siena,2025-06-22,106.8966
MII181125,Siracusa,2025-06-22,128.2569
MII181346,Sondrio,2025-06-22,179.1667
MII181358,Spoleto,2025-06-22,107.6754
MII181371,Sulmona,2025-06-22,90.0574
MII181377,Taranto,2025-06-22,186.9668
MII181385,Tempio Pausania,2025-06-22,96.9325
MII181392,Teramo,2025-06-22,174.8031
MII181401,Termini Imerese,2025-06-22,98.9474
MII181407,Terni,2025-06-22,136.5796
MII181417,Tolmezzo,2025-06-22,131.0811
MII181424,Torino,2025-06-22,133.6111
MII181434,Trani,2025-06-22,139.0572
MII181440,Trani femminile,2025-06-22,125.0000
MII181625,Trapani,2025-06-22,113.0785
MII181636,Trento,2025-06-22,85.3081
MII181645,Treviso,2025-06-22,171.2121
MII181661,Trieste,2025-06-22,177.0370
MII181681,Turi,2025-06-22,159.2593
MII181672,Udine,2025-06-22,196.7742
MII181691,Vallo della Lucania,2025-06-22,142.5000
MII181703,Varese,2025-06-22,192.4528
MII181820,Vasto,2025-06-22,68.0272
MII181839,Velletri,2025-06-22,156.3798
MII181847,Venezia Giudecca,2025-06-22,90.1786
MII181863,Venezia Santa Maria Maggiore,2025-06-22,172.3270
MII181870,Verbania,2025-06-22,143.3962
MII181880,Vercelli,2025-06-22,159.0909
MII181891,Verona,2025-06-22,184.7305
MII181908,Vibo Valentia,2025-06-22,107.7922
MII181918,Vicenza,2025-06-22,137.8788
MII181924,Vigevano,2025-06-22,154.4248
MII181934,Viterbo,2025-06-22,174.0741
MII179733,Voghera,2025-06-22,119.4118
MII179876,Volterra,2025-06-22,95.2128
MII158910,Agrigento,2025-06-29,144.7876
MII157783,Alba,2025-06-29,116.3265
MII158919,"Alessandria Cantiello, Gaeta",2025-06-29,103.0837
MII158924,Alessandria San Michele,2025-06-29,138.0228
MII158935,Alghero,2025-06-29,74.3590
MII172277,Altamura,2025-06-29,185.4167
MII158944,Ancona Barcaglione,2025-06-29,112.0000
MII158941,Ancona Montacuto,2025-06-29,132.8125
MII158945,Arbus,2025-06-29,70.6349
MII158948,Arezzo,2025-06-29,177.2727
MII159053,Ariano Irpino,2025-06-29,134.4186
MII159060,Arienzo,2025-06-29,146.5517
MII159065,Ascoli Piceno,2025-06-29,149.5050
MII159069,Asti,2025-06-29,131.3131
MII159314,Augusta,2025-06-29,172.1408
MII172011,Avellino,2025-06-29,119.3966
MII172187,Aversa,2025-06-29,126.9231
MII182440,Avezzano,2025-06-29,133.9623
MII172222,Barcellona Pozzo di Gotto,2025-06-29,83.6299
MII181678,Bari,2025-06-29,164.0625
MII158901,Belluno,2025-06-29,135.3659
MII160204,Benevento,2025-06-29,149.8024
MII172827,Bergamo,2025-06-29,187.4214
MII172332,Biella,2025-06-29,126.2755
MII172344,Bollate,2025-06-29,109.7946
MII172508,Bologna,2025-06-29,172.1839
MII172580,Bolzano,2025-06-29,126.1364
MII172592,Brescia Canton Monbello,2025-06-29,202.7473
MII172610,Brescia Verziano,2025-06-29,172.8571
MII172623,Brindisi,2025-06-29,177.3109
MII172814,Brissogne - Aosta,2025-06-29,78.0899
MII172320,Busto Arsizio,2025-06-29,187.6106
MII172835,Cagliari Uta,2025-06-29,122.4599
MII173006,Caltagirone,2025-06-29,109.2838
MII173063,Caltanissetta,2025-06-29,131.1475
MII173088,Campobasso,2025-06-29,172.9167
MII173101,Carinola,2025-06-29,98.8938
MII173114,Cassino,2025-06-29,170.9677
MII173237,Castelfranco Emilia,2025-06-29,63.7584
MII173259,Castelvetrano,2025-06-29,150.0000
MII173265,Castrovillari,2025-06-29,152.1008
MII173285,Catania Bicocca,2025-06-29,140.7407
MII173301,Catania Piazza Lanza,2025-06-29,148.2014
MII173311,Catanzaro,2025-06-29,102.7027
MII173356,Chiavari,2025-06-29,121.1538
MII173364,Chieti,2025-06-29,186.0759
MII173688,Civitavecchia Giuseppe Passerini,2025-06-29,94.5652
MII172208,Civitavecchia Nuovo Complesso,2025-06-29,181.6720
MII173712,Como,2025-06-29,189.3805
MII173341,Cosenza,2025-06-29,122.2727
MII173747,Cremona,2025-06-29,145.3125
MII173324,Crotone,2025-06-29,125.8065
MII173764,Cuneo,2025-06-29,101.3263
MII173784,Eboli,2025-06-29,90.7407
MII173813,Enna,2025-06-29,135.8974
MII173994,Favignana,2025-06-29,114.6067
MII174501,Fermo,2025-06-29,144.1860
MII174686,Ferrara,2025-06-29,162.9630
MII174825,Firenze Mario Gozzini,2025-06-29,135.0649
MII174720,Firenze Sollicciano,2025-06-29,154.3417
MII176375,Foggia,2025-06-29,214.4695
MII176403,Forlì,2025-06-29,122.5564
MII176414,Fossano,2025-06-29,86.0294
MII176424,Fossombrone,2025-06-29,89.1089
MII176437,Frosinone,2025-06-29,125.7709
MII176451,Gela,2025-06-29,156.2500
MII152284,Genova Marassi,2025-06-29,123.7736
MII176703,Genova Pontedecimo,2025-06-29,150.5263
MII176714,Giarre,2025-06-29,136.3636
MII176719,Gorizia,2025-06-29,136.5079
MII176743,Grosseto,2025-06-29,153.3333
MII176749,Imperia,2025-06-29,111.3208
MII176759,Isernia,2025-06-29,170.4545
MII176771,Isili,2025-06-29,88.7850
MII176781,Ivrea,2025-06-29,142.2460
MII177134,L'Aquila,2025-06-29,77.0270
MII176788,La Spezia,2025-06-29,129.1262
MII177107,Lanciano,2025-06-29,116.1435
MII177118,Lanusei,2025-06-29,124.2424
MII177323,Larino,2025-06-29,141.2844
MII177332,Latina,2025-06-29,181.8182
MII177346,Laureana di Borrello,2025-06-29,124.3243
MII177384,Lauro,2025-06-29,8.0000
MII177420,Lecce,2025-06-29,167.8756
MII177436,Lecco,2025-06-29,150.9434
MII177463,Livorno,2025-06-29,147.7707
MII177498,Livorno Gorgona,2025-06-29,93.2584
MII177996,Locri,2025-06-29,157.5000
MII178027,Lodi,2025-06-29,205.1282
MII178035,Lucca,2025-06-29,200.0000
MII178045,Lucera,2025-06-29,130.3704
MII178072,Mantova,2025-06-29,138.7097
MII178085,Massa,2025-06-29,154.6512
MII178115,Massa Marittima,2025-06-29,100.0000
MII178124,Matera,2025-06-29,152.0000
MII178141,Melfi,2025-06-29,140.2985
MII178148,Messina,2025-06-29,94.4186
MII158895,Milano San Vittore,2025-06-29,212.6294
MII178501,Milano San Vittore femminile,2025-06-29,236.1111
MII178638,Modena,2025-06-29,158.4906
MII178659,Monza,2025-06-29,180.1956
MII178666,Napoli Poggioreale,2025-06-29,157.8078
MII178672,Napoli Secondigliano,2025-06-29,137.1350
MII178681,Noto,2025-06-29,84.6591
MII178700,Novara,2025-06-29,107.0513
MII179224,Nuoro,2025-06-29,82.8467
MII178003,Onanì,2025-06-29,66.3551
MII179237,Opera,2025-06-29,151.6667
MII179274,Oristano,2025-06-29,83.3333
MII179280,Orvieto,2025-06-29,130.6122
MII179290,Padova,2025-06-29,118.0851
MII179299,Padova Nuovo Complesso,2025-06-29,152.5000
MII179306,Palermo Pagliarelli,2025-06-29,123.4275
MII179324,Palermo Ucciardone,2025-06-29,113.6784
MII179331,Paliano,2025-06-29,42.1053
MII179342,Palmi,2025-06-29,116.3121
MII179353,Paola,2025-06-29,116.3399
MII179364,Parma,2025-06-29,125.4808
MII182910,Pavia,2025-06-29,140.0000
MII179781,Perugia,2025-06-29,152.7508
MII179818,Pesaro,2025-06-29,167.3611
MII179830,Pescara,2025-06-29,161.7284
MII179842,Piacenza,2025-06-29,129.3976
MII179856,Piazza Armerina,2025-06-29,152.0833
MII182919,Pisa,2025-06-29,153.9683
MII179896,Pistoia,2025-06-29,112.0000
MII179913,Pordenone,2025-06-29,140.5405
MII179932,Porto Azzurro,2025-06-29,101.8692
MII179938,Potenza,2025-06-29,153.3333
MII179958,Prato,2025-06-29,101.5280
MII179965,Ragusa,2025-06-29,111.4754
MII179981,Ravenna,2025-06-29,171.4286
MII179988,Reggio Calabria Arghillà,2025-06-29,122.0641
MII179995,Reggio Calabria Giuseppe Panzera,2025-06-29,111.9760
MII182339,Reggio Emilia,2025-06-29,136.3248
MII169535,Rieti,2025-06-29,171.9723
MII180001,Rimini,2025-06-29,136.4407
MII180380,Roma Rebibbia,2025-06-29,95.6081
MII180348,Roma Rebibbia femminile,2025-06-29,147.4104
MII180356,Roma Rebibbia IIIª casa,2025-06-29,55.3030
MII180370,Roma Rebibbia Nuovo Complesso,2025-06-29,147.7528
MII180401,Roma Regina Coeli,2025-06-29,191.4336
MII180415,Rossano,2025-06-29,123.0769
MII180424,Rovigo,2025-06-29,124.6377
MII180426,Salerno,2025-06-29,148.4043
MII180437,Saluzzo,2025-06-29,82.7830
MII180451,San Cataldo,2025-06-29,88.8889
MII180458,San Gimignano,2025-06-29,143.0493
MII180476,San Severo,2025-06-29,142.6230
MII180465,Sanremo,2025-06-29,119.7309
MII181079,Sant'Angelo dei Lombardi,2025-06-29,151.6129
MII180487,Santa Maria Capua Vetere,2025-06-29,140.9091
MII181091,Sassari,2025-06-29,117.2185
MII181109,Sciacca,2025-06-29,110.0000
MII181115,Siena,2025-06-29,117.2414
MII181125,Siracusa,2025-06-29,128.0734
MII181346,Sondrio,2025-06-29,179.1667
MII181358,Spoleto,2025-06-29,107.4561
MII181371,Sulmona,2025-06-29,90.0574
MII181377,Taranto,2025-06-29,189.3365
MII181385,Tempio Pausania,2025-06-29,97.5460
MII181392,Teramo,2025-06-29,173.6220
MII181401,Termini Imerese,2025-06-29,104.2105
MII181407,Terni,2025-06-29,136.3420
MII181417,Tolmezzo,2025-06-29,130.4054
MII181424,Torino,2025-06-29,134.8387
MII181434,Trani,2025-06-29,140.0673
MII181440,Trani femminile,2025-06-29,140.6250
MII181625,Trapani,2025-06-29,112.0724
MII181636,Trento,2025-06-29,84.8341
MII181645,Treviso,2025-06-29,172.7273
MII181661,Trieste,2025-06-29,179.2593
MII181681,Turi,2025-06-29,159.2593
MII181672,Udine,2025-06-29,193.5484
MII181691,Vallo della Lucania,2025-06-29,145.0000
MII181703,Varese,2025-06-29,188.6792
MII181820,Vasto,2025-06-29,65.3061
MII181839,Velletri,2025-06-29,156.3798
MII181847,Venezia Giudecca,2025-06-29,91.0714
MII181863,Venezia Santa Maria Maggiore,2025-06-29,174.8428
MII181870,Verbania,2025-06-29,143.3962
MII181880,Vercelli,2025-06-29,160.9091
MII181891,Verona,2025-06-29,186.8657
MII181908,Vibo Valentia,2025-06-29,106.1381
MII181918,Vicenza,2025-06-29,136.7424
MII181924,Vigevano,2025-06-29,153.9823
MII181934,Viterbo,2025-06-29,175.3086
MII179733,Voghera,2025-06-29,118.8235
MII179876,Volterra,2025-06-29,95.2128
MII158910,Agrigento,2025-07-06,140.9266
MII157783,Alba,2025-07-06,116.3265
MII158919,"Alessandria Cantiello, Gaeta",2025-07-06,102.2026
MII158924,Alessandria San Michele,2025-07-06,138.4030
MII158935,Alghero,2025-07-06,75.0000
MII172277,Altamura,2025-07-06,189.5833
MII158944,Ancona Barcaglione,2025-07-06,117.0000
MII158941,Ancona Montacuto,2025-07-06,130.8594
MII158945,Arbus,2025-07-06,70.6349
MII158948,Arezzo,2025-07-06,154.5455
MII159053,Ariano Irpino,2025-07-06,133.4884
MII159060,Arienzo,2025-07-06,144.8276
MII159065,Ascoli Piceno,2025-07-06,149.5050
MII159069,Asti,2025-07-06,129.2929
MII159314,Augusta,2025-07-06,171.2610
MII172011,Avellino,2025-07-06,120.2586
MII172187,Aversa,2025-07-06,126.0684
MII182440,Avezzano,2025-07-06,130.1887
MII172222,Barcellona Pozzo di Gotto,2025-07-06,84.7518
MII181678,Bari,2025-07-06,164.4531
MII158901,Belluno,2025-07-06,136.5854
MII160204,Benevento,2025-07-06,146.6403
MII172827,Bergamo,2025-07-06,185.5346
MII172332,Biella,2025-07-06,125.5102
MII172344,Bollate,2025-07-06,109.0047
MII172508,Bologna,2025-07-06,173.3945
MII172580,Bolzano,2025-07-06,131.8182
MII172592,Brescia Canton Monbello,2025-07-06,199.4505
MII172610,Brescia Verziano,2025-07-06,174.2857
MII172623,Brindisi,2025-07-06,176.4706
MII172814,Brissogne - Aosta,2025-07-06,77.5281
MII172320,Busto Arsizio,2025-07-06,184.5133
MII172835,Cagliari Uta,2025-07-06,122.6381
MII173006,Caltagirone,2025-07-06,107.9576
MII173063,Caltanissetta,2025-07-06,129.5082
MII173088,Campobasso,2025-07-06,168.7500
MII173101,Carinola,2025-07-06,98.6726
MII173114,Cassino,2025-07-06,177.4194
MII173237,Castelfranco Emilia,2025-07-06,63.0872
MII173259,Castelvetrano,2025-07-06,154.5455
MII173265,Castrovillari,2025-07-06,150.4202
MII173285,Catania Bicocca,2025-07-06,140.7407
MII173301,Catania Piazza Lanza,2025-07-06,149.8208
MII173311,Catanzaro,2025-07-06,101.9078
MII173356,Chiavari,2025-07-06,123.0769
MII173364,Chieti,2025-07-06,186.0759
MII173688,Civitavecchia Giuseppe Passerini,2025-07-06,90.2174
MII172208,Civitavecchia Nuovo Complesso,2025-07-06,180.0643
MII173712,Como,2025-07-06,187.5556
MII173341,Cosenza,2025-07-06,122.2727
MII173747,Cremona,2025-07-06,145.8333
MII173324,Crotone,2025-07-06,121.9780
MII173764,Cuneo,2025-07-06,101.8568
MII173784,Eboli,2025-07-06,90.7407
MII173813,Enna,2025-07-06,137.1795
MII173994,Favignana,2025-07-06,117.9775
MII174501,Fermo,2025-07-06,144.1860
MII174686,Ferrara,2025-07-06,163.3745
MII174825,Firenze Mario Gozzini,2025-07-06,129.8701
MII174720,Firenze Sollicciano,2025-07-06,154.0616
MII176375,Foggia,2025-07-06,213.8264
MII176403,Forlì,2025-07-06,114.2857
MII176414,Fossano,2025-07-06,87.5000
MII176424,Fossombrone,2025-07-06,89.1089
MII176437,Frosinone,2025-07-06,126.2115
MII176451,Gela,2025-07-06,152.0833
MII152284,Genova Marassi,2025-07-06,123.7736
MII176703,Genova Pontedecimo,2025-07-06,146.3158
MII176714,Giarre,2025-07-06,130.9091
MII176719,Gorizia,2025-07-06,134.9206
MII176743,Grosseto,2025-07-06,153.3333
MII176749,Imperia,2025-07-06,116.9811
MII176759,Isernia,2025-07-06,156.8182
MII176771,Isili,2025-07-06,88.7850
MII176781,Ivrea,2025-07-06,138.5027
MII177134,L'Aquila,2025-07-06,77.4775
MII176788,La Spezia,2025-07-06,127.1845
MII177107,Lanciano,2025-07-06,114.3498
MII177118,Lanusei,2025-07-06,115.1515
MII177323,Larino,2025-07-06,141.2844
MII177332,Latina,2025-07-06,189.6104
MII177346,Laureana di Borrello,2025-07-06,127.0270
MII177384,Lauro,2025-07-06,8.0000
MII177420,Lecce,2025-07-06,167.8756
MII177436,Lecco,2025-07-06,149.0566
MII177463,Livorno,2025-07-06,146.4968
MII177498,Livorno Gorgona,2025-07-06,92.1348
MII177996,Locri,2025-07-06,150.0000
MII178027,Lodi,2025-07-06,190.6977
MII178035,Lucca,2025-07-06,212.1951
MII178045,Lucera,2025-07-06,128.1481
MII178072,Mantova,2025-07-06,138.4615
MII178085,Massa,2025-07-06,154.6512
MII178115,Massa Marittima,2025-07-06,97.9167
MII178124,Matera,2025-07-06,156.0000
MII178141,Melfi,2025-07-06,134.3284
MII178148,Messina,2025-07-06,95.7944
MII158895,Milano San Vittore,2025-07-06,211.1801
MII178501,Milano San Vittore femminile,2025-07-06,230.5556
MII178638,Modena,2025-07-06,155.2561
MII178659,Monza,2025-07-06,180.3440
MII178666,Napoli Poggioreale,2025-07-06,158.4084
MII178672,Napoli Secondigliano,2025-07-06,135.2888
MII178681,Noto,2025-07-06,84.6591
MII178700,Novara,2025-07-06,107.7419
MII179224,Nuoro,2025-07-06,82.8467
MII178003,Onanì,2025-07-06,65.4206
MII179237,Opera,2025-07-06,151.7778
MII179274,Oristano,2025-07-06,82.9545
MII179280,Orvieto,2025-07-06,130.6122
MII179290,Padova,2025-07-06,118.6170
MII179299,Padova Nuovo Complesso,2025-07-06,151.2500
MII179306,Palermo Pagliarelli,2025-07-06,122.1513
MII179324,Palermo Ucciardone,2025-07-06,113.6784
MII179331,Paliano,2025-07-06,42.1053
MII179342,Palmi,2025-07-06,116.3121
MII179353,Paola,2025-07-06,118.9542
MII179364,Parma,2025-07-06,125.1603
MII182910,Pavia,2025-07-06,139.8058
MII179781,Perugia,2025-07-06,154.3408
MII179818,Pesaro,2025-07-06,166.6667
MII179830,Pescara,2025-07-06,164.6091
MII179842,Piacenza,2025-07-06,130.8434
MII179856,Piazza Armerina,2025-07-06,152.0833
MII182919,Pisa,2025-07-06,152.3810
MII179896,Pistoia,2025-07-06,114.6667
MII179913,Pordenone,2025-07-06,132.4324
MII179932,Porto Azzurro,2025-07-06,104.0498
MII179938,Potenza,2025-07-06,158.0952
MII179958,Prato,2025-07-06,100.5093
MII179965,Ragusa,2025-07-06,113.1148
MII179981,Ravenna,2025-07-06,173.4694
MII179988,Reggio Calabria Arghillà,2025-07-06,120.2797
MII179995,Reggio Calabria Giuseppe Panzera,2025-07-06,113.7725
MII182339,Reggio Emilia,2025-07-06,134.6154
MII169535,Rieti,2025-07-06,171.2803
MII180001,Rimini,2025-07-06,133.8983
MII180380,Roma Rebibbia,2025-07-06,93.8983
MII180348,Roma Rebibbia femminile,2025-07-06,148.6056
MII180356,Roma Rebibbia IIIª casa,2025-07-06,55.3030
MII180370,Roma Rebibbia Nuovo Complesso,2025-07-06,147.3783
MII180401,Roma Regina Coeli,2025-07-06,190.7343
MII180415,Rossano,2025-07-06,125.7692
MII180424,Rovigo,2025-07-06,126.0870
MII180426,Salerno,2025-07-06,146.2766
MII180437,Saluzzo,2025-07-06,81.3679
MII180451,San Cataldo,2025-07-06,87.4074
MII180458,San Gimignano,2025-07-06,142.1525
MII180476,San Severo,2025-07-06,139.3443
MII180465,Sanremo,2025-07-06,118.0180
MII181079,Sant'Angelo dei Lombardi,2025-07-06,151.6129
MII180487,Santa Maria Capua Vetere,2025-07-06,140.9091
MII181091,Sassari,2025-07-06,117.8808
MII181109,Sciacca,2025-07-06,110.0000
MII181115,Siena,2025-07-06,106.8966
MII181125,Siracusa,2025-07-06,127.1560
MII181346,Sondrio,2025-07-06,175.0000
MII181358,Spoleto,2025-07-06,108.1140
MII181371,Sulmona,2025-07-06,91.9694
MII181377,Taranto,2025-07-06,189.5735
MII181385,Tempio Pausania,2025-07-06,100.6135
MII181392,Teramo,2025-07-06,175.5906
MII181401,Termini Imerese,2025-07-06,109.4737
MII181407,Terni,2025-07-06,135.8670
MII181417,Tolmezzo,2025-07-06,131.0811
MII181424,Torino,2025-07-06,136.3134
MII181434,Trani,2025-07-06,138.7205
MII181440,Trani femminile,2025-07-06,146.8750
MII181625,Trapani,2025-07-06,107.2435
MII181636,Trento,2025-07-06,85.7820
MII181645,Treviso,2025-07-06,168.1818
MII181661,Trieste,2025-07-06,174.8148
MII181681,Turi,2025-07-06,161.1111
MII181672,Udine,2025-07-06,195.6989
MII181691,Vallo della Lucania,2025-07-06,140.0000
MII181703,Varese,2025-07-06,186.7925
MII181820,Vasto,2025-07-06,69.3878
MII181839,Velletri,2025-07-06,157.2700
MII181847,Venezia Giudecca,2025-07-06,90.1786
MII181863,Venezia Santa Maria Maggiore,2025-07-06,176.1006
MII181870,Verbania,2025-07-06,139.6226
MII181880,Vercelli,2025-07-06,163.0137
MII181891,Verona,2025-07-06,186.2687
MII181908,Vibo Valentia,2025-07-06,103.5088
MII181918,Vicenza,2025-07-06,136.8217
MII181924,Vigevano,2025-07-06,152.6549
MII181934,Viterbo,2025-07-06,175.8025
MII179733,Voghera,2025-07-06,118.5294
MII179876,Volterra,2025-07-06,94.6809
MII158910,Agrigento,2025-07-13,140.9266
MII157783,Alba,2025-07-13,114.2857
MII158919,"Alessandria Cantiello, Gaeta",2025-07-13,103.0837
MII158924,Alessandria San Michele,2025-07-13,136.3636
MII158935,Alghero,2025-07-13,81.4103
MII172277,Altamura,2025-07-13,191.6667
MII158944,Ancona Barcaglione,2025-07-13,119.0000
MII158941,Ancona Montacuto,2025-07-13,128.9063
MII158945,Arbus,2025-07-13,70.6349
MII158948,Arezzo,2025-07-13,168.1818
MII159053,Ariano Irpino,2025-07-13,133.9535
MII159060,Arienzo,2025-07-13,139.6552
MII159065,Ascoli Piceno,2025-07-13,147.5248
MII159069,Asti,2025-07-13,129.7980
MII159314,Augusta,2025-07-13,172.7273
MII172011,Avellino,2025-07-13,115.5462
MII172187,Aversa,2025-07-13,125.6410
MII182440,Avezzano,2025-07-13,126.4151
MII172222,Barcellona Pozzo di Gotto,2025-07-13,81.2057
MII181678,Bari,2025-07-13,163.2813
MII158901,Belluno,2025-07-13,135.3659
MII160204,Benevento,2025-07-13,148.2213
MII172827,Bergamo,2025-07-13,183.9623
MII172332,Biella,2025-07-13,123.7245
MII172344,Bollate,2025-07-13,108.7678
MII172508,Bologna,2025-07-13,172.4771
MII172580,Bolzano,2025-07-13,134.0909
MII172592,Brescia Canton Monbello,2025-07-13,198.3516
MII172610,Brescia Verziano,2025-07-13,170.0000
MII172623,Brindisi,2025-07-13,177.3109
MII172814,Brissogne - Aosta,2025-07-13,79.2135
MII172320,Busto Arsizio,2025-07-13,186.2832
MII172835,Cagliari Uta,2025-07-13,123.1729
MII173006,Caltagirone,2025-07-13,107.9576
MII173063,Caltanissetta,2025-07-13,128.4153
MII173088,Campobasso,2025-07-13,167.7083
MII173101,Carinola,2025-07-13,98.0088
MII173114,Cassino,2025-07-13,169.5652
MII173237,Castelfranco Emilia,2025-07-13,65.1007
MII173259,Castelvetrano,2025-07-13,154.5455
MII173265,Castrovillari,2025-07-13,150.4202
MII173285,Catania Bicocca,2025-07-13,145.1852
MII173301,Catania Piazza Lanza,2025-07-13,151.6129
MII173311,Catanzaro,2025-07-13,99.6795
MII173356,Chiavari,2025-07-13,121.1538
MII173364,Chieti,2025-07-13,187.3418
MII173688,Civitavecchia Giuseppe Passerini,2025-07-13,90.2174
MII172208,Civitavecchia Nuovo Complesso,2025-07-13,182.3151
MII173712,Como,2025-07-13,182.2222
MII173341,Cosenza,2025-07-13,124.0909
MII173747,Cremona,2025-07-13,145.3125
MII173324,Crotone,2025-07-13,120.8791
MII173764,Cuneo,2025-07-13,100.2646
MII173784,Eboli,2025-07-13,88.8889
MII173813,Enna,2025-07-13,135.2564
MII173994,Favignana,2025-07-13,120.2247
MII174501,Fermo,2025-07-13,148.8372
MII174686,Ferrara,2025-07-13,161.3169
MII174825,Firenze Mario Gozzini,2025-07-13,127.6316
MII174720,Firenze Sollicciano,2025-07-13,152.3810
MII176375,Foggia,2025-07-13,212.5402
MII176403,Forlì,2025-07-13,115.0376
MII176414,Fossano,2025-07-13,86.0294
MII176424,Fossombrone,2025-07-13,88.1188
MII176437,Frosinone,2025-07-13,127.7533
MII176451,Gela,2025-07-13,160.4167
MII152284,Genova Marassi,2025-07-13,124.7170
MII176703,Genova Pontedecimo,2025-07-13,147.3684
MII176714,Giarre,2025-07-13,127.2727
MII176719,Gorizia,2025-07-13,139.6825
MII176743,Grosseto,2025-07-13,140.0000
MII176749,Imperia,2025-07-13,122.6415
MII176759,Isernia,2025-07-13,163.6364
MII176771,Isili,2025-07-13,86.9159
MII176781,Ivrea,2025-07-13,138.5027
MII177134,L'Aquila,2025-07-13,79.7297
MII176788,La Spezia,2025-07-13,127.1845
MII177107,Lanciano,2025-07-13,110.7623
MII177118,Lanusei,2025-07-13,115.1515
MII177323,Larino,2025-07-13,140.3670
MII177332,Latina,2025-07-13,192.2078
MII177346,Laureana di Borrello,2025-07-13,127.0270
MII177384,Lauro,2025-07-13,8.0000
MII177420,Lecce,2025-07-13,163.1117
MII177436,Lecco,2025-07-13,143.3962
MII177463,Livorno,2025-07-13,143.3121
MII177498,Livorno Gorgona,2025-07-13,92.1348
MII177996,Locri,2025-07-13,155.0000
MII178027,Lodi,2025-07-13,197.6744
MII178035,Lucca,2025-07-13,224.3902
MII178045,Lucera,2025-07-13,128.8889
MII178072,Mantova,2025-07-13,140.6593
MII178085,Massa,2025-07-13,152.9070
MII178115,Massa Marittima,2025-07-13,97.9167
MII178124,Matera,2025-07-13,149.6000
MII178141,Melfi,2025-07-13,140.2985
MII178148,Messina,2025-07-13,100.9479
MII158895,Milano San Vittore,2025-07-13,209.9379
MII178501,Milano San Vittore femminile,2025-07-13,219.4444
MII178638,Modena,2025-07-13,155.2561
MII178659,Monza,2025-07-13,176.5281
MII178666,Napoli Poggioreale,2025-07-13,157.9580
MII178672,Napoli Secondigliano,2025-07-13,134.8375
MII178681,Noto,2025-07-13,85.2273
MII178700,Novara,2025-07-13,107.0968
MII179224,Nuoro,2025-07-13,80.2920
MII178003,Onanì,2025-07-13,69.1589
MII179237,Opera,2025-07-13,152.1111
MII179274,Oristano,2025-07-13,83.7121
MII179280,Orvieto,2025-07-13,131.6327
MII179290,Padova,2025-07-13,123.9362
MII179299,Padova Nuovo Complesso,2025-07-13,151.0000
MII179306,Palermo Pagliarelli,2025-07-13,122.0602
MII179324,Palermo Ucciardone,2025-07-13,112.9390
MII179331,Paliano,2025-07-13,42.7632
MII179342,Palmi,2025-07-13,118.4397
MII179353,Paola,2025-07-13,116.3399
MII179364,Parma,2025-07-13,123.5577
MII182910,Pavia,2025-07-13,139.6117
MII179781,Perugia,2025-07-13,152.4116
MII179818,Pesaro,2025-07-13,168.0556
MII179830,Pescara,2025-07-13,160.4938
MII179842,Piacenza,2025-07-13,131.4010
MII179856,Piazza Armerina,2025-07-13,150.0000
MII182919,Pisa,2025-07-13,148.6772
MII179896,Pistoia,2025-07-13,113.3333
MII179913,Pordenone,2025-07-13,127.0270
MII179932,Porto Azzurro,2025-07-13,103.7383
MII179938,Potenza,2025-07-13,157.1429
MII179958,Prato,2025-07-13,99.3209
MII179965,Ragusa,2025-07-13,114.2077
MII179981,Ravenna,2025-07-13,167.3469
MII179988,Reggio Calabria Arghillà,2025-07-13,122.4199
MII179995,Reggio Calabria Giuseppe Panzera,2025-07-13,119.7605
MII182339,Reggio Emilia,2025-07-13,133.9056
MII169535,Rieti,2025-07-13,169.8962
MII180001,Rimini,2025-07-13,133.8983
MII180380,Roma Rebibbia,2025-07-13,93.5593
MII180348,Roma Rebibbia femminile,2025-07-13,143.8247
MII180356,Roma Rebibbia IIIª casa,2025-07-13,55.3030
MII180370,Roma Rebibbia Nuovo Complesso,2025-07-13,147.0974
MII180401,Roma Regina Coeli,2025-07-13,190.3846
MII180415,Rossano,2025-07-13,122.3077
MII180424,Rovigo,2025-07-13,127.0531
MII180426,Salerno,2025-07-13,147.0745
MII180437,Saluzzo,2025-07-13,80.4245
MII180451,San Cataldo,2025-07-13,86.6667
MII180458,San Gimignano,2025-07-13,138.1166
MII180476,San Severo,2025-07-13,144.2623
MII180465,Sanremo,2025-07-13,117.1171
MII181079,Sant'Angelo dei Lombardi,2025-07-13,152.4194
MII180487,Santa Maria Capua Vetere,2025-07-13,142.6997
MII181091,Sassari,2025-07-13,116.5563
MII181109,Sciacca,2025-07-13,105.0000
MII181115,Siena,2025-07-13,101.7241
MII181125,Siracusa,2025-07-13,127.8899
MII181346,Sondrio,2025-07-13,183.3333
MII181358,Spoleto,2025-07-13,107.4561
MII181371,Sulmona,2025-07-13,92.5430
MII181377,Taranto,2025-07-13,187.6777
MII181385,Tempio Pausania,2025-07-13,98.1595
MII181392,Teramo,2025-07-13,178.7402
MII181401,Termini Imerese,2025-07-13,104.2105
MII181407,Terni,2025-07-13,134.4418
MII181417,Tolmezzo,2025-07-13,131.0811
MII181424,Torino,2025-07-13,135.7274
MII181434,Trani,2025-07-13,138.0471
MII181440,Trani femminile,2025-07-13,121.8750
MII181625,Trapani,2025-07-13,105.8350
MII181636,Trento,2025-07-13,84.5972
MII181645,Treviso,2025-07-13,164.3939
MII181661,Trieste,2025-07-13,173.3333
MII181681,Turi,2025-07-13,161.1111
MII181672,Udine,2025-07-13,198.9247
MII181691,Vallo della Lucania,2025-07-13,135.0000
MII181703,Varese,2025-07-13,186.7925
MII181820,Vasto,2025-07-13,64.6259
MII181839,Velletri,2025-07-13,157.8635
MII181847,Venezia Giudecca,2025-07-13,90.1786
MII181863,Venezia Santa Maria Maggiore,2025-07-13,173.5849
MII181870,Verbania,2025-07-13,137.7358
MII181880,Vercelli,2025-07-13,164.3836
MII181891,Verona,2025-07-13,185.9281
MII181908,Vibo Valentia,2025-07-13,103.0075
MII181918,Vicenza,2025-07-13,133.2046
MII181924,Vigevano,2025-07-13,153.5398
MII181934,Viterbo,2025-07-13,172.5926
MII179733,Voghera,2025-07-13,117.9412
MII179876,Volterra,2025-07-13,94.6809
MII158910,Agrigento,2025-07-20,140.1544
MII157783,Alba,2025-07-20,114.2857
MII158919,"Alessandria Cantiello, Gaeta",2025-07-20,105.2863
MII158924,Alessandria San Michele,2025-07-20,136.7424
MII158935,Alghero,2025-07-20,82.0513
MII172277,Altamura,2025-07-20,189.5833
MII158944,Ancona Barcaglione,2025-07-20,117.0000
MII158941,Ancona Montacuto,2025-07-20,128.6275
MII158945,Arbus,2025-07-20,70.6349
MII158948,Arezzo,2025-07-20,172.7273
MII159053,Ariano Irpino,2025-07-20,133.9535
MII159060,Arienzo,2025-07-20,139.6552
MII159065,Ascoli Piceno,2025-07-20,146.5347
MII159069,Asti,2025-07-20,126.7677
MII159314,Augusta,2025-07-20,174.4868
MII172011,Avellino,2025-07-20,116.8067
MII172187,Aversa,2025-07-20,125.6410
MII182440,Avezzano,2025-07-20,130.1887
MII172222,Barcellona Pozzo di Gotto,2025-07-20,78.7234
MII181678,Bari,2025-07-20,166.0156
MII158901,Belluno,2025-07-20,132.9268
MII160204,Benevento,2025-07-20,147.4308
MII172827,Bergamo,2025-07-20,185.2665
MII172332,Biella,2025-07-20,122.1939
MII172344,Bollate,2025-07-20,108.3728
MII172508,Bologna,2025-07-20,172.8929
MII172580,Bolzano,2025-07-20,131.8182
MII172592,Brescia Canton Monbello,2025-07-20,200.5495
MII172610,Brescia Verziano,2025-07-20,168.5714
MII172623,Brindisi,2025-07-20,176.4706
MII172814,Brissogne - Aosta,2025-07-20,78.6517
MII172320,Busto Arsizio,2025-07-20,182.3009
MII172835,Cagliari Uta,2025-07-20,122.4599
MII173006,Caltagirone,2025-07-20,110.6101
MII173063,Caltanissetta,2025-07-20,126.7760
MII173088,Campobasso,2025-07-20,167.3684
MII173101,Carinola,2025-07-20,100.6637
MII173114,Cassino,2025-07-20,173.9130
MII173237,Castelfranco Emilia,2025-07-20,61.7450
MII173259,Castelvetrano,2025-07-20,152.2727
MII173265,Castrovillari,2025-07-20,150.4202
MII173285,Catania Bicocca,2025-07-20,143.7037
MII173301,Catania Piazza Lanza,2025-07-20,151.9713
MII173311,Catanzaro,2025-07-20,100.1603
MII173356,Chiavari,2025-07-20,117.3077
MII173364,Chieti,2025-07-20,186.0759
MII173688,Civitavecchia Giuseppe Passerini,2025-07-20,91.3043
MII172208,Civitavecchia Nuovo Complesso,2025-07-20,182.3151
MII173712,Como,2025-07-20,184.8889
MII173341,Cosenza,2025-07-20,124.0909
MII173747,Cremona,2025-07-20,144.5313
MII173324,Crotone,2025-07-20,124.1758
MII173764,Cuneo,2025-07-20,101.3228
MII173784,Eboli,2025-07-20,87.0370
MII173813,Enna,2025-07-20,137.1795
MII173994,Favignana,2025-07-20,120.2247
MII174501,Fermo,2025-07-20,144.1860
MII174686,Ferrara,2025-07-20,161.3169
MII174825,Firenze Mario Gozzini,2025-07-20,122.3684
MII174720,Firenze Sollicciano,2025-07-20,151.5406
MII176375,Foggia,2025-07-20,213.5048
MII176403,Forlì,2025-07-20,117.2932
MII176414,Fossano,2025-07-20,86.0294
MII176424,Fossombrone,2025-07-20,85.1485
MII176437,Frosinone,2025-07-20,128.1938
MII176451,Gela,2025-07-20,162.5000
MII152284,Genova Marassi,2025-07-20,125.2336
MII176703,Genova Pontedecimo,2025-07-20,145.2632
MII176714,Giarre,2025-07-20,140.0000
MII176719,Gorizia,2025-07-20,141.2698
MII176743,Grosseto,2025-07-20,146.6667
MII176749,Imperia,2025-07-20,122.6415
MII176759,Isernia,2025-07-20,163.6364
MII176771,Isili,2025-07-20,87.8505
MII176781,Ivrea,2025-07-20,136.8984
MII177134,L'Aquila,2025-07-20,79.2793
MII176788,La Spezia,2025-07-20,90.0662
MII177107,Lanciano,2025-07-20,113.9013
MII177118,Lanusei,2025-07-20,112.1212
MII177323,Larino,2025-07-20,141.2844
MII177332,Latina,2025-07-20,181.8182
MII177346,Laureana di Borrello,2025-07-20,132.4324
MII177384,Lauro,2025-07-20,4.0000
MII177420,Lecce,2025-07-20,162.6098
MII177436,Lecco,2025-07-20,141.5094
MII177463,Livorno,2025-07-20,146.4968
MII177498,Livorno Gorgona,2025-07-20,92.1348
MII177996,Locri,2025-07-20,158.7500
MII178027,Lodi,2025-07-20,193.0233
MII178035,Lucca,2025-07-20,229.2683
MII178045,Lucera,2025-07-20,131.1111
MII178072,Mantova,2025-07-20,141.7582
MII178085,Massa,2025-07-20,156.9767
MII178115,Massa Marittima,2025-07-20,95.8333
MII178124,Matera,2025-07-20,145.6000
MII178141,Melfi,2025-07-20,138.8060
MII178148,Messina,2025-07-20,97.6744
MII158895,Milano San Vittore,2025-07-20,212.8364
MII178501,Milano San Vittore femminile,2025-07-20,216.6667
MII178638,Modena,2025-07-20,153.3693
MII178659,Monza,2025-07-20,179.1667
MII178666,Napoli Poggioreale,2025-07-20,156.9069
MII178672,Napoli Secondigliano,2025-07-20,134.7473
MII178681,Noto,2025-07-20,84.6591
MII178700,Novara,2025-07-20,107.7419
MII179224,Nuoro,2025-07-20,78.8321
MII178003,Onanì,2025-07-20,70.0935
MII179237,Opera,2025-07-20,151.4444
MII179274,Oristano,2025-07-20,83.7121
MII179280,Orvieto,2025-07-20,131.6327
MII179290,Padova,2025-07-20,127.1277
MII179299,Padova Nuovo Complesso,2025-07-20,151.2500
MII179306,Palermo Pagliarelli,2025-07-20,122.4248
MII179324,Palermo Ucciardone,2025-07-20,112.5693
MII179331,Paliano,2025-07-20,42.7632
MII179342,Palmi,2025-07-20,121.2766
MII179353,Paola,2025-07-20,115.0327
MII179364,Parma,2025-07-20,123.3974
MII182910,Pavia,2025-07-20,137.8641
MII179781,Perugia,2025-07-20,153.8710
MII179818,Pesaro,2025-07-20,165.2778
MII179830,Pescara,2025-07-20,158.0247
MII179842,Piacenza,2025-07-20,132.8502
MII179856,Piazza Armerina,2025-07-20,143.7500
MII182919,Pisa,2025-07-20,149.2063
MII179896,Pistoia,2025-07-20,116.0000
MII179913,Pordenone,2025-07-20,127.0270
MII179932,Porto Azzurro,2025-07-20,99.7006
MII179938,Potenza,2025-07-20,157.1429
MII179958,Prato,2025-07-20,103.5714
MII179965,Ragusa,2025-07-20,114.2077
MII179981,Ravenna,2025-07-20,169.3878
MII179988,Reggio Calabria Arghillà,2025-07-20,127.1739
MII179995,Reggio Calabria Giuseppe Panzera,2025-07-20,122.7545
MII182339,Reggio Emilia,2025-07-20,131.3305
MII169535,Rieti,2025-07-20,169.8962
MII180001,Rimini,2025-07-20,138.9831
MII180380,Roma Rebibbia,2025-07-20,95.9322
MII180348,Roma Rebibbia femminile,2025-07-20,144.6215
MII180356,Roma Rebibbia IIIª casa,2025-07-20,54.5455
MII180370,Roma Rebibbia Nuovo Complesso,2025-07-20,146.9101
MII180401,Roma Regina Coeli,2025-07-20,191.2587
MII180415,Rossano,2025-07-20,121.5385
MII180424,Rovigo,2025-07-20,124.6377
MII180426,Salerno,2025-07-20,146.5426
MII180437,Saluzzo,2025-07-20,79.9528
MII180451,San Cataldo,2025-07-20,85.1852
MII180458,San Gimignano,2025-07-20,139.9103
MII180476,San Severo,2025-07-20,140.9836
MII180465,Sanremo,2025-07-20,114.4144
MII181079,Sant'Angelo dei Lombardi,2025-07-20,150.0000
MII180487,Santa Maria Capua Vetere,2025-07-20,143.8017
MII181091,Sassari,2025-07-20,115.6733
MII181109,Sciacca,2025-07-20,105.0000
MII181115,Siena,2025-07-20,109.2593
MII181125,Siracusa,2025-07-20,126.1993
MII181346,Sondrio,2025-07-20,183.3333
MII181358,Spoleto,2025-07-20,107.4561
MII181371,Sulmona,2025-07-20,93.6902
MII181377,Taranto,2025-07-20,187.2340
MII181385,Tempio Pausania,2025-07-20,97.5460
MII181392,Teramo,2025-07-20,182.2835
MII181401,Termini Imerese,2025-07-20,102.1053
MII181407,Terni,2025-07-20,130.8789
MII181417,Tolmezzo,2025-07-20,131.0811
MII181424,Torino,2025-07-20,135.1750
MII181434,Trani,2025-07-20,140.4040
MII181440,Trani femminile,2025-07-20,121.8750
MII181625,Trapani,2025-07-20,105.0302
MII181636,Trento,2025-07-20,87.2038
MII181645,Treviso,2025-07-20,162.8788
MII181661,Trieste,2025-07-20,173.3333
MII181681,Turi,2025-07-20,155.5556
MII181672,Udine,2025-07-20,196.7742
MII181691,Vallo della Lucania,2025-07-20,132.5000
MII181703,Varese,2025-07-20,188.6792
MII181820,Vasto,2025-07-20,66.6667
MII181839,Velletri,2025-07-20,157.2700
MII181847,Venezia Giudecca,2025-07-20,83.0357
MII181863,Venezia Santa Maria Maggiore,2025-07-20,172.9560
MII181870,Verbania,2025-07-20,128.3019
MII181880,Vercelli,2025-07-20,159.3607
MII181891,Verona,2025-07-20,186.5269
MII181908,Vibo Valentia,2025-07-20,103.7594
MII181918,Vicenza,2025-07-20,131.0078
MII181924,Vigevano,2025-07-20,152.2124
MII181934,Viterbo,2025-07-20,174.3210
MII179733,Voghera,2025-07-20,116.7647
MII179876,Volterra,2025-07-20,94.6809
MII158910,Agrigento,2025-07-24,137.4517
MII157783,Alba,2025-07-24,112.2449
MII158919,"Alessandria Cantiello, Gaeta",2025-07-24,105.7269
MII158924,Alessandria San Michele,2025-07-24,136.1217
MII158935,Alghero,2025-07-24,82.6923
MII172277,Altamura,2025-07-24,187.5000
MII158944,Ancona Barcaglione,2025-07-24,128.0000
MII158941,Ancona Montacuto,2025-07-24,125.0980
MII158945,Arbus,2025-07-24,69.0476
MII158948,Arezzo,2025-07-24,163.6364
MII159053,Ariano Irpino,2025-07-24,137.6744
MII159060,Arienzo,2025-07-24,140.3509
MII159065,Ascoli Piceno,2025-07-24,146.5347
MII159069,Asti,2025-07-24,128.2828
MII159314,Augusta,2025-07-24,175.3666
MII172011,Avellino,2025-07-24,114.7059
MII172187,Aversa,2025-07-24,123.5043
MII182440,Avezzano,2025-07-24,132.0755
MII172222,Barcellona Pozzo di Gotto,2025-07-24,81.2057
MII181678,Bari,2025-07-24,164.8649
MII158901,Belluno,2025-07-24,134.1463
MII160204,Benevento,2025-07-24,147.4308
MII172827,Bergamo,2025-07-24,185.5799
MII172332,Biella,2025-07-24,120.9184
MII172344,Bollate,2025-07-24,108.0569
MII172508,Bologna,2025-07-24,173.3485
MII172580,Bolzano,2025-07-24,129.5455
MII172592,Brescia Canton Monbello,2025-07-24,199.4505
MII172610,Brescia Verziano,2025-07-24,164.2857
MII172623,Brindisi,2025-07-24,174.7899
MII172814,Brissogne - Aosta,2025-07-24,80.0000
MII172320,Busto Arsizio,2025-07-24,181.4159
MII172835,Cagliari Uta,2025-07-24,121.3904
MII173006,Caltagirone,2025-07-24,110.3448
MII173063,Caltanissetta,2025-07-24,126.7760
MII173088,Campobasso,2025-07-24,166.3158
MII173101,Carinola,2025-07-24,100.2212
MII173114,Cassino,2025-07-24,175.0000
MII173237,Castelfranco Emilia,2025-07-24,63.0872
MII173259,Castelvetrano,2025-07-24,156.8182
MII173265,Castrovillari,2025-07-24,151.2605
MII173285,Catania Bicocca,2025-07-24,144.4444
MII173301,Catania Piazza Lanza,2025-07-24,151.2545
MII173311,Catanzaro,2025-07-24,99.6795
MII173356,Chiavari,2025-07-24,119.2308
MII173364,Chieti,2025-07-24,184.8101
MII173688,Civitavecchia Giuseppe Passerini,2025-07-24,89.1304
MII172208,Civitavecchia Nuovo Complesso,2025-07-24,183.6013
MII173712,Como,2025-07-24,186.2222
MII173341,Cosenza,2025-07-24,124.5455
MII173747,Cremona,2025-07-24,143.4896
MII173324,Crotone,2025-07-24,128.5714
MII173764,Cuneo,2025-07-24,101.8519
MII173784,Eboli,2025-07-24,88.8889
MII173813,Enna,2025-07-24,135.8974
MII173994,Favignana,2025-07-24,117.9775
MII174501,Fermo,2025-07-24,144.1860
MII174686,Ferrara,2025-07-24,162.1399
MII174825,Firenze Mario Gozzini,2025-07-24,126.3158
MII174720,Firenze Sollicciano,2025-07-24,151.5406
MII176375,Foggia,2025-07-24,217.6849
MII176403,Forlì,2025-07-24,117.2932
MII176414,Fossano,2025-07-24,86.7647
MII176424,Fossombrone,2025-07-24,85.1485
MII176437,Frosinone,2025-07-24,120.2505
MII176451,Gela,2025-07-24,162.5000
MII152284,Genova Marassi,2025-07-24,125.7944
MII176703,Genova Pontedecimo,2025-07-24,144.2105
MII176714,Giarre,2025-07-24,140.0000
MII176719,Gorizia,2025-07-24,139.6825
MII176743,Grosseto,2025-07-24,146.6667
MII176749,Imperia,2025-07-24,124.5283
MII176759,Isernia,2025-07-24,165.9091
MII176771,Isili,2025-07-24,86.9159
MII176781,Ivrea,2025-07-24,134.7594
MII177134,L'Aquila,2025-07-24,78.8288
MII176788,La Spezia,2025-07-24,96.6887
MII177107,Lanciano,2025-07-24,112.5561
MII177118,Lanusei,2025-07-24,112.1212
MII177323,Larino,2025-07-24,139.4495
MII177332,Latina,2025-07-24,177.9221
MII177346,Laureana di Borrello,2025-07-24,132.4324
MII177384,Lauro,2025-07-24,4.0000
MII177420,Lecce,2025-07-24,162.9862
MII177436,Lecco,2025-07-24,150.9434
MII177463,Livorno,2025-07-24,140.7643
MII177498,Livorno Gorgona,2025-07-24,91.0112
MII177996,Locri,2025-07-24,160.0000
MII178027,Lodi,2025-07-24,195.3488
MII178035,Lucca,2025-07-24,226.8293
MII178045,Lucera,2025-07-24,131.1111
MII178072,Mantova,2025-07-24,131.9588
MII178085,Massa,2025-07-24,158.1395
MII178115,Massa Marittima,2025-07-24,97.9167
MII178124,Matera,2025-07-24,144.8000
MII178141,Melfi,2025-07-24,137.3134
MII178148,Messina,2025-07-24,96.7890
MII158895,Milano San Vittore,2025-07-24,217.5983
MII178501,Milano San Vittore femminile,2025-07-24,213.8889
MII178638,Modena,2025-07-24,152.8302
MII178659,Monza,2025-07-24,180.9877
MII178666,Napoli Poggioreale,2025-07-24,156.9069
MII178672,Napoli Secondigliano,2025-07-24,135.0181
MII178681,Noto,2025-07-24,82.9545
MII178700,Novara,2025-07-24,107.0968
MII179224,Nuoro,2025-07-24,78.4672
MII178003,Onanì,2025-07-24,70.0935
MII179237,Opera,2025-07-24,151.4444
MII179274,Oristano,2025-07-24,84.4697
MII179280,Orvieto,2025-07-24,132.6531
MII179290,Padova,2025-07-24,125.0000
MII179299,Padova Nuovo Complesso,2025-07-24,151.7500
MII179306,Palermo Pagliarelli,2025-07-24,122.3336
MII179324,Palermo Ucciardone,2025-07-24,113.1238
MII179331,Paliano,2025-07-24,41.4474
MII179342,Palmi,2025-07-24,121.9858
MII179353,Paola,2025-07-24,115.6863
MII179364,Parma,2025-07-24,124.0385
MII182910,Pavia,2025-07-24,138.2524
MII179781,Perugia,2025-07-24,153.0547
MII179818,Pesaro,2025-07-24,165.2778
MII179830,Pescara,2025-07-24,158.8477
MII179842,Piacenza,2025-07-24,133.3333
MII179856,Piazza Armerina,2025-07-24,145.8333
MII182919,Pisa,2025-07-24,149.7354
MII179896,Pistoia,2025-07-24,112.0000
MII179913,Pordenone,2025-07-24,127.0270
MII179932,Porto Azzurro,2025-07-24,100.2994
MII179938,Potenza,2025-07-24,153.3333
MII179958,Prato,2025-07-24,102.5000
MII179965,Ragusa,2025-07-24,114.2077
MII179981,Ravenna,2025-07-24,165.3061
MII179988,Reggio Calabria Arghillà,2025-07-24,124.9110
MII179995,Reggio Calabria Giuseppe Panzera,2025-07-24,123.9521
MII182339,Reggio Emilia,2025-07-24,130.4721
MII169535,Rieti,2025-07-24,171.6263
MII180001,Rimini,2025-07-24,139.8305
MII180380,Roma Rebibbia,2025-07-24,100.7117
MII180348,Roma Rebibbia femminile,2025-07-24,146.2151
MII180356,Roma Rebibbia IIIª casa,2025-07-24,54.5455
MII180370,Roma Rebibbia Nuovo Complesso,2025-07-24,147.5655
MII180401,Roma Regina Coeli,2025-07-24,191.9580
MII180415,Rossano,2025-07-24,122.3077
MII180424,Rovigo,2025-07-24,123.6715
MII180426,Salerno,2025-07-24,145.7447
MII180437,Saluzzo,2025-07-24,79.4811
MII180451,San Cataldo,2025-07-24,83.7037
MII180458,San Gimignano,2025-07-24,139.9103
MII180476,San Severo,2025-07-24,144.2623
MII180465,Sanremo,2025-07-24,113.5135
MII181079,Sant'Angelo dei Lombardi,2025-07-24,152.4194
MII180487,Santa Maria Capua Vetere,2025-07-24,143.8017
MII181091,Sassari,2025-07-24,116.5563
MII181109,Sciacca,2025-07-24,105.0000
MII181115,Siena,2025-07-24,103.7037
MII181125,Siracusa,2025-07-24,125.6458
MII181346,Sondrio,2025-07-24,175.0000
MII181358,Spoleto,2025-07-24,106.5789
MII181371,Sulmona,2025-07-24,96.9407
MII181377,Taranto,2025-07-24,187.9433
MII181385,Tempio Pausania,2025-07-24,96.3190
MII181392,Teramo,2025-07-24,179.1339
MII181401,Termini Imerese,2025-07-24,106.3830
MII181407,Terni,2025-07-24,130.4038
MII181417,Tolmezzo,2025-07-24,126.3514
MII181424,Torino,2025-07-24,133.7937
MII181434,Trani,2025-07-24,140.0673
MII181440,Trani femminile,2025-07-24,128.1250
MII181625,Trapani,2025-07-24,105.4326
MII181636,Trento,2025-07-24,87.4408
MII181645,Treviso,2025-07-24,165.9091
MII181661,Trieste,2025-07-24,172.5926
MII181681,Turi,2025-07-24,157.4074
MII181672,Udine,2025-07-24,196.7742
MII181691,Vallo della Lucania,2025-07-24,132.5000
MII181703,Varese,2025-07-24,183.0189
MII181820,Vasto,2025-07-24,65.9864
MII181839,Velletri,2025-07-24,156.0831
MII181847,Venezia Giudecca,2025-07-24,83.9286
MII181863,Venezia Santa Maria Maggiore,2025-07-24,171.6981
MII181870,Verbania,2025-07-24,130.1887
MII181880,Vercelli,2025-07-24,159.3607
MII181891,Verona,2025-07-24,186.8263
MII181908,Vibo Valentia,2025-07-24,104.0100
MII181918,Vicenza,2025-07-24,130.7692
MII181924,Vigevano,2025-07-24,151.3274
MII181934,Viterbo,2025-07-24,174.3210
MII179733,Voghera,2025-07-24,116.4706
MII179876,Volterra,2025-07-24,94.6809
MII172835,Cagliari Uta,2025-08-02,123.5294
MII173311,Catanzaro,2025-08-02,100.8039
MII158910,Agrigento,2025-08-03,135.9073
MII157783,Alba,2025-08-03,112.2449
MII158919,"Alessandria Cantiello, Gaeta",2025-08-03,105.7269
MII158924,Alessandria San Michele,2025-08-03,135.3612
MII158935,Alghero,2025-08-03,83.3333
MII172277,Altamura,2025-08-03,181.2500
MII158944,Ancona Barcaglione,2025-08-03,120.0000
MII158941,Ancona Montacuto,2025-08-03,131.7647
MII158945,Arbus,2025-08-03,67.4603
MII158948,Arezzo,2025-08-03,159.0909
MII159053,Ariano Irpino,2025-08-03,138.6047
MII159060,Arienzo,2025-08-03,152.6316
MII159065,Ascoli Piceno,2025-08-03,141.5842
MII159069,Asti,2025-08-03,126.7677
MII159314,Augusta,2025-08-03,174.4868
MII172011,Avellino,2025-08-03,114.4958
MII172187,Aversa,2025-08-03,123.0769
MII182440,Avezzano,2025-08-03,122.6415
MII172222,Barcellona Pozzo di Gotto,2025-08-03,81.1388
MII181678,Bari,2025-08-03,162.9344
MII158901,Belluno,2025-08-03,130.4878
MII160204,Benevento,2025-08-03,144.6640
MII172827,Bergamo,2025-08-03,186.5204
MII172332,Biella,2025-08-03,120.9719
MII172344,Bollate,2025-08-03,108.1359
MII172508,Bologna,2025-08-03,175.2784
MII172580,Bolzano,2025-08-03,119.3182
MII172592,Brescia Canton Monbello,2025-08-03,198.9011
MII172610,Brescia Verziano,2025-08-03,175.7143
MII172623,Brindisi,2025-08-03,178.1513
MII172814,Brissogne - Aosta,2025-08-03,80.1105
MII172320,Busto Arsizio,2025-08-03,179.6460
MII173006,Caltagirone,2025-08-03,108.4881
MII173063,Caltanissetta,2025-08-03,126.7760
MII173088,Campobasso,2025-08-03,173.4043
MII173101,Carinola,2025-08-03,100.2212
MII173114,Cassino,2025-08-03,171.7391
MII173237,Castelfranco Emilia,2025-08-03,60.4027
MII173259,Castelvetrano,2025-08-03,161.3636
MII173265,Castrovillari,2025-08-03,146.6667
MII173285,Catania Bicocca,2025-08-03,142.9630
MII173301,Catania Piazza Lanza,2025-08-03,153.0466
MII173356,Chiavari,2025-08-03,121.1538
MII173364,Chieti,2025-08-03,178.4810
MII173688,Civitavecchia Giuseppe Passerini,2025-08-03,86.9565
MII172208,Civitavecchia Nuovo Complesso,2025-08-03,184.2444
MII173712,Como,2025-08-03,190.6250
MII173341,Cosenza,2025-08-03,125.0000
MII173747,Cremona,2025-08-03,143.3071
MII173324,Crotone,2025-08-03,126.3736
MII173764,Cuneo,2025-08-03,101.5873
MII173784,Eboli,2025-08-03,88.8889
MII173813,Enna,2025-08-03,136.5385
MII173994,Favignana,2025-08-03,119.1011
MII174501,Fermo,2025-08-03,148.8372
MII174686,Ferrara,2025-08-03,157.2016
MII174825,Firenze Mario Gozzini,2025-08-03,130.2632
MII174720,Firenze Sollicciano,2025-08-03,152.6912
MII176375,Foggia,2025-08-03,219.2926
MII176403,Forlì,2025-08-03,115.7895
MII176414,Fossano,2025-08-03,86.0294
MII176424,Fossombrone,2025-08-03,85.1485
MII176437,Frosinone,2025-08-03,129.2952
MII176451,Gela,2025-08-03,152.0833
MII152284,Genova Marassi,2025-08-03,124.3902
MII176703,Genova Pontedecimo,2025-08-03,144.2105
MII176714,Giarre,2025-08-03,140.0000
MII176719,Gorizia,2025-08-03,133.3333
MII176743,Grosseto,2025-08-03,166.6667
MII176749,Imperia,2025-08-03,113.2075
MII176759,Isernia,2025-08-03,170.4545
MII176771,Isili,2025-08-03,85.9813
MII176781,Ivrea,2025-08-03,134.2246
MII177134,L'Aquila,2025-08-03,76.1261
MII176788,La Spezia,2025-08-03,111.2583
MII177107,Lanciano,2025-08-03,111.6592
MII177118,Lanusei,2025-08-03,115.1515
MII177323,Larino,2025-08-03,143.1193
MII177332,Latina,2025-08-03,175.3247
MII177346,Laureana di Borrello,2025-08-03,129.7297
MII177384,Lauro,2025-08-03,8.0000
MII177420,Lecce,2025-08-03,167.1267
MII177436,Lecco,2025-08-03,158.4906
MII177463,Livorno,2025-08-03,140.7643
MII177498,Livorno Gorgona,2025-08-03,94.3820
MII177996,Locri,2025-08-03,158.7500
MII178027,Lodi,2025-08-03,190.9091
MII178035,Lucca,2025-08-03,228.2051
MII178045,Lucera,2025-08-03,133.3333
MII178072,Mantova,2025-08-03,141.2371
MII178085,Massa,2025-08-03,157.5581
MII178115,Massa Marittima,2025-08-03,100.0000
MII178124,Matera,2025-08-03,143.2000
MII178141,Melfi,2025-08-03,132.8358
MII178148,Messina,2025-08-03,95.4338
MII158895,Milano San Vittore,2025-08-03,215.9420
MII178501,Milano San Vittore femminile,2025-08-03,205.5556
MII178638,Modena,2025-08-03,156.3342
MII178659,Monza,2025-08-03,183.9599
MII178666,Napoli Poggioreale,2025-08-03,156.0811
MII178672,Napoli Secondigliano,2025-08-03,134.7473
MII178681,Noto,2025-08-03,81.2500
MII178700,Novara,2025-08-03,109.6774
MII179224,Nuoro,2025-08-03,77.7372
MII178003,Onanì,2025-08-03,71.4953
MII179237,Opera,2025-08-03,152.0000
MII179274,Oristano,2025-08-03,83.3333
MII179280,Orvieto,2025-08-03,134.6939
MII179290,Padova,2025-08-03,127.6596
MII179299,Padova Nuovo Complesso,2025-08-03,152.7500
MII179306,Palermo Pagliarelli,2025-08-03,122.0602
MII179324,Palermo Ucciardone,2025-08-03,107.3937
MII179331,Paliano,2025-08-03,40.7895
MII179342,Palmi,2025-08-03,123.4043
MII179353,Paola,2025-08-03,118.3007
MII179364,Parma,2025-08-03,122.9535
MII182910,Pavia,2025-08-03,138.7160
MII179781,Perugia,2025-08-03,154.9839
MII179818,Pesaro,2025-08-03,172.2222
MII179830,Pescara,2025-08-03,159.2593
MII179842,Piacenza,2025-08-03,133.5749
MII179856,Piazza Armerina,2025-08-03,145.8333
MII182919,Pisa,2025-08-03,149.2063
MII179896,Pistoia,2025-08-03,116.0000
MII179913,Pordenone,2025-08-03,137.8378
MII179932,Porto Azzurro,2025-08-03,99.7006
MII179938,Potenza,2025-08-03,156.1905
MII179958,Prato,2025-08-03,103.7500
MII179965,Ragusa,2025-08-03,112.5683
MII179981,Ravenna,2025-08-03,181.6327
MII179988,Reggio Calabria Arghillà,2025-08-03,126.4493
MII179995,Reggio Calabria Giuseppe Panzera,2025-08-03,125.7485
MII182339,Reggio Emilia,2025-08-03,133.3333
MII169535,Rieti,2025-08-03,173.7024
MII180001,Rimini,2025-08-03,144.9153
MII180380,Roma Rebibbia,2025-08-03,104.9822
MII180348,Roma Rebibbia femminile,2025-08-03,148.6056
MII180356,Roma Rebibbia IIIª casa,2025-08-03,54.5455
MII180370,Roma Rebibbia Nuovo Complesso,2025-08-03,147.8464
MII180401,Roma Regina Coeli,2025-08-03,192.8322
MII180415,Rossano,2025-08-03,125.0000
MII180424,Rovigo,2025-08-03,127.5362
MII180426,Salerno,2025-08-03,146.8085
MII180437,Saluzzo,2025-08-03,79.4811
MII180451,San Cataldo,2025-08-03,81.4815
MII180458,San Gimignano,2025-08-03,139.9103
MII180476,San Severo,2025-08-03,145.9016
MII180465,Sanremo,2025-08-03,103.6036
MII181079,Sant'Angelo dei Lombardi,2025-08-03,153.2258
MII180487,Santa Maria Capua Vetere,2025-08-03,142.9752
MII181091,Sassari,2025-08-03,118.0617
MII181109,Sciacca,2025-08-03,95.0000
MII181115,Siena,2025-08-03,100.0000
MII181125,Siracusa,2025-08-03,128.0443
MII181346,Sondrio,2025-08-03,170.8333
MII181358,Spoleto,2025-08-03,106.7982
MII181371,Sulmona,2025-08-03,97.8967
MII181377,Taranto,2025-08-03,186.0849
MII181385,Tempio Pausania,2025-08-03,98.7730
MII181392,Teramo,2025-08-03,182.2134
MII181401,Termini Imerese,2025-08-03,112.7660
MII181407,Terni,2025-08-03,131.1164
MII181417,Tolmezzo,2025-08-03,129.9320
MII181424,Torino,2025-08-03,134.8026
MII181434,Trani,2025-08-03,142.0875
MII181440,Trani femminile,2025-08-03,134.3750
MII181625,Trapani,2025-08-03,107.4447
MII181636,Trento,2025-08-03,86.9668
MII181645,Treviso,2025-08-03,166.6667
MII181661,Trieste,2025-08-03,182.2222
MII181681,Turi,2025-08-03,159.2593
MII181672,Udine,2025-08-03,193.5484
MII181691,Vallo della Lucania,2025-08-03,130.0000
MII181703,Varese,2025-08-03,175.4717
MII181820,Vasto,2025-08-03,70.0680
MII181839,Velletri,2025-08-03,157.2700
MII181847,Venezia Giudecca,2025-08-03,84.8214
MII181863,Venezia Santa Maria Maggiore,2025-08-03,176.7296
MII181870,Verbania,2025-08-03,128.3019
MII181880,Vercelli,2025-08-03,158.1818
MII181891,Verona,2025-08-03,191.8919
MII181908,Vibo Valentia,2025-08-03,104.5226
MII181918,Vicenza,2025-08-03,133.4615
MII181924,Vigevano,2025-08-03,138.9381
MII181934,Viterbo,2025-08-03,174.0741
MII179733,Voghera,2025-08-03,114.4118
MII179876,Volterra,2025-08-03,93.6170
MII180348,Roma Rebibbia femminile,2025-08-09,148.2072
MII158910,Agrigento,2025-08-10,136.6795
MII157783,Alba,2025-08-10,114.2857
MII158919,"Alessandria Cantiello, Gaeta",2025-08-10,102.2026
MII158924,Alessandria San Michele,2025-08-10,134.2205
MII158935,Alghero,2025-08-10,82.6923
MII172277,Altamura,2025-08-10,177.0833
MII158944,Ancona Barcaglione,2025-08-10,122.0000
MII158941,Ancona Montacuto,2025-08-10,138.0392
MII158945,Arbus,2025-08-10,67.4603
MII158948,Arezzo,2025-08-10,159.0909
MII159053,Ariano Irpino,2025-08-10,140.0000
MII159060,Arienzo,2025-08-10,150.0000
MII159065,Ascoli Piceno,2025-08-10,140.5941
MII159069,Asti,2025-08-10,127.2727
MII159314,Augusta,2025-08-10,173.3138
MII172011,Avellino,2025-08-10,113.4454
MII172187,Aversa,2025-08-10,123.5043
MII182440,Avezzano,2025-08-10,122.6415
MII172222,Barcellona Pozzo di Gotto,2025-08-10,84.8148
MII181678,Bari,2025-08-10,166.7969
MII158901,Belluno,2025-08-10,129.2683
MII160204,Benevento,2025-08-10,146.2451
MII172827,Bergamo,2025-08-10,188.4013
MII172332,Biella,2025-08-10,119.6931
MII172344,Bollate,2025-08-10,109.0837
MII172508,Bologna,2025-08-10,174.3875
MII172580,Bolzano,2025-08-10,113.6364
MII172592,Brescia Canton Monbello,2025-08-10,202.1978
MII172610,Brescia Verziano,2025-08-10,174.6479
MII172623,Brindisi,2025-08-10,178.1513
MII172814,Brissogne - Aosta,2025-08-10,78.4530
MII172320,Busto Arsizio,2025-08-10,178.3186
MII172835,Cagliari Uta,2025-08-10,122.4599
MII173006,Caltagirone,2025-08-10,108.7533
MII173063,Caltanissetta,2025-08-10,127.8689
MII173088,Campobasso,2025-08-10,177.6596
MII173101,Carinola,2025-08-10,101.3274
MII173114,Cassino,2025-08-10,173.9130
MII173237,Castelfranco Emilia,2025-08-10,59.0604
MII173259,Castelvetrano,2025-08-10,159.0909
MII173265,Castrovillari,2025-08-10,146.6667
MII173285,Catania Bicocca,2025-08-10,138.5185
MII173301,Catania Piazza Lanza,2025-08-10,153.4050
MII173311,Catanzaro,2025-08-10,101.1254
MII173356,Chiavari,2025-08-10,125.0000
MII173364,Chieti,2025-08-10,181.0127
MII173688,Civitavecchia Giuseppe Passerini,2025-08-10,84.7826
MII172208,Civitavecchia Nuovo Complesso,2025-08-10,184.8875
MII173712,Como,2025-08-10,194.6429
MII173341,Cosenza,2025-08-10,125.0000
MII173747,Cremona,2025-08-10,145.8115
MII173324,Crotone,2025-08-10,131.8681
MII173764,Cuneo,2025-08-10,100.0000
MII173784,Eboli,2025-08-10,88.8889
MII173813,Enna,2025-08-10,133.3333
MII173994,Favignana,2025-08-10,117.9775
MII174501,Fermo,2025-08-10,139.5349
MII174686,Ferrara,2025-08-10,156.7901
MII174825,Firenze Mario Gozzini,2025-08-10,130.2632
MII174720,Firenze Sollicciano,2025-08-10,150.8380
MII176375,Foggia,2025-08-10,217.0418
MII176403,Forlì,2025-08-10,124.8120
MII176414,Fossano,2025-08-10,84.5588
MII176424,Fossombrone,2025-08-10,85.1485
MII176437,Frosinone,2025-08-10,130.1762
MII176451,Gela,2025-08-10,145.8333
MII152284,Genova Marassi,2025-08-10,126.8293
MII176703,Genova Pontedecimo,2025-08-10,149.4737
MII176714,Giarre,2025-08-10,138.1818
MII176719,Gorizia,2025-08-10,138.0952
MII176743,Grosseto,2025-08-10,166.6667
MII176749,Imperia,2025-08-10,118.8679
MII176759,Isernia,2025-08-10,168.1818
MII176771,Isili,2025-08-10,86.9159
MII176781,Ivrea,2025-08-10,131.9149
MII177134,L'Aquila,2025-08-10,77.4775
MII176788,La Spezia,2025-08-10,125.1656
MII177107,Lanciano,2025-08-10,112.5561
MII177118,Lanusei,2025-08-10,109.0909
MII177323,Larino,2025-08-10,145.8716
MII177332,Latina,2025-08-10,183.1169
MII177346,Laureana di Borrello,2025-08-10,129.7297
MII177384,Lauro,2025-08-10,8.0000
MII177420,Lecce,2025-08-10,168.1305
MII177436,Lecco,2025-08-10,164.7059
MII177463,Livorno,2025-08-10,139.4904
MII177498,Livorno Gorgona,2025-08-10,94.3820
MII177996,Locri,2025-08-10,161.2500
MII178027,Lodi,2025-08-10,190.9091
MII178035,Lucca,2025-08-10,251.3514
MII178045,Lucera,2025-08-10,131.8519
MII178072,Mantova,2025-08-10,142.2680
MII178085,Massa,2025-08-10,152.8736
MII178115,Massa Marittima,2025-08-10,100.0000
MII178124,Matera,2025-08-10,144.8000
MII178141,Melfi,2025-08-10,135.8209
MII178148,Messina,2025-08-10,96.2791
MII158895,Milano San Vittore,2025-08-10,219.6687
MII178501,Milano San Vittore femminile,2025-08-10,163.0435
MII178638,Modena,2025-08-10,158.2210
MII178659,Monza,2025-08-10,184.4221
MII178666,Napoli Poggioreale,2025-08-10,156.6817
MII178672,Napoli Secondigliano,2025-08-10,134.3863
MII178681,Noto,2025-08-10,81.2500
MII178700,Novara,2025-08-10,109.0323
MII179224,Nuoro,2025-08-10,78.4672
MII178003,Onanì,2025-08-10,71.4953
MII179237,Opera,2025-08-10,153.2222
MII179274,Oristano,2025-08-10,83.7121
MII179280,Orvieto,2025-08-10,131.6327
MII179290,Padova,2025-08-10,126.5957
MII179299,Padova Nuovo Complesso,2025-08-10,153.2500
MII179306,Palermo Pagliarelli,2025-08-10,121.0574
MII179324,Palermo Ucciardone,2025-08-10,105.9150
MII179331,Paliano,2025-08-10,40.1316
MII179342,Palmi,2025-08-10,122.6950
MII179353,Paola,2025-08-10,117.6471
MII179364,Parma,2025-08-10,123.9165
MII182910,Pavia,2025-08-10,137.3541
MII179781,Perugia,2025-08-10,154.1667
MII179818,Pesaro,2025-08-10,168.7500
MII179830,Pescara,2025-08-10,160.9053
MII179842,Piacenza,2025-08-10,136.2319
MII179856,Piazza Armerina,2025-08-10,145.8333
MII182919,Pisa,2025-08-10,148.1481
MII179896,Pistoia,2025-08-10,113.3333
MII179913,Pordenone,2025-08-10,140.5405
MII179932,Porto Azzurro,2025-08-10,99.1018
MII179938,Potenza,2025-08-10,160.0000
MII179958,Prato,2025-08-10,102.1429
MII179965,Ragusa,2025-08-10,114.7541
MII179981,Ravenna,2025-08-10,179.1667
MII179988,Reggio Calabria Arghillà,2025-08-10,126.4493
MII179995,Reggio Calabria Giuseppe Panzera,2025-08-10,121.5569
MII182339,Reggio Emilia,2025-08-10,134.6154
MII169535,Rieti,2025-08-10,174.7405
MII180001,Rimini,2025-08-10,141.5254
MII180380,Roma Rebibbia,2025-08-10,108.4249
MII180356,Roma Rebibbia IIIª casa,2025-08-10,54.5455
MII180370,Roma Rebibbia Nuovo Complesso,2025-08-10,147.0974
MII180401,Roma Regina Coeli,2025-08-10,195.4545
MII180415,Rossano,2025-08-10,124.6154
MII180424,Rovigo,2025-08-10,128.5024
MII180426,Salerno,2025-08-10,147.0745
MII180437,Saluzzo,2025-08-10,78.7736
MII180451,San Cataldo,2025-08-10,81.4815
MII180458,San Gimignano,2025-08-10,139.4619
MII180476,San Severo,2025-08-10,145.9016
MII180465,Sanremo,2025-08-10,106.7568
MII181079,Sant'Angelo dei Lombardi,2025-08-10,150.0000
MII180487,Santa Maria Capua Vetere,2025-08-10,141.4601
MII181091,Sassari,2025-08-10,117.6211
MII181109,Sciacca,2025-08-10,95.0000
MII181115,Siena,2025-08-10,103.7037
MII181125,Siracusa,2025-08-10,127.1218
MII181346,Sondrio,2025-08-10,183.3333
MII181358,Spoleto,2025-08-10,107.2368
MII181371,Sulmona,2025-08-10,99.4264
MII181377,Taranto,2025-08-10,186.3208
MII181385,Tempio Pausania,2025-08-10,99.3865
MII181392,Teramo,2025-08-10,183.3992
MII181401,Termini Imerese,2025-08-10,110.5263
MII181407,Terni,2025-08-10,131.1164
MII181417,Tolmezzo,2025-08-10,128.5714
MII181424,Torino,2025-08-10,133.3028
MII181434,Trani,2025-08-10,142.7609
MII181440,Trani femminile,2025-08-10,125.0000
MII181625,Trapani,2025-08-10,107.8471
MII181636,Trento,2025-08-10,86.9668
MII181645,Treviso,2025-08-10,170.4545
MII181661,Trieste,2025-08-10,176.2963
MII181681,Turi,2025-08-10,159.2593
MII181672,Udine,2025-08-10,191.3978
MII181691,Vallo della Lucania,2025-08-10,135.0000
MII181703,Varese,2025-08-10,179.2453
MII181820,Vasto,2025-08-10,68.7075
MII181839,Velletri,2025-08-10,156.9733
MII181847,Venezia Giudecca,2025-08-10,83.9286
MII181863,Venezia Santa Maria Maggiore,2025-08-10,177.9874
MII181870,Verbania,2025-08-10,128.3019
MII181880,Vercelli,2025-08-10,155.2036
MII181891,Verona,2025-08-10,190.3904
MII181908,Vibo Valentia,2025-08-10,104.5226
MII181918,Vicenza,2025-08-10,135.7692
MII181924,Vigevano,2025-08-10,129.6460
MII181934,Viterbo,2025-08-10,173.5802
MII179733,Voghera,2025-08-10,115.8824
MII179876,Volterra,2025-08-10,93.0851
MII158910,Agrigento,2025-08-17,138.6100
MII157783,Alba,2025-08-17,110.2041
MII158919,"Alessandria Cantiello, Gaeta",2025-08-17,101.7621
MII158924,Alessandria San Michele,2025-08-17,134.6008
MII158935,Alghero,2025-08-17,83.9744
MII172277,Altamura,2025-08-17,175.0000
MII158944,Ancona Barcaglione,2025-08-17,124.0000
MII158941,Ancona Montacuto,2025-08-17,136.0784
MII158945,Arbus,2025-08-17,65.8730
MII158948,Arezzo,2025-08-17,154.5455
MII159053,Ariano Irpino,2025-08-17,137.5000
MII159060,Arienzo,2025-08-17,151.7241
MII159065,Ascoli Piceno,2025-08-17,137.6238
MII159069,Asti,2025-08-17,125.2525
MII159314,Augusta,2025-08-17,173.9003
MII172011,Avellino,2025-08-17,114.4958
MII172187,Aversa,2025-08-17,123.5043
MII182440,Avezzano,2025-08-17,126.4151
MII172222,Barcellona Pozzo di Gotto,2025-08-17,85.9259
MII181678,Bari,2025-08-17,166.7954
MII158901,Belluno,2025-08-17,132.9268
MII160204,Benevento,2025-08-17,145.4545
MII172827,Bergamo,2025-08-17,185.5799
MII172332,Biella,2025-08-17,118.1586
MII172344,Bollate,2025-08-17,109.3207
MII172508,Bologna,2025-08-17,174.3875
MII172580,Bolzano,2025-08-17,109.0909
MII172592,Brescia Canton Monbello,2025-08-17,203.8462
MII172610,Brescia Verziano,2025-08-17,177.4648
MII172623,Brindisi,2025-08-17,181.5126
MII172814,Brissogne - Aosta,2025-08-17,78.4530
MII172320,Busto Arsizio,2025-08-17,182.3009
MII172835,Cagliari Uta,2025-08-17,123.3512
MII173006,Caltagirone,2025-08-17,107.6923
MII173063,Caltanissetta,2025-08-17,126.7760
MII173088,Campobasso,2025-08-17,175.5319
MII173101,Carinola,2025-08-17,100.6637
MII173114,Cassino,2025-08-17,179.3478
MII173237,Castelfranco Emilia,2025-08-17,59.0604
MII173259,Castelvetrano,2025-08-17,154.5455
MII173265,Castrovillari,2025-08-17,145.9016
MII173285,Catania Bicocca,2025-08-17,134.0741
MII173301,Catania Piazza Lanza,2025-08-17,156.3636
MII173311,Catanzaro,2025-08-17,101.1254
MII173356,Chiavari,2025-08-17,125.0000
MII173364,Chieti,2025-08-17,186.0759
MII173688,Civitavecchia Giuseppe Passerini,2025-08-17,84.7826
MII172208,Civitavecchia Nuovo Complesso,2025-08-17,182.6367
MII173712,Como,2025-08-17,192.8889
MII173341,Cosenza,2025-08-17,124.5455
MII173747,Cremona,2025-08-17,145.5729
MII173324,Crotone,2025-08-17,128.5714
MII173764,Cuneo,2025-08-17,99.4695
MII173784,Eboli,2025-08-17,88.8889
MII173813,Enna,2025-08-17,132.0513
MII173994,Favignana,2025-08-17,114.6067
MII174501,Fermo,2025-08-17,139.5349
MII174686,Ferrara,2025-08-17,157.2016
MII174825,Firenze Mario Gozzini,2025-08-17,132.8947
MII174720,Firenze Sollicciano,2025-08-17,151.9553
MII176375,Foggia,2025-08-17,217.3633
MII176403,Forlì,2025-08-17,127.0677
MII176414,Fossano,2025-08-17,85.2941
MII176424,Fossombrone,2025-08-17,85.1485
MII176437,Frosinone,2025-08-17,130.8370
MII176451,Gela,2025-08-17,143.7500
MII152284,Genova Marassi,2025-08-17,128.3302
MII176703,Genova Pontedecimo,2025-08-17,150.0000
MII176714,Giarre,2025-08-17,138.1818
MII176719,Gorizia,2025-08-17,131.7460
MII176743,Grosseto,2025-08-17,153.3333
MII176749,Imperia,2025-08-17,126.4151
MII176759,Isernia,2025-08-17,161.3636
MII176771,Isili,2025-08-17,86.9159
MII176781,Ivrea,2025-08-17,136.1702
MII177134,L'Aquila,2025-08-17,77.4775
MII176788,La Spezia,2025-08-17,125.1656
MII177107,Lanciano,2025-08-17,113.4529
MII177118,Lanusei,2025-08-17,109.0909
MII177323,Larino,2025-08-17,144.9541
MII177332,Latina,2025-08-17,183.1169
MII177346,Laureana di Borrello,2025-08-17,129.7297
MII177384,Lauro,2025-08-17,10.0000
MII177420,Lecce,2025-08-17,167.6286
MII177436,Lecco,2025-08-17,151.9231
MII177463,Livorno,2025-08-17,138.8535
MII177498,Livorno Gorgona,2025-08-17,94.3820
MII177996,Locri,2025-08-17,158.7500
MII178027,Lodi,2025-08-17,193.1818
MII178035,Lucca,2025-08-17,254.0541
MII178045,Lucera,2025-08-17,132.5926
MII178072,Mantova,2025-08-17,144.3299
MII178085,Massa,2025-08-17,153.4483
MII178115,Massa Marittima,2025-08-17,106.2500
MII178124,Matera,2025-08-17,144.0000
MII178141,Melfi,2025-08-17,137.3134
MII178148,Messina,2025-08-17,96.7442
MII158895,Milano San Vittore,2025-08-17,223.8095
MII178501,Milano San Vittore femminile,2025-08-17,165.2174
MII178638,Modena,2025-08-17,157.4124
MII178659,Monza,2025-08-17,183.7093
MII178666,Napoli Poggioreale,2025-08-17,158.7087
MII178672,Napoli Secondigliano,2025-08-17,134.0253
MII178681,Noto,2025-08-17,80.6818
MII178700,Novara,2025-08-17,108.3871
MII179224,Nuoro,2025-08-17,78.4672
MII178003,Onanì,2025-08-17,70.5607
MII179237,Opera,2025-08-17,152.8239
MII179274,Oristano,2025-08-17,84.0909
MII179280,Orvieto,2025-08-17,130.6122
MII179290,Padova,2025-08-17,130.6452
MII179299,Padova Nuovo Complesso,2025-08-17,153.7500
MII179306,Palermo Pagliarelli,2025-08-17,121.6044
MII179324,Palermo Ucciardone,2025-08-17,106.4695
MII179331,Paliano,2025-08-17,40.1316
MII179342,Palmi,2025-08-17,121.9858
MII179353,Paola,2025-08-17,116.9935
MII179364,Parma,2025-08-17,124.6795
MII182910,Pavia,2025-08-17,137.9377
MII179781,Perugia,2025-08-17,156.9132
MII179818,Pesaro,2025-08-17,168.0556
MII179830,Pescara,2025-08-17,160.0823
MII179842,Piacenza,2025-08-17,136.2319
MII179856,Piazza Armerina,2025-08-17,141.6667
MII182919,Pisa,2025-08-17,147.6190
MII179896,Pistoia,2025-08-17,112.0000
MII179913,Pordenone,2025-08-17,135.1351
MII179932,Porto Azzurro,2025-08-17,99.1018
MII179938,Potenza,2025-08-17,157.1429
MII179958,Prato,2025-08-17,101.2500
MII179965,Ragusa,2025-08-17,116.3934
MII179981,Ravenna,2025-08-17,181.2500
MII179988,Reggio Calabria Arghillà,2025-08-17,125.0000
MII179995,Reggio Calabria Giuseppe Panzera,2025-08-17,117.3653
MII182339,Reggio Emilia,2025-08-17,132.4786
MII169535,Rieti,2025-08-17,176.1246
MII180001,Rimini,2025-08-17,144.9153
MII180380,Roma Rebibbia,2025-08-17,107.3529
MII180348,Roma Rebibbia femminile,2025-08-17,148.6056
MII180356,Roma Rebibbia IIIª casa,2025-08-17,54.5455
MII180370,Roma Rebibbia Nuovo Complesso,2025-08-17,146.7228
MII180401,Roma Regina Coeli,2025-08-17,195.1049
MII180415,Rossano,2025-08-17,125.2874
MII180424,Rovigo,2025-08-17,130.9179
MII180426,Salerno,2025-08-17,147.3404
MII180437,Saluzzo,2025-08-17,78.7736
MII180451,San Cataldo,2025-08-17,82.2222
MII180458,San Gimignano,2025-08-17,139.9103
MII180476,San Severo,2025-08-17,147.5410
MII180465,Sanremo,2025-08-17,107.6577
MII181079,Sant'Angelo dei Lombardi,2025-08-17,149.1935
MII180487,Santa Maria Capua Vetere,2025-08-17,142.6997
MII181091,Sassari,2025-08-17,117.8414
MII181109,Sciacca,2025-08-17,95.0000
MII181115,Siena,2025-08-17,107.4074
MII181125,Siracusa,2025-08-17,128.2288
MII181346,Sondrio,2025-08-17,175.0000
MII181358,Spoleto,2025-08-17,107.0175
MII181371,Sulmona,2025-08-17,99.4264
MII181377,Taranto,2025-08-17,185.8491
MII181385,Tempio Pausania,2025-08-17,98.7730
MII181392,Teramo,2025-08-17,182.6087
MII181401,Termini Imerese,2025-08-17,108.4211
MII181407,Terni,2025-08-17,131.3539
MII181417,Tolmezzo,2025-08-17,129.2517
MII181424,Torino,2025-08-17,134.6154
MII181434,Trani,2025-08-17,142.7609
MII181440,Trani femminile,2025-08-17,128.1250
MII181625,Trapani,2025-08-17,106.6398
MII181636,Trento,2025-08-17,88.8626
MII181645,Treviso,2025-08-17,171.9697
MII181661,Trieste,2025-08-17,174.8148
MII181681,Turi,2025-08-17,158.3333
MII181672,Udine,2025-08-17,193.5484
MII181691,Vallo della Lucania,2025-08-17,140.0000
MII181703,Varese,2025-08-17,179.2453
MII181820,Vasto,2025-08-17,68.0272
MII181839,Velletri,2025-08-17,156.6766
MII181847,Venezia Giudecca,2025-08-17,85.7143
MII181863,Venezia Santa Maria Maggiore,2025-08-17,177.3585
MII181870,Verbania,2025-08-17,133.9623
MII181880,Vercelli,2025-08-17,156.1644
MII181891,Verona,2025-08-17,188.8889
MII181908,Vibo Valentia,2025-08-17,105.0251
MII181918,Vicenza,2025-08-17,135.3846
MII181924,Vigevano,2025-08-17,128.3186
MII181934,Viterbo,2025-08-17,175.5556
MII179733,Voghera,2025-08-17,116.1765
MII179876,Volterra,2025-08-17,93.0851
MII179842,Piacenza,2025-08-23,138.1643
MII158910,Agrigento,2025-08-24,138.2239
MII157783,Alba,2025-08-24,112.2449
MII158919,"Alessandria Cantiello, Gaeta",2025-08-24,102.6432
MII158924,Alessandria San Michele,2025-08-24,134.6008
MII158935,Alghero,2025-08-24,83.9744
MII172277,Altamura,2025-08-24,177.0833
MII158944,Ancona Barcaglione,2025-08-24,122.0000
MII158941,Ancona Montacuto,2025-08-24,131.3725
MII158945,Arbus,2025-08-24,66.6667
MII158948,Arezzo,2025-08-24,177.2727
MII159053,Ariano Irpino,2025-08-24,136.5741
MII159060,Arienzo,2025-08-24,156.8966
MII159065,Ascoli Piceno,2025-08-24,139.6040
MII159069,Asti,2025-08-24,126.2626
MII159314,Augusta,2025-08-24,169.7947
MII172011,Avellino,2025-08-24,122.4944
MII172187,Aversa,2025-08-24,123.9316
MII182440,Avezzano,2025-08-24,139.6226
MII172222,Barcellona Pozzo di Gotto,2025-08-24,86.2963
MII181678,Bari,2025-08-24,166.0232
MII158901,Belluno,2025-08-24,131.7073
MII160204,Benevento,2025-08-24,146.2451
MII172827,Bergamo,2025-08-24,184.3260
MII172332,Biella,2025-08-24,120.7254
MII172344,Bollate,2025-08-24,110.0316
MII172508,Bologna,2025-08-24,177.7283
MII172580,Bolzano,2025-08-24,106.8182
MII172592,Brescia Canton Monbello,2025-08-24,205.4945
MII172610,Brescia Verziano,2025-08-24,176.0563
MII172623,Brindisi,2025-08-24,184.0336
MII172814,Brissogne - Aosta,2025-08-24,78.3333
MII172320,Busto Arsizio,2025-08-24,197.1564
MII172835,Cagliari Uta,2025-08-24,123.8859
MII173006,Caltagirone,2025-08-24,107.1618
MII173063,Caltanissetta,2025-08-24,128.4153
MII173088,Campobasso,2025-08-24,177.6596
MII173101,Carinola,2025-08-24,101.9912
MII173114,Cassino,2025-08-24,182.6087
MII173237,Castelfranco Emilia,2025-08-24,57.0470
MII173259,Castelvetrano,2025-08-24,156.8182
MII173265,Castrovillari,2025-08-24,147.5410
MII173285,Catania Bicocca,2025-08-24,135.5556
MII173301,Catania Piazza Lanza,2025-08-24,156.2724
MII173311,Catanzaro,2025-08-24,101.1254
MII173356,Chiavari,2025-08-24,125.0000
MII173364,Chieti,2025-08-24,189.8734
MII173688,Civitavecchia Giuseppe Passerini,2025-08-24,83.6957
MII172208,Civitavecchia Nuovo Complesso,2025-08-24,181.6720
MII173712,Como,2025-08-24,196.0000
MII173341,Cosenza,2025-08-24,124.5455
MII173747,Cremona,2025-08-24,148.1771
MII173324,Crotone,2025-08-24,130.7692
MII173764,Cuneo,2025-08-24,99.4709
MII173784,Eboli,2025-08-24,88.8889
MII173813,Enna,2025-08-24,133.9744
MII173994,Favignana,2025-08-24,113.4831
MII174501,Fermo,2025-08-24,141.8605
MII174686,Ferrara,2025-08-24,158.4362
MII174825,Firenze Mario Gozzini,2025-08-24,132.8947
MII174720,Firenze Sollicciano,2025-08-24,153.6313
MII176375,Foggia,2025-08-24,216.7203
MII176403,Forlì,2025-08-24,130.0752
MII176414,Fossano,2025-08-24,83.8235
MII176424,Fossombrone,2025-08-24,85.1485
MII176437,Frosinone,2025-08-24,130.3965
MII176451,Gela,2025-08-24,141.6667
MII152284,Genova Marassi,2025-08-24,128.3302
MII176703,Genova Pontedecimo,2025-08-24,150.0000
MII176714,Giarre,2025-08-24,141.8182
MII176719,Gorizia,2025-08-24,133.3333
MII176743,Grosseto,2025-08-24,146.6667
MII176749,Imperia,2025-08-24,115.0943
MII176759,Isernia,2025-08-24,163.6364
MII176771,Isili,2025-08-24,86.9159
MII176781,Ivrea,2025-08-24,140.8602
MII177134,L'Aquila,2025-08-24,75.6757
MII176788,La Spezia,2025-08-24,127.8146
MII177107,Lanciano,2025-08-24,113.9013
MII177118,Lanusei,2025-08-24,109.0909
MII177323,Larino,2025-08-24,144.0367
MII177332,Latina,2025-08-24,184.4156
MII177346,Laureana di Borrello,2025-08-24,132.4324
MII177384,Lauro,2025-08-24,10.0000
MII177420,Lecce,2025-08-24,168.7578
MII177436,Lecco,2025-08-24,146.1538
MII177463,Livorno,2025-08-24,138.8535
MII177498,Livorno Gorgona,2025-08-24,93.2584
MII177996,Locri,2025-08-24,161.2500
MII178027,Lodi,2025-08-24,197.7273
MII178035,Lucca,2025-08-24,251.3514
MII178045,Lucera,2025-08-24,132.5926
MII178072,Mantova,2025-08-24,149.4845
MII178085,Massa,2025-08-24,152.2989
MII178115,Massa Marittima,2025-08-24,110.4167
MII178124,Matera,2025-08-24,140.8000
MII178141,Melfi,2025-08-24,137.3134
MII178148,Messina,2025-08-24,98.6047
MII158895,Milano San Vittore,2025-08-24,223.1884
MII178501,Milano San Vittore femminile,2025-08-24,167.3913
MII178638,Modena,2025-08-24,158.7601
MII178659,Monza,2025-08-24,184.6348
MII178666,Napoli Poggioreale,2025-08-24,158.2393
MII178672,Napoli Secondigliano,2025-08-24,132.9422
MII178681,Noto,2025-08-24,80.6818
MII178700,Novara,2025-08-24,104.5161
MII179224,Nuoro,2025-08-24,78.8321
MII178003,Onanì,2025-08-24,71.0280
MII179237,Opera,2025-08-24,152.9347
MII179274,Oristano,2025-08-24,83.3333
MII179280,Orvieto,2025-08-24,130.6122
MII179290,Padova,2025-08-24,130.6452
MII179299,Padova Nuovo Complesso,2025-08-24,155.2500
MII179306,Palermo Pagliarelli,2025-08-24,121.6955
MII179324,Palermo Ucciardone,2025-08-24,107.0240
MII179331,Paliano,2025-08-24,40.1316
MII179342,Palmi,2025-08-24,120.5674
MII179353,Paola,2025-08-24,120.2614
MII179364,Parma,2025-08-24,124.6795
MII182910,Pavia,2025-08-24,139.4942
MII179781,Perugia,2025-08-24,158.8424
MII179818,Pesaro,2025-08-24,166.6667
MII179830,Pescara,2025-08-24,159.6708
MII179856,Piazza Armerina,2025-08-24,143.7500
MII182919,Pisa,2025-08-24,149.2063
MII179896,Pistoia,2025-08-24,114.6667
MII179913,Pordenone,2025-08-24,140.5405
MII179932,Porto Azzurro,2025-08-24,99.1018
MII179938,Potenza,2025-08-24,160.0000
MII179958,Prato,2025-08-24,100.7181
MII179965,Ragusa,2025-08-24,116.3934
MII179981,Ravenna,2025-08-24,171.4286
MII179988,Reggio Calabria Arghillà,2025-08-24,125.0000
MII179995,Reggio Calabria Giuseppe Panzera,2025-08-24,116.1677
MII182339,Reggio Emilia,2025-08-24,132.4786
MII169535,Rieti,2025-08-24,176.1246
MII180001,Rimini,2025-08-24,146.6102
MII180380,Roma Rebibbia,2025-08-24,106.6176
MII180348,Roma Rebibbia femminile,2025-08-24,149.0040
MII180356,Roma Rebibbia IIIª casa,2025-08-24,54.5455
MII180370,Roma Rebibbia Nuovo Complesso,2025-08-24,147.6592
MII180401,Roma Regina Coeli,2025-08-24,196.5035
MII180415,Rossano,2025-08-24,125.2874
MII180424,Rovigo,2025-08-24,134.1463
MII180426,Salerno,2025-08-24,149.4681
MII180437,Saluzzo,2025-08-24,79.4811
MII180451,San Cataldo,2025-08-24,82.9630
MII180458,San Gimignano,2025-08-24,139.4619
MII180476,San Severo,2025-08-24,145.9016
MII180465,Sanremo,2025-08-24,111.2613
MII181079,Sant'Angelo dei Lombardi,2025-08-24,148.3871
MII180487,Santa Maria Capua Vetere,2025-08-24,142.5620
MII181091,Sassari,2025-08-24,119.1630
MII181109,Sciacca,2025-08-24,100.0000
MII181115,Siena,2025-08-24,107.4074
MII181125,Siracusa,2025-08-24,129.3358
MII181346,Sondrio,2025-08-24,154.1667
MII181358,Spoleto,2025-08-24,106.7982
MII181371,Sulmona,2025-08-24,99.8088
MII181377,Taranto,2025-08-24,188.4434
MII181385,Tempio Pausania,2025-08-24,98.1595
MII181392,Teramo,2025-08-24,184.5850
MII181401,Termini Imerese,2025-08-24,106.3158
MII181407,Terni,2025-08-24,131.5914
MII181417,Tolmezzo,2025-08-24,130.6122
MII181424,Torino,2025-08-24,133.9744
MII181434,Trani,2025-08-24,141.7508
MII181440,Trani femminile,2025-08-24,131.2500
MII181625,Trapani,2025-08-24,107.8471
MII181636,Trento,2025-08-24,90.7583
MII181645,Treviso,2025-08-24,171.2121
MII181661,Trieste,2025-08-24,178.5185
MII181681,Turi,2025-08-24,156.4815
MII181672,Udine,2025-08-24,198.9247
MII181691,Vallo della Lucania,2025-08-24,132.5000
MII181703,Varese,2025-08-24,186.7925
MII181820,Vasto,2025-08-24,69.3878
MII181839,Velletri,2025-08-24,157.8635
MII181847,Venezia Giudecca,2025-08-24,83.9286
MII181863,Venezia Santa Maria Maggiore,2025-08-24,179.2453
MII181870,Verbania,2025-08-24,137.7358
MII181880,Vercelli,2025-08-24,155.2511
MII181891,Verona,2025-08-24,185.8859
MII181908,Vibo Valentia,2025-08-24,103.5176
MII181918,Vicenza,2025-08-24,135.3846
MII181924,Vigevano,2025-08-24,121.6814
MII181934,Viterbo,2025-08-24,175.5556
MII179733,Voghera,2025-08-24,117.0088
MII179876,Volterra,2025-08-24,93.0851
MII158910,Agrigento,2025-08-31,138.2239
MII157783,Alba,2025-08-31,110.2041
MII158919,"Alessandria Cantiello, Gaeta",2025-08-31,103.0568
MII158924,Alessandria San Michele,2025-08-31,134.2205
MII158935,Alghero,2025-08-31,83.9744
MII172277,Altamura,2025-08-31,181.2500
MII158944,Ancona Barcaglione,2025-08-31,122.0000
MII158941,Ancona Montacuto,2025-08-31,129.4118
MII158945,Arbus,2025-08-31,67.4603
MII158948,Arezzo,2025-08-31,177.2727
MII159053,Ariano Irpino,2025-08-31,133.7963
MII159060,Arienzo,2025-08-31,155.1724
MII159065,Ascoli Piceno,2025-08-31,142.5743
MII159069,Asti,2025-08-31,126.7677
MII159314,Augusta,2025-08-31,169.5015
MII172011,Avellino,2025-08-31,122.7171
MII172187,Aversa,2025-08-31,123.5043
MII182440,Avezzano,2025-08-31,133.9623
MII172222,Barcellona Pozzo di Gotto,2025-08-31,85.4015
MII181678,Bari,2025-08-31,167.9537
MII158901,Belluno,2025-08-31,139.2405
MII160204,Benevento,2025-08-31,145.4545
MII172827,Bergamo,2025-08-31,187.1473
MII172332,Biella,2025-08-31,120.7254
MII172344,Bollate,2025-08-31,111.6114
MII172508,Bologna,2025-08-31,178.3964
MII172580,Bolzano,2025-08-31,107.9545
MII172592,Brescia Canton Monbello,2025-08-31,206.5934
MII172610,Brescia Verziano,2025-08-31,181.6901
MII172623,Brindisi,2025-08-31,192.4370
MII172814,Brissogne - Aosta,2025-08-31,78.3333
MII172320,Busto Arsizio,2025-08-31,203.3175
MII172835,Cagliari Uta,2025-08-31,124.0642
MII173006,Caltagirone,2025-08-31,107.9576
MII173063,Caltanissetta,2025-08-31,129.5082
MII173088,Campobasso,2025-08-31,180.6452
MII173101,Carinola,2025-08-31,100.8850
MII173114,Cassino,2025-08-31,181.5217
MII173237,Castelfranco Emilia,2025-08-31,57.0470
MII173259,Castelvetrano,2025-08-31,156.8182
MII173265,Castrovillari,2025-08-31,148.3607
MII173285,Catania Bicocca,2025-08-31,129.6296
MII173301,Catania Piazza Lanza,2025-08-31,162.3656
MII173311,Catanzaro,2025-08-31,101.1254
MII173356,Chiavari,2025-08-31,126.9231
MII173364,Chieti,2025-08-31,184.8101
MII173688,Civitavecchia Giuseppe Passerini,2025-08-31,91.3043
MII172208,Civitavecchia Nuovo Complesso,2025-08-31,184.2444
MII173712,Como,2025-08-31,198.6667
MII173341,Cosenza,2025-08-31,124.0909
MII173747,Cremona,2025-08-31,150.0000
MII173324,Crotone,2025-08-31,127.4725
MII173764,Cuneo,2025-08-31,99.7354
MII173784,Eboli,2025-08-31,87.0370
MII173813,Enna,2025-08-31,133.3333
MII173994,Favignana,2025-08-31,115.7303
MII174501,Fermo,2025-08-31,139.5349
MII174686,Ferrara,2025-08-31,161.3169
MII174825,Firenze Mario Gozzini,2025-08-31,135.5263
MII174720,Firenze Sollicciano,2025-08-31,156.4246
MII176375,Foggia,2025-08-31,214.7910
MII176403,Forlì,2025-08-31,130.0752
MII176414,Fossano,2025-08-31,84.5588
MII176424,Fossombrone,2025-08-31,85.1485
MII176437,Frosinone,2025-08-31,131.4978
MII176451,Gela,2025-08-31,143.7500
MII152284,Genova Marassi,2025-08-31,128.9720
MII176703,Genova Pontedecimo,2025-08-31,151.0417
MII176714,Giarre,2025-08-31,143.6364
MII176719,Gorizia,2025-08-31,142.8571
MII176743,Grosseto,2025-08-31,146.6667
MII176749,Imperia,2025-08-31,111.3208
MII176759,Isernia,2025-08-31,156.8182
MII176771,Isili,2025-08-31,87.8505
MII176781,Ivrea,2025-08-31,143.1694
MII177134,L'Aquila,2025-08-31,75.6757
MII176788,La Spezia,2025-08-31,127.8146
MII177107,Lanciano,2025-08-31,115.6951
MII177118,Lanusei,2025-08-31,115.1515
MII177323,Larino,2025-08-31,142.2018
MII177332,Latina,2025-08-31,203.8961
MII177346,Laureana di Borrello,2025-08-31,132.4324
MII177384,Lauro,2025-08-31,10.0000
MII177420,Lecce,2025-08-31,169.7616
MII177436,Lecco,2025-08-31,142.3077
MII177463,Livorno,2025-08-31,151.0067
MII177498,Livorno Gorgona,2025-08-31,88.7640
MII177996,Locri,2025-08-31,163.7500
MII178027,Lodi,2025-08-31,200.0000
MII178035,Lucca,2025-08-31,259.4595
MII178045,Lucera,2025-08-31,145.5285
MII178072,Mantova,2025-08-31,146.3918
MII178085,Massa,2025-08-31,152.2989
MII178115,Massa Marittima,2025-08-31,112.5000
MII178124,Matera,2025-08-31,146.7213
MII178141,Melfi,2025-08-31,138.8060
MII178148,Messina,2025-08-31,100.0000
MII158895,Milano San Vittore,2025-08-31,225.8333
MII178501,Milano San Vittore femminile,2025-08-31,167.3913
MII178638,Modena,2025-08-31,157.9515
MII178659,Monza,2025-08-31,180.9291
MII178666,Napoli Poggioreale,2025-08-31,159.6689
MII178672,Napoli Secondigliano,2025-08-31,133.1227
MII178681,Noto,2025-08-31,88.7500
MII178700,Novara,2025-08-31,105.8065
MII179224,Nuoro,2025-08-31,79.5620
MII178003,Onanì,2025-08-31,70.5607
MII179237,Opera,2025-08-31,153.2669
MII179274,Oristano,2025-08-31,86.7424
MII179280,Orvieto,2025-08-31,129.5918
MII179290,Padova,2025-08-31,131.7204
MII179299,Padova Nuovo Complesso,2025-08-31,156.0000
MII179306,Palermo Pagliarelli,2025-08-31,121.0574
MII179324,Palermo Ucciardone,2025-08-31,113.9764
MII179331,Paliano,2025-08-31,39.4737
MII179342,Palmi,2025-08-31,119.8582
MII179353,Paola,2025-08-31,120.9150
MII179364,Parma,2025-08-31,124.4373
MII182910,Pavia,2025-08-31,137.9377
MII179781,Perugia,2025-08-31,158.0128
MII179818,Pesaro,2025-08-31,168.7500
MII179830,Pescara,2025-08-31,163.7860
MII179842,Piacenza,2025-08-31,140.0966
MII179856,Piazza Armerina,2025-08-31,141.6667
MII182919,Pisa,2025-08-31,147.1204
MII179896,Pistoia,2025-08-31,121.3333
MII179913,Pordenone,2025-08-31,129.7297
MII179932,Porto Azzurro,2025-08-31,99.4012
MII179938,Potenza,2025-08-31,164.7619
MII179958,Prato,2025-08-31,102.3339
MII179965,Ragusa,2025-08-31,116.3934
MII179981,Ravenna,2025-08-31,181.6327
MII179988,Reggio Calabria Arghillà,2025-08-31,125.7246
MII179995,Reggio Calabria Giuseppe Panzera,2025-08-31,114.3713
MII182339,Reggio Emilia,2025-08-31,132.0513
MII169535,Rieti,2025-08-31,177.5087
MII180001,Rimini,2025-08-31,147.4576
MII180380,Roma Rebibbia,2025-08-31,104.4118
MII180348,Roma Rebibbia femminile,2025-08-31,150.1992
MII180356,Roma Rebibbia IIIª casa,2025-08-31,54.5455
MII180370,Roma Rebibbia Nuovo Complesso,2025-08-31,148.1273
MII180401,Roma Regina Coeli,2025-08-31,196.6783
MII180415,Rossano,2025-08-31,126.4368
MII180424,Rovigo,2025-08-31,137.5610
MII180426,Salerno,2025-08-31,150.0000
MII180437,Saluzzo,2025-08-31,78.7736
MII180451,San Cataldo,2025-08-31,81.4815
MII180458,San Gimignano,2025-08-31,142.1525
MII180476,San Severo,2025-08-31,147.5410
MII180465,Sanremo,2025-08-31,113.9640
MII181079,Sant'Angelo dei Lombardi,2025-08-31,145.9677
MII180487,Santa Maria Capua Vetere,2025-08-31,142.1488
MII181091,Sassari,2025-08-31,120.2643
MII181109,Sciacca,2025-08-31,100.0000
MII181115,Siena,2025-08-31,107.4074
MII181125,Siracusa,2025-08-31,128.7823
MII181346,Sondrio,2025-08-31,150.0000
MII181358,Spoleto,2025-08-31,108.3333
MII181371,Sulmona,2025-08-31,101.7208
MII181377,Taranto,2025-08-31,187.9717
MII181385,Tempio Pausania,2025-08-31,98.7730
MII181392,Teramo,2025-08-31,183.3992
MII181401,Termini Imerese,2025-08-31,103.1579
MII181407,Terni,2025-08-31,131.8290
MII181417,Tolmezzo,2025-08-31,131.2925
MII181424,Torino,2025-08-31,134.2491
MII181434,Trani,2025-08-31,144.1077
MII181440,Trani femminile,2025-08-31,121.8750
MII181625,Trapani,2025-08-31,109.0543
MII181636,Trento,2025-08-31,91.9431
MII181645,Treviso,2025-08-31,171.9697
MII181661,Trieste,2025-08-31,175.9398
MII181681,Turi,2025-08-31,160.1852
MII181672,Udine,2025-08-31,192.3913
MII181691,Vallo della Lucania,2025-08-31,135.0000
MII181703,Varese,2025-08-31,181.1321
MII181820,Vasto,2025-08-31,70.7483
MII181839,Velletri,2025-08-31,156.3798
MII181847,Venezia Giudecca,2025-08-31,84.8214
MII181863,Venezia Santa Maria Maggiore,2025-08-31,177.9874
MII181870,Verbania,2025-08-31,135.8491
MII181880,Vercelli,2025-08-31,150.2283
MII181891,Verona,2025-08-31,186.4865
MII181908,Vibo Valentia,2025-08-31,104.8101
MII181918,Vicenza,2025-08-31,140.9266
MII181924,Vigevano,2025-08-31,105.0000
MII181934,Viterbo,2025-08-31,175.0617
MII179733,Voghera,2025-08-31,116.7155
MII179876,Volterra,2025-08-31,93.0851
MII158910,Agrigento,2025-09-07,139.3822
MII157783,Alba,2025-09-07,110.2041
MII158919,"Alessandria Cantiello, Gaeta",2025-09-07,103.4934
MII158924,Alessandria San Michele,2025-09-07,134.6008
MII158935,Alghero,2025-09-07,83.3333
MII172277,Altamura,2025-09-07,185.4167
MII158944,Ancona Barcaglione,2025-09-07,121.0000
MII158941,Ancona Montacuto,2025-09-07,130.5882
MII158945,Arbus,2025-09-07,67.4603
MII158948,Arezzo,2025-09-07,181.8182
MII159053,Ariano Irpino,2025-09-07,133.7963
MII159060,Arienzo,2025-09-07,155.1724
MII159065,Ascoli Piceno,2025-09-07,143.5644
MII159069,Asti,2025-09-07,128.2828
MII159314,Augusta,2025-09-07,169.7947
MII172011,Avellino,2025-09-07,126.9488
MII172187,Aversa,2025-09-07,126.9231
MII182440,Avezzano,2025-09-07,147.1698
MII172222,Barcellona Pozzo di Gotto,2025-09-07,85.4015
MII181678,Bari,2025-09-07,166.4093
MII158901,Belluno,2025-09-07,143.0380
MII160204,Benevento,2025-09-07,147.8261
MII172827,Bergamo,2025-09-07,187.4608
MII172332,Biella,2025-09-07,119.9482
MII172344,Bollate,2025-09-07,111.0585
MII172508,Bologna,2025-09-07,178.8419
MII172580,Bolzano,2025-09-07,109.0909
MII172592,Brescia Canton Monbello,2025-09-07,202.7473
MII172610,Brescia Verziano,2025-09-07,178.8732
MII172623,Brindisi,2025-09-07,189.0756
MII172814,Brissogne - Aosta,2025-09-07,78.3333
MII172320,Busto Arsizio,2025-09-07,202.3697
MII172835,Cagliari Uta,2025-09-07,124.9554
MII173006,Caltagirone,2025-09-07,108.4881
MII173063,Caltanissetta,2025-09-07,131.6940
MII173088,Campobasso,2025-09-07,179.5699
MII173101,Carinola,2025-09-07,103.9823
MII173114,Cassino,2025-09-07,181.5217
MII173237,Castelfranco Emilia,2025-09-07,56.3758
MII173259,Castelvetrano,2025-09-07,154.5455
MII173265,Castrovillari,2025-09-07,149.1803
MII173285,Catania Bicocca,2025-09-07,131.8519
MII173301,Catania Piazza Lanza,2025-09-07,160.5735
MII173311,Catanzaro,2025-09-07,102.4116
MII173356,Chiavari,2025-09-07,128.8462
MII173364,Chieti,2025-09-07,186.0759
MII173688,Civitavecchia Giuseppe Passerini,2025-09-07,91.3043
MII172208,Civitavecchia Nuovo Complesso,2025-09-07,183.6013
MII173712,Como,2025-09-07,203.5556
MII173341,Cosenza,2025-09-07,123.1818
MII173747,Cremona,2025-09-07,148.1771
MII173324,Crotone,2025-09-07,125.2747
MII173764,Cuneo,2025-09-07,99.7354
MII173784,Eboli,2025-09-07,87.0370
MII173813,Enna,2025-09-07,133.9744
MII173994,Favignana,2025-09-07,115.7303
MII174501,Fermo,2025-09-07,139.5349
MII174686,Ferrara,2025-09-07,162.1399
MII174825,Firenze Mario Gozzini,2025-09-07,139.4737
MII174720,Firenze Sollicciano,2025-09-07,157.8212
MII176375,Foggia,2025-09-07,215.7556
MII176403,Forlì,2025-09-07,132.5758
MII176414,Fossano,2025-09-07,84.5588
MII176424,Fossombrone,2025-09-07,85.1485
MII176437,Frosinone,2025-09-07,132.8194
MII176451,Gela,2025-09-07,145.8333
MII152284,Genova Marassi,2025-09-07,128.4112
MII176703,Genova Pontedecimo,2025-09-07,150.0000
MII176714,Giarre,2025-09-07,147.2727
MII176719,Gorizia,2025-09-07,130.1587
MII176743,Grosseto,2025-09-07,146.6667
MII176749,Imperia,2025-09-07,105.6604
MII176759,Isernia,2025-09-07,161.3636
MII176771,Isili,2025-09-07,89.7196
MII176781,Ivrea,2025-09-07,138.7978
MII177134,L'Aquila,2025-09-07,76.5766
MII176788,La Spezia,2025-09-07,127.1523
MII177107,Lanciano,2025-09-07,115.6951
MII177118,Lanusei,2025-09-07,109.0909
MII177323,Larino,2025-09-07,139.4495
MII177332,Latina,2025-09-07,206.4935
MII177346,Laureana di Borrello,2025-09-07,129.7297
MII177384,Lauro,2025-09-07,10.0000
MII177420,Lecce,2025-09-07,171.0526
MII177436,Lecco,2025-09-07,144.2308
MII177463,Livorno,2025-09-07,148.9933
MII177498,Livorno Gorgona,2025-09-07,91.0112
MII177996,Locri,2025-09-07,167.5000
MII178027,Lodi,2025-09-07,200.0000
MII178035,Lucca,2025-09-07,262.1622
MII178045,Lucera,2025-09-07,144.7154
MII178072,Mantova,2025-09-07,148.4536
MII178085,Massa,2025-09-07,152.2989
MII178115,Massa Marittima,2025-09-07,114.5833
MII178124,Matera,2025-09-07,146.7213
MII178141,Melfi,2025-09-07,137.3134
MII178148,Messina,2025-09-07,99.0698
MII158895,Milano San Vittore,2025-09-07,228.1250
MII178501,Milano San Vittore femminile,2025-09-07,169.5652
MII178638,Modena,2025-09-07,156.3342
MII178659,Monza,2025-09-07,182.5980
MII178666,Napoli Poggioreale,2025-09-07,157.8631
MII178672,Napoli Secondigliano,2025-09-07,133.3935
MII178681,Noto,2025-09-07,88.7500
MII178700,Novara,2025-09-07,105.8065
MII179224,Nuoro,2025-09-07,78.1022
MII178003,Onanì,2025-09-07,71.9626
MII179237,Opera,2025-09-07,153.8206
MII179274,Oristano,2025-09-07,86.7424
MII179280,Orvieto,2025-09-07,129.5918
MII179290,Padova,2025-09-07,135.8696
MII179299,Padova Nuovo Complesso,2025-09-07,155.7500
MII179306,Palermo Pagliarelli,2025-09-07,120.6928
MII179324,Palermo Ucciardone,2025-09-07,113.5827
MII179331,Paliano,2025-09-07,38.8158
MII179342,Palmi,2025-09-07,117.7305
MII179353,Paola,2025-09-07,124.5033
MII179364,Parma,2025-09-07,124.0770
MII182910,Pavia,2025-09-07,137.7432
MII179781,Perugia,2025-09-07,157.3718
MII179818,Pesaro,2025-09-07,167.3611
MII179830,Pescara,2025-09-07,163.3745
MII179842,Piacenza,2025-09-07,137.9227
MII179856,Piazza Armerina,2025-09-07,141.6667
MII182919,Pisa,2025-09-07,143.9791
MII179896,Pistoia,2025-09-07,122.6667
MII179913,Pordenone,2025-09-07,132.4324
MII179932,Porto Azzurro,2025-09-07,98.5030
MII179938,Potenza,2025-09-07,166.6667
MII179958,Prato,2025-09-07,101.7953
MII179965,Ragusa,2025-09-07,116.3934
MII179981,Ravenna,2025-09-07,177.5510
MII179988,Reggio Calabria Arghillà,2025-09-07,127.8986
MII179995,Reggio Calabria Giuseppe Panzera,2025-09-07,113.1737
MII182339,Reggio Emilia,2025-09-07,132.3276
MII169535,Rieti,2025-09-07,177.5087
MII180001,Rimini,2025-09-07,150.0000
MII180380,Roma Rebibbia,2025-09-07,104.3956
MII180348,Roma Rebibbia femminile,2025-09-07,148.6056
MII180356,Roma Rebibbia IIIª casa,2025-09-07,54.5455
MII180370,Roma Rebibbia Nuovo Complesso,2025-09-07,147.5655
MII180401,Roma Regina Coeli,2025-09-07,195.8042
MII180415,Rossano,2025-09-07,126.4368
MII180424,Rovigo,2025-09-07,134.2995
MII180426,Salerno,2025-09-07,151.3298
MII180437,Saluzzo,2025-09-07,78.0660
MII180451,San Cataldo,2025-09-07,81.4815
MII180458,San Gimignano,2025-09-07,141.7040
MII180476,San Severo,2025-09-07,149.1803
MII180465,Sanremo,2025-09-07,114.8649
MII181079,Sant'Angelo dei Lombardi,2025-09-07,146.7742
MII180487,Santa Maria Capua Vetere,2025-09-07,143.1129
MII181091,Sassari,2025-09-07,119.3833
MII181109,Sciacca,2025-09-07,100.0000
MII181115,Siena,2025-09-07,111.1111
MII181125,Siracusa,2025-09-07,127.8598
MII181346,Sondrio,2025-09-07,150.0000
MII181358,Spoleto,2025-09-07,108.9912
MII181371,Sulmona,2025-09-07,103.8241
MII181377,Taranto,2025-09-07,190.0943
MII181385,Tempio Pausania,2025-09-07,100.0000
MII181392,Teramo,2025-09-07,184.9802
MII181401,Termini Imerese,2025-09-07,96.8421
MII181407,Terni,2025-09-07,133.2542
MII181417,Tolmezzo,2025-09-07,131.9728
MII181424,Torino,2025-09-07,134.0348
MII181434,Trani,2025-09-07,144.1077
MII181440,Trani femminile,2025-09-07,128.1250
MII181625,Trapani,2025-09-07,109.2555
MII181636,Trento,2025-09-07,92.4171
MII181645,Treviso,2025-09-07,172.7273
MII181661,Trieste,2025-09-07,180.4511
MII181681,Turi,2025-09-07,164.8148
MII181672,Udine,2025-09-07,205.6180
MII181691,Vallo della Lucania,2025-09-07,137.5000
MII181703,Varese,2025-09-07,183.0189
MII181820,Vasto,2025-09-07,73.4694
MII181839,Velletri,2025-09-07,158.4570
MII181847,Venezia Giudecca,2025-09-07,83.9286
MII181863,Venezia Santa Maria Maggiore,2025-09-07,172.9560
MII181870,Verbania,2025-09-07,135.8491
MII181880,Vercelli,2025-09-07,152.5114
MII181891,Verona,2025-09-07,186.4865
MII181908,Vibo Valentia,2025-09-07,106.3776
MII181918,Vicenza,2025-09-07,140.7692
MII181924,Vigevano,2025-09-07,104.0909
MII181934,Viterbo,2025-09-07,175.0617
MII179733,Voghera,2025-09-07,114.9560
MII179876,Volterra,2025-09-07,93.6170
MII180426,Salerno,2025-09-13,153.7234
MII158910,Agrigento,2025-09-14,136.2934
MII157783,Alba,2025-09-14,108.5106
MII158919,"Alessandria Cantiello, Gaeta",2025-09-14,103.0568
MII158924,Alessandria San Michele,2025-09-14,138.1890
MII158935,Alghero,2025-09-14,83.3333
MII172277,Altamura,2025-09-14,189.5833
MII158944,Ancona Barcaglione,2025-09-14,118.0000
MII158941,Ancona Montacuto,2025-09-14,130.5882
MII158945,Arbus,2025-09-14,65.8730
MII158948,Arezzo,2025-09-14,181.8182
MII159053,Ariano Irpino,2025-09-14,132.8704
MII159060,Arienzo,2025-09-14,155.1724
MII159065,Ascoli Piceno,2025-09-14,145.5446
MII159069,Asti,2025-09-14,125.2525
MII159314,Augusta,2025-09-14,168.6217
MII172011,Avellino,2025-09-14,132.7394
MII172187,Aversa,2025-09-14,126.0684
MII182440,Avezzano,2025-09-14,147.1698
MII172222,Barcellona Pozzo di Gotto,2025-09-14,82.8467
MII181678,Bari,2025-09-14,166.2791
MII158901,Belluno,2025-09-14,140.7407
MII160204,Benevento,2025-09-14,153.9683
MII172827,Bergamo,2025-09-14,187.7743
MII172332,Biella,2025-09-14,117.3913
MII172344,Bollate,2025-09-14,110.5055
MII172508,Bologna,2025-09-14,176.8374
MII172580,Bolzano,2025-09-14,110.2273
MII172592,Brescia Canton Monbello,2025-09-14,202.7473
MII172610,Brescia Verziano,2025-09-14,174.6479
MII172623,Brindisi,2025-09-14,190.7563
MII172814,Brissogne - Aosta,2025-09-14,77.2222
MII172320,Busto Arsizio,2025-09-14,205.6872
MII172835,Cagliari Uta,2025-09-14,125.1337
MII173006,Caltagirone,2025-09-14,110.5121
MII173063,Caltanissetta,2025-09-14,130.0546
MII173088,Campobasso,2025-09-14,178.4946
MII173101,Carinola,2025-09-14,103.0973
MII173114,Cassino,2025-09-14,180.6452
MII173237,Castelfranco Emilia,2025-09-14,55.0336
MII173259,Castelvetrano,2025-09-14,156.8182
MII173265,Castrovillari,2025-09-14,151.6393
MII173285,Catania Bicocca,2025-09-14,131.8519
MII173301,Catania Piazza Lanza,2025-09-14,162.7240
MII173311,Catanzaro,2025-09-14,101.6077
MII173356,Chiavari,2025-09-14,128.8462
MII173364,Chieti,2025-09-14,191.1392
MII173688,Civitavecchia Giuseppe Passerini,2025-09-14,91.3043
MII172208,Civitavecchia Nuovo Complesso,2025-09-14,182.9582
MII173712,Como,2025-09-14,203.5556
MII173341,Cosenza,2025-09-14,122.2727
MII173747,Cremona,2025-09-14,151.3021
MII173324,Crotone,2025-09-14,128.7356
MII173764,Cuneo,2025-09-14,98.4085
MII173784,Eboli,2025-09-14,87.0370
MII173813,Enna,2025-09-14,133.3333
MII173994,Favignana,2025-09-14,112.3596
MII174501,Fermo,2025-09-14,148.8372
MII174686,Ferrara,2025-09-14,164.1975
MII174825,Firenze Mario Gozzini,2025-09-14,141.8919
MII174720,Firenze Sollicciano,2025-09-14,156.4246
MII176375,Foggia,2025-09-14,225.1678
MII176403,Forlì,2025-09-14,130.3030
MII176414,Fossano,2025-09-14,83.8235
MII176424,Fossombrone,2025-09-14,85.1485
MII176437,Frosinone,2025-09-14,131.4978
MII176451,Gela,2025-09-14,154.1667
MII152284,Genova Marassi,2025-09-14,126.5421
MII176703,Genova Pontedecimo,2025-09-14,147.9167
MII176714,Giarre,2025-09-14,147.2727
MII176719,Gorizia,2025-09-14,134.9206
MII176743,Grosseto,2025-09-14,140.0000
MII176749,Imperia,2025-09-14,113.2075
MII176759,Isernia,2025-09-14,152.2727
MII176771,Isili,2025-09-14,90.6542
MII176781,Ivrea,2025-09-14,140.5556
MII177134,L'Aquila,2025-09-14,77.0270
MII176788,La Spezia,2025-09-14,123.1788
MII177107,Lanciano,2025-09-14,115.2466
MII177118,Lanusei,2025-09-14,112.1212
MII177323,Larino,2025-09-14,142.2018
MII177332,Latina,2025-09-14,188.3117
MII177346,Laureana di Borrello,2025-09-14,132.4324
MII177384,Lauro,2025-09-14,14.0000
MII177420,Lecce,2025-09-14,170.5514
MII177436,Lecco,2025-09-14,144.2308
MII177463,Livorno,2025-09-14,144.9664
MII177498,Livorno Gorgona,2025-09-14,92.1348
MII177996,Locri,2025-09-14,168.7500
MII178027,Lodi,2025-09-14,184.0909
MII178035,Lucca,2025-09-14,256.7568
MII178045,Lucera,2025-09-14,144.7154
MII178072,Mantova,2025-09-14,147.4227
MII178085,Massa,2025-09-14,151.1494
MII178115,Massa Marittima,2025-09-14,112.5000
MII178124,Matera,2025-09-14,147.5410
MII178141,Melfi,2025-09-14,134.3284
MII178148,Messina,2025-09-14,98.1481
MII158895,Milano San Vittore,2025-09-14,221.3251
MII178501,Milano San Vittore femminile,2025-09-14,178.2609
MII178638,Modena,2025-09-14,156.0647
MII178659,Monza,2025-09-14,182.7586
MII178666,Napoli Poggioreale,2025-09-14,160.9481
MII178672,Napoli Secondigliano,2025-09-14,134.8375
MII178681,Noto,2025-09-14,87.5000
MII178700,Novara,2025-09-14,105.8065
MII179224,Nuoro,2025-09-14,79.9270
MII178003,Onanì,2025-09-14,76.1905
MII179237,Opera,2025-09-14,153.8206
MII179274,Oristano,2025-09-14,89.0152
MII179280,Orvieto,2025-09-14,127.5510
MII179290,Padova,2025-09-14,138.0435
MII179299,Padova Nuovo Complesso,2025-09-14,155.0000
MII179306,Palermo Pagliarelli,2025-09-14,120.3282
MII179324,Palermo Ucciardone,2025-09-14,113.7795
MII179331,Paliano,2025-09-14,38.1579
MII179342,Palmi,2025-09-14,117.0213
MII179353,Paola,2025-09-14,130.0000
MII179364,Parma,2025-09-14,123.4350
MII182910,Pavia,2025-09-14,138.5214
MII179781,Perugia,2025-09-14,156.8690
MII179818,Pesaro,2025-09-14,167.1329
MII179830,Pescara,2025-09-14,160.9053
MII179842,Piacenza,2025-09-14,135.2657
MII179856,Piazza Armerina,2025-09-14,147.9167
MII182919,Pisa,2025-09-14,143.9791
MII179896,Pistoia,2025-09-14,125.3333
MII179913,Pordenone,2025-09-14,124.3243
MII179932,Porto Azzurro,2025-09-14,99.4012
MII179938,Potenza,2025-09-14,166.6667
MII179958,Prato,2025-09-14,101.9749
MII179965,Ragusa,2025-09-14,113.1148
MII179981,Ravenna,2025-09-14,179.5918
MII179988,Reggio Calabria Arghillà,2025-09-14,130.2491
MII179995,Reggio Calabria Giuseppe Panzera,2025-09-14,113.1737
MII182339,Reggio Emilia,2025-09-14,132.9060
MII169535,Rieti,2025-09-14,175.0865
MII180001,Rimini,2025-09-14,150.0000
MII180380,Roma Rebibbia,2025-09-14,104.7619
MII180348,Roma Rebibbia femminile,2025-09-14,150.9960
MII180356,Roma Rebibbia IIIª casa,2025-09-14,54.5455
MII180370,Roma Rebibbia Nuovo Complesso,2025-09-14,148.7828
MII180401,Roma Regina Coeli,2025-09-14,197.5524
MII180415,Rossano,2025-09-14,124.9042
MII180424,Rovigo,2025-09-14,134.2995
MII180437,Saluzzo,2025-09-14,78.0660
MII180451,San Cataldo,2025-09-14,81.4815
MII180458,San Gimignano,2025-09-14,140.3587
MII180476,San Severo,2025-09-14,149.1803
MII180465,Sanremo,2025-09-14,113.0631
MII181079,Sant'Angelo dei Lombardi,2025-09-14,146.7742
MII180487,Santa Maria Capua Vetere,2025-09-14,142.4242
MII181091,Sassari,2025-09-14,118.9427
MII181109,Sciacca,2025-09-14,95.0000
MII181115,Siena,2025-09-14,109.2593
MII181125,Siracusa,2025-09-14,128.0443
MII181346,Sondrio,2025-09-14,154.1667
MII181358,Spoleto,2025-09-14,109.2105
MII181371,Sulmona,2025-09-14,104.5889
MII181377,Taranto,2025-09-14,187.7934
MII181385,Tempio Pausania,2025-09-14,100.0000
MII181392,Teramo,2025-09-14,183.3992
MII181401,Termini Imerese,2025-09-14,101.0526
MII181407,Terni,2025-09-14,132.7791
MII181417,Tolmezzo,2025-09-14,130.4054
MII181424,Torino,2025-09-14,133.8518
MII181434,Trani,2025-09-14,145.7912
MII181440,Trani femminile,2025-09-14,128.1250
MII181625,Trapani,2025-09-14,108.2495
MII181636,Trento,2025-09-14,92.1801
MII181645,Treviso,2025-09-14,171.2121
MII181661,Trieste,2025-09-14,181.2030
MII181681,Turi,2025-09-14,164.8148
MII181672,Udine,2025-09-14,201.1236
MII181691,Vallo della Lucania,2025-09-14,140.0000
MII181703,Varese,2025-09-14,181.1321
MII181820,Vasto,2025-09-14,74.8299
MII181839,Velletri,2025-09-14,156.9733
MII181847,Venezia Giudecca,2025-09-14,83.0357
MII181863,Venezia Santa Maria Maggiore,2025-09-14,169.8113
MII181870,Verbania,2025-09-14,145.2830
MII181880,Vercelli,2025-09-14,150.2283
MII181891,Verona,2025-09-14,185.2853
MII181908,Vibo Valentia,2025-09-14,105.1020
MII181918,Vicenza,2025-09-14,140.1544
MII181924,Vigevano,2025-09-14,153.1034
MII181934,Viterbo,2025-09-14,173.8272
MII179733,Voghera,2025-09-14,114.3695
MII179876,Volterra,2025-09-14,93.6170
MII158910,Agrigento,2025-09-21,137.8378
MII157783,Alba,2025-09-21,108.5106
MII158919,"Alessandria Cantiello, Gaeta",2025-09-21,104.8035
MII158924,Alessandria San Michele,2025-09-21,136.6142
MII158935,Alghero,2025-09-21,84.6154
MII172277,Altamura,2025-09-21,185.4167
MII158944,Ancona Barcaglione,2025-09-21,121.0000
MII158941,Ancona Montacuto,2025-09-21,126.6667
MII158945,Arbus,2025-09-21,70.6349
MII158948,Arezzo,2025-09-21,190.9091
MII159053,Ariano Irpino,2025-09-21,132.4074
MII159060,Arienzo,2025-09-21,156.8966
MII159065,Ascoli Piceno,2025-09-21,146.5347
MII159069,Asti,2025-09-21,124.7475
MII159314,Augusta,2025-09-21,169.7947
MII172011,Avellino,2025-09-21,132.0713
MII172187,Aversa,2025-09-21,126.0684
MII182440,Avezzano,2025-09-21,141.5094
MII172222,Barcellona Pozzo di Gotto,2025-09-21,81.7518
MII181678,Bari,2025-09-21,166.2791
MII158901,Belluno,2025-09-21,138.2716
MII160204,Benevento,2025-09-21,153.3865
MII172827,Bergamo,2025-09-21,189.3417
MII172332,Biella,2025-09-21,119.6931
MII172344,Bollate,2025-09-21,109.3997
MII172508,Bologna,2025-09-21,176.4967
MII172580,Bolzano,2025-09-21,112.5000
MII172592,Brescia Canton Monbello,2025-09-21,202.7473
MII172610,Brescia Verziano,2025-09-21,177.4648
MII172623,Brindisi,2025-09-21,192.4370
MII172814,Brissogne - Aosta,2025-09-21,75.5556
MII172320,Busto Arsizio,2025-09-21,202.8037
MII172835,Cagliari Uta,2025-09-21,124.7772
MII173006,Caltagirone,2025-09-21,111.8598
MII173063,Caltanissetta,2025-09-21,131.6940
MII173088,Campobasso,2025-09-21,174.4681
MII173101,Carinola,2025-09-21,103.3186
MII173114,Cassino,2025-09-21,174.1935
MII173237,Castelfranco Emilia,2025-09-21,56.3758
MII173259,Castelvetrano,2025-09-21,156.8182
MII173265,Castrovillari,2025-09-21,151.6393
MII173285,Catania Bicocca,2025-09-21,137.0370
MII173301,Catania Piazza Lanza,2025-09-21,168.3453
MII173311,Catanzaro,2025-09-21,103.6741
MII173356,Chiavari,2025-09-21,126.9231
MII173364,Chieti,2025-09-21,181.0127
MII173688,Civitavecchia Giuseppe Passerini,2025-09-21,91.3043
MII172208,Civitavecchia Nuovo Complesso,2025-09-21,182.3151
MII173712,Como,2025-09-21,201.7778
MII173341,Cosenza,2025-09-21,121.3636
MII173747,Cremona,2025-09-21,153.3854
MII173324,Crotone,2025-09-21,111.4943
MII173764,Cuneo,2025-09-21,98.9362
MII173784,Eboli,2025-09-21,94.4444
MII173813,Enna,2025-09-21,131.2500
MII173994,Favignana,2025-09-21,113.4831
MII174501,Fermo,2025-09-21,146.5116
MII174686,Ferrara,2025-09-21,169.1358
MII174825,Firenze Mario Gozzini,2025-09-21,137.8378
MII174720,Firenze Sollicciano,2025-09-21,153.6313
MII176375,Foggia,2025-09-21,224.5033
MII176403,Forlì,2025-09-21,125.7576
MII176414,Fossano,2025-09-21,82.3529
MII176424,Fossombrone,2025-09-21,85.1485
MII176437,Frosinone,2025-09-21,130.3965
MII176451,Gela,2025-09-21,153.1915
MII152284,Genova Marassi,2025-09-21,126.5421
MII176703,Genova Pontedecimo,2025-09-21,147.9167
MII176714,Giarre,2025-09-21,141.8182
MII176719,Gorizia,2025-09-21,134.9206
MII176743,Grosseto,2025-09-21,169.2308
MII176749,Imperia,2025-09-21,115.0943
MII176759,Isernia,2025-09-21,152.2727
MII176771,Isili,2025-09-21,94.3925
MII176781,Ivrea,2025-09-21,143.0168
MII177134,L'Aquila,2025-09-21,76.1261
MII176788,La Spezia,2025-09-21,121.7105
MII177107,Lanciano,2025-09-21,113.4529
MII177118,Lanusei,2025-09-21,106.0606
MII177323,Larino,2025-09-21,144.9541
MII177332,Latina,2025-09-21,196.1039
MII177346,Laureana di Borrello,2025-09-21,132.4324
MII177384,Lauro,2025-09-21,14.0000
MII177420,Lecce,2025-09-21,169.6742
MII177436,Lecco,2025-09-21,146.1538
MII177463,Livorno,2025-09-21,139.5973
MII177498,Livorno Gorgona,2025-09-21,89.8876
MII177996,Locri,2025-09-21,166.2500
MII178027,Lodi,2025-09-21,188.6364
MII178035,Lucca,2025-09-21,256.7568
MII178045,Lucera,2025-09-21,143.0894
MII178072,Mantova,2025-09-21,147.4227
MII178085,Massa,2025-09-21,151.7241
MII178115,Massa Marittima,2025-09-21,110.4167
MII178124,Matera,2025-09-21,150.0000
MII178141,Melfi,2025-09-21,135.8209
MII178148,Messina,2025-09-21,99.0741
MII158895,Milano San Vittore,2025-09-21,220.0828
MII178501,Milano San Vittore femminile,2025-09-21,182.6087
MII178638,Modena,2025-09-21,156.3342
MII178659,Monza,2025-09-21,182.2222
MII178666,Napoli Poggioreale,2025-09-21,161.7758
MII178672,Napoli Secondigliano,2025-09-21,135.1986
MII178681,Noto,2025-09-21,85.0000
MII178700,Novara,2025-09-21,103.8462
MII179224,Nuoro,2025-09-21,79.9270
MII178003,Onanì,2025-09-21,77.6190
MII179237,Opera,2025-09-21,153.2080
MII179274,Oristano,2025-09-21,85.9848
MII179280,Orvieto,2025-09-21,126.5306
MII179290,Padova,2025-09-21,142.0765
MII179299,Padova Nuovo Complesso,2025-09-21,156.5000
MII179306,Palermo Pagliarelli,2025-09-21,120.6016
MII179324,Palermo Ucciardone,2025-09-21,113.1890
MII179331,Paliano,2025-09-21,38.8158
MII179342,Palmi,2025-09-21,116.3121
MII179353,Paola,2025-09-21,129.4118
MII179364,Parma,2025-09-21,124.5586
MII182910,Pavia,2025-09-21,136.6990
MII179781,Perugia,2025-09-21,158.1470
MII179818,Pesaro,2025-09-21,164.3357
MII179830,Pescara,2025-09-21,162.9630
MII179842,Piacenza,2025-09-21,135.7488
MII179856,Piazza Armerina,2025-09-21,152.0833
MII182919,Pisa,2025-09-21,147.1204
MII179896,Pistoia,2025-09-21,120.0000
MII179913,Pordenone,2025-09-21,124.3243
MII179932,Porto Azzurro,2025-09-21,101.7964
MII179938,Potenza,2025-09-21,164.7619
MII179958,Prato,2025-09-21,103.5971
MII179965,Ragusa,2025-09-21,110.3825
MII179981,Ravenna,2025-09-21,185.7143
MII179988,Reggio Calabria Arghillà,2025-09-21,129.5374
MII179995,Reggio Calabria Giuseppe Panzera,2025-09-21,113.1737
MII182339,Reggio Emilia,2025-09-21,133.7607
MII169535,Rieti,2025-09-21,173.0104
MII180001,Rimini,2025-09-21,144.0678
MII180380,Roma Rebibbia,2025-09-21,104.0293
MII180348,Roma Rebibbia femminile,2025-09-21,150.5976
MII180356,Roma Rebibbia IIIª casa,2025-09-21,53.7879
MII180370,Roma Rebibbia Nuovo Complesso,2025-09-21,149.3446
MII180401,Roma Regina Coeli,2025-09-21,198.4266
MII180415,Rossano,2025-09-21,125.6705
MII180424,Rovigo,2025-09-21,133.4928
MII180426,Salerno,2025-09-21,151.0638
MII180437,Saluzzo,2025-09-21,77.5943
MII180451,San Cataldo,2025-09-21,81.4815
MII180458,San Gimignano,2025-09-21,141.7040
MII180476,San Severo,2025-09-21,139.3443
MII180465,Sanremo,2025-09-21,114.4144
MII181079,Sant'Angelo dei Lombardi,2025-09-21,145.9677
MII180487,Santa Maria Capua Vetere,2025-09-21,141.3223
MII181091,Sassari,2025-09-21,120.9251
MII181109,Sciacca,2025-09-21,95.0000
MII181115,Siena,2025-09-21,105.5556
MII181125,Siracusa,2025-09-21,126.9373
MII181346,Sondrio,2025-09-21,145.8333
MII181358,Spoleto,2025-09-21,109.4298
MII181371,Sulmona,2025-09-21,104.9713
MII181377,Taranto,2025-09-21,188.7324
MII181385,Tempio Pausania,2025-09-21,102.4540
MII181392,Teramo,2025-09-21,186.1660
MII181401,Termini Imerese,2025-09-21,102.1053
MII181407,Terni,2025-09-21,132.7791
MII181417,Tolmezzo,2025-09-21,131.5068
MII181424,Torino,2025-09-21,133.2113
MII181434,Trani,2025-09-21,147.4747
MII181440,Trani femminile,2025-09-21,125.0000
MII181625,Trapani,2025-09-21,106.8410
MII181636,Trento,2025-09-21,91.4692
MII181645,Treviso,2025-09-21,175.0000
MII181661,Trieste,2025-09-21,180.4511
MII181681,Turi,2025-09-21,164.8148
MII181672,Udine,2025-09-21,196.6292
MII181691,Vallo della Lucania,2025-09-21,140.0000
MII181703,Varese,2025-09-21,183.0189
MII181820,Vasto,2025-09-21,75.5102
MII181839,Velletri,2025-09-21,157.5668
MII181847,Venezia Giudecca,2025-09-21,84.8214
MII181863,Venezia Santa Maria Maggiore,2025-09-21,163.5220
MII181870,Verbania,2025-09-21,139.6226
MII181880,Vercelli,2025-09-21,150.6849
MII181891,Verona,2025-09-21,184.3373
MII181908,Vibo Valentia,2025-09-21,104.3257
MII181918,Vicenza,2025-09-21,139.3130
MII181924,Vigevano,2025-09-21,144.8276
MII181934,Viterbo,2025-09-21,173.5802
MII179733,Voghera,2025-09-21,109.9707
MII179876,Volterra,2025-09-21,93.0851
MII158910,Agrigento,2025-09-28,139.3822
MII157783,Alba,2025-09-28,110.6383
MII158919,"Alessandria Cantiello, Gaeta",2025-09-28,103.4335
MII158924,Alessandria San Michele,2025-09-28,117.8707
MII158935,Alghero,2025-09-28,85.2564
MII172277,Altamura,2025-09-28,185.4167
MII158944,Ancona Barcaglione,2025-09-28,121.0000
MII158941,Ancona Montacuto,2025-09-28,128.2353
MII158945,Arbus,2025-09-28,69.8413
MII158948,Arezzo,2025-09-28,190.9091
MII159053,Ariano Irpino,2025-09-28,131.9444
MII159060,Arienzo,2025-09-28,160.3448
MII159065,Ascoli Piceno,2025-09-28,145.5446
MII159069,Asti,2025-09-28,123.2323
MII159314,Augusta,2025-09-28,172.4340
MII172011,Avellino,2025-09-28,135.4120
MII172187,Aversa,2025-09-28,129.4872
MII182440,Avezzano,2025-09-28,141.5094
MII172222,Barcellona Pozzo di Gotto,2025-09-28,84.6715
MII181678,Bari,2025-09-28,169.4981
MII158901,Belluno,2025-09-28,130.4878
MII160204,Benevento,2025-09-28,150.9960
MII172827,Bergamo,2025-09-28,189.0282
MII172332,Biella,2025-09-28,119.9488
MII172344,Bollate,2025-09-28,109.3207
MII172508,Bologna,2025-09-28,176.4967
MII172580,Bolzano,2025-09-28,114.7727
MII172592,Brescia Canton Monbello,2025-09-28,204.9451
MII172610,Brescia Verziano,2025-09-28,177.4648
MII172623,Brindisi,2025-09-28,193.2773
MII172814,Brissogne - Aosta,2025-09-28,74.4444
MII172320,Busto Arsizio,2025-09-28,200.9259
MII172835,Cagliari Uta,2025-09-28,125.4902
MII173006,Caltagirone,2025-09-28,111.0512
MII173063,Caltanissetta,2025-09-28,136.1111
MII173088,Campobasso,2025-09-28,177.4194
MII173101,Carinola,2025-09-28,103.3186
MII173114,Cassino,2025-09-28,170.9677
MII173237,Castelfranco Emilia,2025-09-28,56.3758
MII173259,Castelvetrano,2025-09-28,156.8182
MII173265,Castrovillari,2025-09-28,153.2787
MII173285,Catania Bicocca,2025-09-28,137.7778
MII173301,Catania Piazza Lanza,2025-09-28,167.3835
MII173311,Catanzaro,2025-09-28,101.7572
MII173356,Chiavari,2025-09-28,125.0000
MII173364,Chieti,2025-09-28,181.0127
MII173688,Civitavecchia Giuseppe Passerini,2025-09-28,89.1304
MII172208,Civitavecchia Nuovo Complesso,2025-09-28,182.3151
MII173712,Como,2025-09-28,203.1111
MII173341,Cosenza,2025-09-28,121.3636
MII173747,Cremona,2025-09-28,153.3854
MII173324,Crotone,2025-09-28,98.8506
MII173764,Cuneo,2025-09-28,101.0695
MII173784,Eboli,2025-09-28,92.5926
MII173813,Enna,2025-09-28,130.0000
MII173994,Favignana,2025-09-28,115.7303
MII174501,Fermo,2025-09-28,146.5116
MII174686,Ferrara,2025-09-28,170.7819
MII174825,Firenze Mario Gozzini,2025-09-28,139.1892
MII174720,Firenze Sollicciano,2025-09-28,153.6313
MII176375,Foggia,2025-09-28,221.8543
MII176403,Forlì,2025-09-28,124.4275
MII176414,Fossano,2025-09-28,83.0882
MII176424,Fossombrone,2025-09-28,86.1386
MII176437,Frosinone,2025-09-28,131.0573
MII176451,Gela,2025-09-28,153.1915
MII152284,Genova Marassi,2025-09-28,127.1028
MII176703,Genova Pontedecimo,2025-09-28,143.7500
MII176714,Giarre,2025-09-28,136.3636
MII176719,Gorizia,2025-09-28,138.0952
MII176743,Grosseto,2025-09-28,161.5385
MII176749,Imperia,2025-09-28,116.9811
MII176759,Isernia,2025-09-28,152.2727
MII176771,Isili,2025-09-28,95.3271
MII176781,Ivrea,2025-09-28,141.3408
MII177134,L'Aquila,2025-09-28,75.6757
MII176788,La Spezia,2025-09-28,122.3684
MII177107,Lanciano,2025-09-28,112.1076
MII177118,Lanusei,2025-09-28,106.0606
MII177323,Larino,2025-09-28,144.9541
MII177332,Latina,2025-09-28,185.7143
MII177346,Laureana di Borrello,2025-09-28,132.4324
MII177384,Lauro,2025-09-28,14.0000
MII177420,Lecce,2025-09-28,170.5514
MII177436,Lecco,2025-09-28,140.3846
MII177463,Livorno,2025-09-28,142.2819
MII177498,Livorno Gorgona,2025-09-28,86.5169
MII177996,Locri,2025-09-28,167.5000
MII178027,Lodi,2025-09-28,179.5455
MII178035,Lucca,2025-09-28,259.4595
MII178045,Lucera,2025-09-28,137.2093
MII178072,Mantova,2025-09-28,144.3299
MII178085,Massa,2025-09-28,150.5747
MII178115,Massa Marittima,2025-09-28,110.4167
MII178124,Matera,2025-09-28,146.7213
MII178141,Melfi,2025-09-28,138.8060
MII178148,Messina,2025-09-28,103.2258
MII158895,Milano San Vittore,2025-09-28,220.0828
MII178501,Milano San Vittore femminile,2025-09-28,202.1739
MII178638,Modena,2025-09-28,156.3342
MII178659,Monza,2025-09-28,179.8054
MII178666,Napoli Poggioreale,2025-09-28,159.7305
MII178672,Napoli Secondigliano,2025-09-28,134.8335
MII178681,Noto,2025-09-28,86.2500
MII178700,Novara,2025-09-28,104.4872
MII179224,Nuoro,2025-09-28,79.5620
MII178003,Onanì,2025-09-28,76.6667
MII179237,Opera,2025-09-28,152.7655
MII179274,Oristano,2025-09-28,86.7424
MII179280,Orvieto,2025-09-28,128.5714
MII179290,Padova,2025-09-28,145.3552
MII179299,Padova Nuovo Complesso,2025-09-28,156.2500
MII179306,Palermo Pagliarelli,2025-09-28,120.9663
MII179324,Palermo Ucciardone,2025-09-28,112.7953
MII179331,Paliano,2025-09-28,38.8158
MII179342,Palmi,2025-09-28,119.8582
MII179353,Paola,2025-09-28,129.1139
MII179364,Parma,2025-09-28,125.5217
MII182910,Pavia,2025-09-28,137.0874
MII179781,Perugia,2025-09-28,160.3226
MII179818,Pesaro,2025-09-28,165.7343
MII179830,Pescara,2025-09-28,160.4938
MII179842,Piacenza,2025-09-28,136.2319
MII179856,Piazza Armerina,2025-09-28,153.1915
MII182919,Pisa,2025-09-28,149.2147
MII179896,Pistoia,2025-09-28,118.6667
MII179913,Pordenone,2025-09-28,129.7297
MII179932,Porto Azzurro,2025-09-28,104.1916
MII179938,Potenza,2025-09-28,164.7619
MII179958,Prato,2025-09-28,104.8561
MII179965,Ragusa,2025-09-28,109.8361
MII179981,Ravenna,2025-09-28,187.7551
MII179988,Reggio Calabria Arghillà,2025-09-28,131.3167
MII179995,Reggio Calabria Giuseppe Panzera,2025-09-28,120.9581
MII182339,Reggio Emilia,2025-09-28,132.0513
MII169535,Rieti,2025-09-28,173.3564
MII180001,Rimini,2025-09-28,138.9831
MII180380,Roma Rebibbia,2025-09-28,104.0293
MII180348,Roma Rebibbia femminile,2025-09-28,149.0040
MII180356,Roma Rebibbia IIIª casa,2025-09-28,55.3030
MII180370,Roma Rebibbia Nuovo Complesso,2025-09-28,149.2509
MII180401,Roma Regina Coeli,2025-09-28,196.6783
MII180415,Rossano,2025-09-28,126.8199
MII180424,Rovigo,2025-09-28,134.9282
MII180426,Salerno,2025-09-28,154.7872
MII180437,Saluzzo,2025-09-28,76.4151
MII180451,San Cataldo,2025-09-28,76.2963
MII180458,San Gimignano,2025-09-28,141.2556
MII180476,San Severo,2025-09-28,137.7049
MII180465,Sanremo,2025-09-28,112.6126
MII181079,Sant'Angelo dei Lombardi,2025-09-28,148.3871
MII180487,Santa Maria Capua Vetere,2025-09-28,140.2204
MII181091,Sassari,2025-09-28,119.6035
MII181109,Sciacca,2025-09-28,85.0000
MII181115,Siena,2025-09-28,107.4074
MII181125,Siracusa,2025-09-28,125.8303
MII181346,Sondrio,2025-09-28,137.5000
MII181358,Spoleto,2025-09-28,110.0877
MII181371,Sulmona,2025-09-28,105.5449
MII181377,Taranto,2025-09-28,187.0892
MII181385,Tempio Pausania,2025-09-28,101.2270
MII181392,Teramo,2025-09-28,186.5613
MII181401,Termini Imerese,2025-09-28,102.1053
MII181407,Terni,2025-09-28,131.1164
MII181417,Tolmezzo,2025-09-28,128.5714
MII181424,Torino,2025-09-28,133.3943
MII181434,Trani,2025-09-28,146.4646
MII181440,Trani femminile,2025-09-28,121.8750
MII181625,Trapani,2025-09-28,109.2555
MII181636,Trento,2025-09-28,92.4171
MII181645,Treviso,2025-09-28,175.7576
MII181661,Trieste,2025-09-28,181.9549
MII181681,Turi,2025-09-28,162.0370
MII181672,Udine,2025-09-28,196.6292
MII181691,Vallo della Lucania,2025-09-28,137.5000
MII181703,Varese,2025-09-28,177.3585
MII181820,Vasto,2025-09-28,76.1905
MII181839,Velletri,2025-09-28,155.7864
MII181847,Venezia Giudecca,2025-09-28,83.0357
MII181863,Venezia Santa Maria Maggiore,2025-09-28,162.8931
MII181870,Verbania,2025-09-28,140.3846
MII181880,Vercelli,2025-09-28,152.0548
MII181891,Verona,2025-09-28,182.8313
MII181908,Vibo Valentia,2025-09-28,103.7688
MII181918,Vicenza,2025-09-28,138.7833
MII181924,Vigevano,2025-09-28,137.2414
MII181934,Viterbo,2025-09-28,173.3333
MII179733,Voghera,2025-09-28,117.3021
MII179876,Volterra,2025-09-28,95.7447
MII158910,Agrigento,2025-10-03,140.5405
MII157783,Alba,2025-10-03,110.6383
MII158919,"Alessandria Cantiello, Gaeta",2025-10-03,100.8584
MII158924,Alessandria San Michele,2025-10-03,116.1049
MII158935,Alghero,2025-10-03,85.2564
MII172277,Altamura,2025-10-03,187.5000
MII158944,Ancona Barcaglione,2025-10-03,116.0000
MII158941,Ancona Montacuto,2025-10-03,126.2745
MII158945,Arbus,2025-10-03,69.8413
MII158948,Arezzo,2025-10-03,172.7273
MII159053,Ariano Irpino,2025-10-03,131.4815
MII159060,Arienzo,2025-10-03,160.3448
MII159065,Ascoli Piceno,2025-10-03,142.5743
MII159069,Asti,2025-10-03,125.2525
MII159314,Augusta,2025-10-03,174.7801
MII172011,Avellino,2025-10-03,128.3298
MII172187,Aversa,2025-10-03,129.4872
MII182440,Avezzano,2025-10-03,139.6226
MII172222,Barcellona Pozzo di Gotto,2025-10-03,83.9416
MII181678,Bari,2025-10-03,168.3398
MII158901,Belluno,2025-10-03,126.8293
MII160204,Benevento,2025-10-03,149.8008
MII172827,Bergamo,2025-10-03,189.0282
MII172332,Biella,2025-10-03,119.1816
MII172344,Bollate,2025-10-03,109.4787
MII172508,Bologna,2025-10-03,177.8271
MII172580,Bolzano,2025-10-03,117.0455
MII172592,Brescia Canton Monbello,2025-10-03,205.4945
MII172610,Brescia Verziano,2025-10-03,176.0563
MII172623,Brindisi,2025-10-03,190.7563
MII172814,Brissogne - Aosta,2025-10-03,73.3333
MII172320,Busto Arsizio,2025-10-03,205.1402
MII172835,Cagliari Uta,2025-10-03,124.5989
MII173006,Caltagirone,2025-10-03,109.7035
MII173063,Caltanissetta,2025-10-03,136.1111
MII173088,Campobasso,2025-10-03,179.5699
MII173101,Carinola,2025-10-03,105.0885
MII173114,Cassino,2025-10-03,168.8172
MII173237,Castelfranco Emilia,2025-10-03,56.3758
MII173259,Castelvetrano,2025-10-03,161.3636
MII173265,Castrovillari,2025-10-03,151.6393
MII173285,Catania Bicocca,2025-10-03,136.2963
MII173301,Catania Piazza Lanza,2025-10-03,168.8172
MII173311,Catanzaro,2025-10-03,101.9169
MII173356,Chiavari,2025-10-03,123.0769
MII173364,Chieti,2025-10-03,177.2152
MII173688,Civitavecchia Giuseppe Passerini,2025-10-03,86.9565
MII172208,Civitavecchia Nuovo Complesso,2025-10-03,181.9936
MII173712,Como,2025-10-03,199.1111
MII173341,Cosenza,2025-10-03,120.4545
MII173747,Cremona,2025-10-03,154.4271
MII173324,Crotone,2025-10-03,93.1034
MII173764,Cuneo,2025-10-03,101.8717
MII173784,Eboli,2025-10-03,90.7407
MII173813,Enna,2025-10-03,131.2500
MII173994,Favignana,2025-10-03,115.7303
MII174501,Fermo,2025-10-03,139.5349
MII174686,Ferrara,2025-10-03,168.7243
MII174825,Firenze Mario Gozzini,2025-10-03,137.8378
MII174720,Firenze Sollicciano,2025-10-03,155.0847
MII176375,Foggia,2025-10-03,223.8411
MII176403,Forlì,2025-10-03,125.1908
MII176414,Fossano,2025-10-03,83.0882
MII176424,Fossombrone,2025-10-03,85.1485
MII176437,Frosinone,2025-10-03,127.5862
MII176451,Gela,2025-10-03,163.8298
MII152284,Genova Marassi,2025-10-03,126.5421
MII176703,Genova Pontedecimo,2025-10-03,144.7917
MII176714,Giarre,2025-10-03,136.3636
MII176719,Gorizia,2025-10-03,136.5079
MII176743,Grosseto,2025-10-03,169.2308
MII176749,Imperia,2025-10-03,120.7547
MII176759,Isernia,2025-10-03,156.8182
MII176771,Isili,2025-10-03,103.7383
MII176781,Ivrea,2025-10-03,143.0168
MII177134,L'Aquila,2025-10-03,74.7748
MII176788,La Spezia,2025-10-03,122.3684
MII177107,Lanciano,2025-10-03,111.6592
MII177118,Lanusei,2025-10-03,109.0909
MII177323,Larino,2025-10-03,145.8716
MII177332,Latina,2025-10-03,187.0130
MII177346,Laureana di Borrello,2025-10-03,129.7297
MII177384,Lauro,2025-10-03,14.0000
MII177420,Lecce,2025-10-03,174.1855
MII177436,Lecco,2025-10-03,140.3846
MII177463,Livorno,2025-10-03,142.2819
MII177498,Livorno Gorgona,2025-10-03,93.2584
MII177996,Locri,2025-10-03,167.5000
MII178027,Lodi,2025-10-03,184.0909
MII178035,Lucca,2025-10-03,256.7568
MII178045,Lucera,2025-10-03,134.1085
MII178072,Mantova,2025-10-03,144.3299
MII178085,Massa,2025-10-03,150.5747
MII178115,Massa Marittima,2025-10-03,110.4167
MII178124,Matera,2025-10-03,158.8235
MII178141,Melfi,2025-10-03,138.8060
MII178148,Messina,2025-10-03,103.7037
MII158895,Milano San Vittore,2025-10-03,215.1139
MII178501,Milano San Vittore femminile,2025-10-03,204.3478
MII178638,Modena,2025-10-03,156.3342
MII178659,Monza,2025-10-03,179.9020
MII178666,Napoli Poggioreale,2025-10-03,159.2814
MII178672,Napoli Secondigliano,2025-10-03,135.0135
MII178681,Noto,2025-10-03,85.6250
MII178700,Novara,2025-10-03,105.1282
MII179224,Nuoro,2025-10-03,80.2920
MII178003,Onanì,2025-10-03,82.8571
MII179237,Opera,2025-10-03,151.6593
MII179274,Oristano,2025-10-03,84.8485
MII179280,Orvieto,2025-10-03,128.5714
MII179290,Padova,2025-10-03,145.9016
MII179299,Padova Nuovo Complesso,2025-10-03,156.5000
MII179306,Palermo Pagliarelli,2025-10-03,121.9690
MII179324,Palermo Ucciardone,2025-10-03,112.5984
MII179331,Paliano,2025-10-03,39.4737
MII179342,Palmi,2025-10-03,120.5674
MII179353,Paola,2025-10-03,131.0127
MII179364,Parma,2025-10-03,126.4848
MII182910,Pavia,2025-10-03,137.8641
MII179781,Perugia,2025-10-03,160.6452
MII179818,Pesaro,2025-10-03,165.0350
MII179830,Pescara,2025-10-03,162.9630
MII179842,Piacenza,2025-10-03,132.8502
MII179856,Piazza Armerina,2025-10-03,146.8085
MII182919,Pisa,2025-10-03,151.3089
MII179896,Pistoia,2025-10-03,118.6667
MII179913,Pordenone,2025-10-03,121.6216
MII179932,Porto Azzurro,2025-10-03,103.5928
MII179938,Potenza,2025-10-03,167.6190
MII179958,Prato,2025-10-03,103.5971
MII179965,Ragusa,2025-10-03,110.9290
MII179981,Ravenna,2025-10-03,181.6327
MII179988,Reggio Calabria Arghillà,2025-10-03,126.9231
MII179995,Reggio Calabria Giuseppe Panzera,2025-10-03,121.5569
MII182339,Reggio Emilia,2025-10-03,134.1880
MII169535,Rieti,2025-10-03,171.9723
MII180001,Rimini,2025-10-03,140.6780
MII180380,Roma Rebibbia,2025-10-03,103.6630
MII180348,Roma Rebibbia femminile,2025-10-03,152.5896
MII180356,Roma Rebibbia IIIª casa,2025-10-03,59.0909
MII180370,Roma Rebibbia Nuovo Complesso,2025-10-03,147.5655
MII180401,Roma Regina Coeli,2025-10-03,197.3776
MII180415,Rossano,2025-10-03,126.4368
MII180424,Rovigo,2025-10-03,132.0574
MII180426,Salerno,2025-10-03,153.4574
MII180437,Saluzzo,2025-10-03,77.5943
MII180451,San Cataldo,2025-10-03,73.3333
MII180458,San Gimignano,2025-10-03,140.3587
MII180476,San Severo,2025-10-03,142.6230
MII180465,Sanremo,2025-10-03,111.7117
MII181079,Sant'Angelo dei Lombardi,2025-10-03,146.7742
MII180487,Santa Maria Capua Vetere,2025-10-03,139.8072
MII181091,Sassari,2025-10-03,118.0617
MII181109,Sciacca,2025-10-03,85.0000
MII181115,Siena,2025-10-03,116.6667
MII181125,Siracusa,2025-10-03,124.9077
MII181346,Sondrio,2025-10-03,137.5000
MII181358,Spoleto,2025-10-03,108.9912
MII181371,Sulmona,2025-10-03,105.5449
MII181377,Taranto,2025-10-03,184.7775
MII181385,Tempio Pausania,2025-10-03,100.6135
MII181392,Teramo,2025-10-03,183.7945
MII181401,Termini Imerese,2025-10-03,105.2632
MII181407,Terni,2025-10-03,131.3539
MII181417,Tolmezzo,2025-10-03,129.2517
MII181424,Torino,2025-10-03,131.9305
MII181434,Trani,2025-10-03,147.4747
MII181440,Trani femminile,2025-10-03,118.7500
MII181625,Trapani,2025-10-03,111.4754
MII181636,Trento,2025-10-03,91.7062
MII181645,Treviso,2025-10-03,175.7576
MII181661,Trieste,2025-10-03,184.2105
MII181681,Turi,2025-10-03,158.3333
MII181672,Udine,2025-10-03,195.5056
MII181691,Vallo della Lucania,2025-10-03,132.5000
MII181703,Varese,2025-10-03,181.1321
MII181820,Vasto,2025-10-03,74.1497
MII181839,Velletri,2025-10-03,158.1602
MII181847,Venezia Giudecca,2025-10-03,84.8214
MII181863,Venezia Santa Maria Maggiore,2025-10-03,158.4906
MII181870,Verbania,2025-10-03,136.5385
MII181880,Vercelli,2025-10-03,152.5114
MII181891,Verona,2025-10-03,182.8313
MII181908,Vibo Valentia,2025-10-03,103.7688
MII181918,Vicenza,2025-10-03,137.1212
MII181924,Vigevano,2025-10-03,133.7931
MII181934,Viterbo,2025-10-03,172.0988
MII179733,Voghera,2025-10-03,114.6628
MII179876,Volterra,2025-10-03,95.2128
MII158910,Agrigento,2025-10-09,141.6988
MII157783,Alba,2025-10-09,112.7660
MII158919,"Alessandria Cantiello, Gaeta",2025-10-09,102.1459
MII158924,Alessandria San Michele,2025-10-09,115.7303
MII158935,Alghero,2025-10-09,105.7692
MII172277,Altamura,2025-10-09,181.6327
MII158944,Ancona Barcaglione,2025-10-09,115.0000
MII158941,Ancona Montacuto,2025-10-09,125.8824
MII158945,Arbus,2025-10-09,73.8095
MII158948,Arezzo,2025-10-09,190.9091
MII159053,Ariano Irpino,2025-10-09,131.4815
MII159060,Arienzo,2025-10-09,158.6207
MII159065,Ascoli Piceno,2025-10-09,141.1765
MII159069,Asti,2025-10-09,126.7677
MII159314,Augusta,2025-10-09,176.2463
MII172011,Avellino,2025-10-09,129.1405
MII172187,Aversa,2025-10-09,127.3504
MII182440,Avezzano,2025-10-09,145.2830
MII172222,Barcellona Pozzo di Gotto,2025-10-09,85.0365
MII181678,Bari,2025-10-09,167.9537
MII158901,Belluno,2025-10-09,128.0488
MII160204,Benevento,2025-10-09,154.0000
MII172827,Bergamo,2025-10-09,188.7147
MII172332,Biella,2025-10-09,119.1816
MII172344,Bollate,2025-10-09,110.9795
MII172508,Bologna,2025-10-09,176.9401
MII172580,Bolzano,2025-10-09,113.6364
MII172592,Brescia Canton Monbello,2025-10-09,208.7912
MII172610,Brescia Verziano,2025-10-09,180.2817
MII172623,Brindisi,2025-10-09,188.2353
MII172814,Brissogne - Aosta,2025-10-09,72.9282
MII172320,Busto Arsizio,2025-10-09,202.3364
MII172835,Cagliari Uta,2025-10-09,129.5900
MII173006,Caltagirone,2025-10-09,109.9730
MII173063,Caltanissetta,2025-10-09,138.3333
MII173088,Campobasso,2025-10-09,180.6452
MII173101,Carinola,2025-10-09,106.2084
MII173114,Cassino,2025-10-09,170.9677
MII173237,Castelfranco Emilia,2025-10-09,55.7047
MII173259,Castelvetrano,2025-10-09,163.6364
MII173265,Castrovillari,2025-10-09,150.8197
MII173285,Catania Bicocca,2025-10-09,134.8148
MII173301,Catania Piazza Lanza,2025-10-09,165.2330
MII173311,Catanzaro,2025-10-09,101.9169
MII173356,Chiavari,2025-10-09,121.1538
MII173364,Chieti,2025-10-09,177.2152
MII173688,Civitavecchia Giuseppe Passerini,2025-10-09,83.6957
MII172208,Civitavecchia Nuovo Complesso,2025-10-09,188.1029
MII173712,Como,2025-10-09,200.0000
MII173341,Cosenza,2025-10-09,122.2727
MII173747,Cremona,2025-10-09,134.8958
MII173324,Crotone,2025-10-09,124.6377
MII173764,Cuneo,2025-10-09,100.5333
MII173784,Eboli,2025-10-09,90.7407
MII173813,Enna,2025-10-09,128.7500
MII173994,Favignana,2025-10-09,117.9775
MII174501,Fermo,2025-10-09,132.5581
MII174686,Ferrara,2025-10-09,167.0782
MII174825,Firenze Mario Gozzini,2025-10-09,136.4865
MII174720,Firenze Sollicciano,2025-10-09,155.8074
MII176375,Foggia,2025-10-09,225.1656
MII176403,Forlì,2025-10-09,123.4848
MII176414,Fossano,2025-10-09,82.3529
MII176424,Fossombrone,2025-10-09,85.1485
MII176437,Frosinone,2025-10-09,127.5862
MII176451,Gela,2025-10-09,163.8298
MII152284,Genova Marassi,2025-10-09,125.4206
MII176703,Genova Pontedecimo,2025-10-09,145.8333
MII176714,Giarre,2025-10-09,138.1818
MII176719,Gorizia,2025-10-09,134.9206
MII176743,Grosseto,2025-10-09,153.8462
MII176749,Imperia,2025-10-09,118.8679
MII176759,Isernia,2025-10-09,161.3636
MII176771,Isili,2025-10-09,108.4112
MII176781,Ivrea,2025-10-09,141.3408
MII177134,L'Aquila,2025-10-09,75.6757
MII176788,La Spezia,2025-10-09,125.0000
MII177107,Lanciano,2025-10-09,113.0045
MII177118,Lanusei,2025-10-09,109.0909
MII177323,Larino,2025-10-09,144.9541
MII177332,Latina,2025-10-09,189.4737
MII177346,Laureana di Borrello,2025-10-09,129.7297
MII177384,Lauro,2025-10-09,14.0000
MII177420,Lecce,2025-10-09,175.3133
MII177436,Lecco,2025-10-09,144.2308
MII177463,Livorno,2025-10-09,146.3087
MII177498,Livorno Gorgona,2025-10-09,92.1348
MII177996,Locri,2025-10-09,173.7500
MII178027,Lodi,2025-10-09,200.0000
MII178035,Lucca,2025-10-09,251.3514
MII178045,Lucera,2025-10-09,131.7829
MII178072,Mantova,2025-10-09,143.2990
MII178085,Massa,2025-10-09,152.2989
MII178115,Massa Marittima,2025-10-09,108.3333
MII178124,Matera,2025-10-09,154.6218
MII178141,Melfi,2025-10-09,135.8209
MII178148,Messina,2025-10-09,94.9309
MII158895,Milano San Vittore,2025-10-09,216.1491
MII178501,Milano San Vittore femminile,2025-10-09,180.4348
MII178638,Modena,2025-10-09,157.6819
MII178659,Monza,2025-10-09,177.4510
MII178666,Napoli Poggioreale,2025-10-09,160.3293
MII178672,Napoli Secondigliano,2025-10-09,134.3834
MII178681,Noto,2025-10-09,90.6250
MII178700,Novara,2025-10-09,107.0513
MII179224,Nuoro,2025-10-09,81.0219
MII178003,Onanì,2025-10-09,82.8571
MII179237,Opera,2025-10-09,151.3274
MII179274,Oristano,2025-10-09,88.2576
MII179280,Orvieto,2025-10-09,129.5918
MII179290,Padova,2025-10-09,142.0765
MII179299,Padova Nuovo Complesso,2025-10-09,157.2500
MII179306,Palermo Pagliarelli,2025-10-09,121.2397
MII179324,Palermo Ucciardone,2025-10-09,113.3858
MII179331,Paliano,2025-10-09,40.1316
MII179342,Palmi,2025-10-09,119.1489
MII179353,Paola,2025-10-09,132.2785
MII179364,Parma,2025-10-09,126.6453
MII182910,Pavia,2025-10-09,137.4757
MII179781,Perugia,2025-10-09,160.1942
MII179818,Pesaro,2025-10-09,165.9722
MII179830,Pescara,2025-10-09,163.7860
MII179842,Piacenza,2025-10-09,132.6087
MII179856,Piazza Armerina,2025-10-09,148.9362
MII182919,Pisa,2025-10-09,149.7382
MII179896,Pistoia,2025-10-09,122.6667
MII179913,Pordenone,2025-10-09,121.6216
MII179932,Porto Azzurro,2025-10-09,103.8922
MII179938,Potenza,2025-10-09,169.5238
MII179958,Prato,2025-10-09,103.7770
MII179965,Ragusa,2025-10-09,108.1967
MII179981,Ravenna,2025-10-09,169.3878
MII179988,Reggio Calabria Arghillà,2025-10-09,127.6224
MII179995,Reggio Calabria Giuseppe Panzera,2025-10-09,123.3533
MII182339,Reggio Emilia,2025-10-09,133.3333
MII169535,Rieti,2025-10-09,172.3183
MII180001,Rimini,2025-10-09,143.2203
MII180380,Roma Rebibbia,2025-10-09,102.9304
MII180348,Roma Rebibbia femminile,2025-10-09,156.9721
MII180356,Roma Rebibbia IIIª casa,2025-10-09,71.2121
MII180370,Roma Rebibbia Nuovo Complesso,2025-10-09,146.6292
MII180401,Roma Regina Coeli,2025-10-09,176.9231
MII180415,Rossano,2025-10-09,127.9693
MII180424,Rovigo,2025-10-09,131.5789
MII180426,Salerno,2025-10-09,154.2553
MII180437,Saluzzo,2025-10-09,77.3585
MII180451,San Cataldo,2025-10-09,78.5185
MII180458,San Gimignano,2025-10-09,138.1166
MII180476,San Severo,2025-10-09,142.6230
MII180465,Sanremo,2025-10-09,112.1622
MII181079,Sant'Angelo dei Lombardi,2025-10-09,145.9677
MII180487,Santa Maria Capua Vetere,2025-10-09,140.3581
MII181091,Sassari,2025-10-09,117.8414
MII181109,Sciacca,2025-10-09,80.0000
MII181115,Siena,2025-10-09,114.8148
MII181125,Siracusa,2025-10-09,123.9852
MII181346,Sondrio,2025-10-09,141.6667
MII181358,Spoleto,2025-10-09,108.7719
MII181371,Sulmona,2025-10-09,107.2658
MII181377,Taranto,2025-10-09,185.9485
MII181385,Tempio Pausania,2025-10-09,101.8405
MII181392,Teramo,2025-10-09,182.2134
MII181401,Termini Imerese,2025-10-09,103.1579
MII181407,Terni,2025-10-09,132.3040
MII181417,Tolmezzo,2025-10-09,129.9320
MII181424,Torino,2025-10-09,132.3879
MII181434,Trani,2025-10-09,147.8114
MII181440,Trani femminile,2025-10-09,125.0000
MII181625,Trapani,2025-10-09,111.6803
MII181636,Trento,2025-10-09,90.9953
MII181645,Treviso,2025-10-09,181.8182
MII181661,Trieste,2025-10-09,180.4511
MII181681,Turi,2025-10-09,157.4074
MII181672,Udine,2025-10-09,191.0112
MII181691,Vallo della Lucania,2025-10-09,132.5000
MII181703,Varese,2025-10-09,188.6792
MII181820,Vasto,2025-10-09,73.4694
MII181839,Velletri,2025-10-09,159.9407
MII181847,Venezia Giudecca,2025-10-09,83.0357
MII181863,Venezia Santa Maria Maggiore,2025-10-09,155.3459
MII181870,Verbania,2025-10-09,134.6154
MII181880,Vercelli,2025-10-09,152.9680
MII181891,Verona,2025-10-09,183.1325
MII181908,Vibo Valentia,2025-10-09,106.3939
MII181918,Vicenza,2025-10-09,137.8788
MII181924,Vigevano,2025-10-09,125.8993
MII181934,Viterbo,2025-10-09,172.0988
MII179733,Voghera,2025-10-09,113.4897
MII179876,Volterra,2025-10-09,95.2128
MII158910,Agrigento,2025-10-18,143.6293
MII157783,Alba,2025-10-18,106.3830
MII158919,"Alessandria Cantiello, Gaeta",2025-10-18,102.5751
MII158924,Alessandria San Michele,2025-10-18,108.9888
MII158935,Alghero,2025-10-18,101.9231
MII172277,Altamura,2025-10-18,179.5918
MII158944,Ancona Barcaglione,2025-10-18,113.0000
MII158941,Ancona Montacuto,2025-10-18,125.0980
MII158945,Arbus,2025-10-18,79.3651
MII158948,Arezzo,2025-10-18,177.2727
MII159053,Ariano Irpino,2025-10-18,132.4074
MII159060,Arienzo,2025-10-18,155.1724
MII159065,Ascoli Piceno,2025-10-18,141.1765
MII159069,Asti,2025-10-18,129.2929
MII159314,Augusta,2025-10-18,174.4868
MII172011,Avellino,2025-10-18,129.3501
MII172187,Aversa,2025-10-18,125.2137
MII182440,Avezzano,2025-10-18,154.7170
MII172222,Barcellona Pozzo di Gotto,2025-10-18,81.7518
MII181678,Bari,2025-10-18,166.0305
MII158901,Belluno,2025-10-18,130.4878
MII160204,Benevento,2025-10-18,154.0000
MII172827,Bergamo,2025-10-18,189.0282
MII172332,Biella,2025-10-18,120.4604
MII172344,Bollate,2025-10-18,110.5845
MII172508,Bologna,2025-10-18,176.7184
MII172580,Bolzano,2025-10-18,110.2273
MII172592,Brescia Canton Monbello,2025-10-18,209.3407
MII172610,Brescia Verziano,2025-10-18,181.6901
MII172623,Brindisi,2025-10-18,193.2773
MII172814,Brissogne - Aosta,2025-10-18,74.3017
MII172320,Busto Arsizio,2025-10-18,202.3041
MII172835,Cagliari Uta,2025-10-18,132.7986
MII173006,Caltagirone,2025-10-18,110.7817
MII173063,Caltanissetta,2025-10-18,137.7049
MII173088,Campobasso,2025-10-18,184.9462
MII173101,Carinola,2025-10-18,105.5432
MII173114,Cassino,2025-10-18,183.8710
MII173237,Castelfranco Emilia,2025-10-18,56.3758
MII173259,Castelvetrano,2025-10-18,159.0909
MII173265,Castrovillari,2025-10-18,143.4426
MII173285,Catania Bicocca,2025-10-18,131.8519
MII173301,Catania Piazza Lanza,2025-10-18,166.3082
MII173311,Catanzaro,2025-10-18,102.8662
MII173356,Chiavari,2025-10-18,119.2308
MII173364,Chieti,2025-10-18,183.5443
MII173688,Civitavecchia Giuseppe Passerini,2025-10-18,83.6957
MII172208,Civitavecchia Nuovo Complesso,2025-10-18,186.3501
MII173712,Como,2025-10-18,197.7778
MII173341,Cosenza,2025-10-18,125.9091
MII173747,Cremona,2025-10-18,151.3021
MII173324,Crotone,2025-10-18,117.3913
MII173764,Cuneo,2025-10-18,99.7333
MII173784,Eboli,2025-10-18,87.0370
MII173813,Enna,2025-10-18,128.7500
MII173994,Favignana,2025-10-18,112.3596
MII174501,Fermo,2025-10-18,137.2093
MII174686,Ferrara,2025-10-18,164.6091
MII174825,Firenze Mario Gozzini,2025-10-18,137.8378
MII174720,Firenze Sollicciano,2025-10-18,155.5241
MII176375,Foggia,2025-10-18,212.5828
MII176403,Forlì,2025-10-18,130.3030
MII176414,Fossano,2025-10-18,85.2941
MII176424,Fossombrone,2025-10-18,86.1386
MII176437,Frosinone,2025-10-18,131.2634
MII176451,Gela,2025-10-18,154.1667
MII152284,Genova Marassi,2025-10-18,126.3551
MII176703,Genova Pontedecimo,2025-10-18,143.7500
MII176714,Giarre,2025-10-18,138.1818
MII176719,Gorizia,2025-10-18,139.6825
MII176743,Grosseto,2025-10-18,161.5385
MII176749,Imperia,2025-10-18,120.7547
MII176759,Isernia,2025-10-18,165.9091
MII176771,Isili,2025-10-18,108.4112
MII176781,Ivrea,2025-10-18,138.5475
MII177134,L'Aquila,2025-10-18,76.5766
MII176788,La Spezia,2025-10-18,126.9737
MII177107,Lanciano,2025-10-18,113.0045
MII177118,Lanusei,2025-10-18,109.0909
MII177323,Larino,2025-10-18,152.2936
MII177332,Latina,2025-10-18,198.7013
MII177346,Laureana di Borrello,2025-10-18,129.7297
MII177384,Lauro,2025-10-18,14.0000
MII177420,Lecce,2025-10-18,175.8145
MII177436,Lecco,2025-10-18,144.2308
MII177463,Livorno,2025-10-18,151.6779
MII177498,Livorno Gorgona,2025-10-18,91.0112
MII177996,Locri,2025-10-18,163.7500
MII178027,Lodi,2025-10-18,202.2727
MII178035,Lucca,2025-10-18,232.4324
MII178045,Lucera,2025-10-18,134.8837
MII178072,Mantova,2025-10-18,144.3299
MII178085,Massa,2025-10-18,151.1494
MII178115,Massa Marittima,2025-10-18,112.5000
MII178124,Matera,2025-10-18,159.0164
MII178141,Melfi,2025-10-18,138.8060
MII178148,Messina,2025-10-18,98.5915
MII158895,Milano San Vittore,2025-10-18,219.2547
MII178501,Milano San Vittore femminile,2025-10-18,180.4348
MII178638,Modena,2025-10-18,155.7951
MII178659,Monza,2025-10-18,178.2716
MII178666,Napoli Poggioreale,2025-10-18,164.3511
MII178672,Napoli Secondigliano,2025-10-18,133.8129
MII178681,Noto,2025-10-18,94.3750
MII178700,Novara,2025-10-18,108.3333
MII179224,Nuoro,2025-10-18,80.6569
MII178003,Onanì,2025-10-18,84.7619
MII179237,Opera,2025-10-18,151.1062
MII179274,Oristano,2025-10-18,95.4545
MII179280,Orvieto,2025-10-18,130.6122
MII179290,Padova,2025-10-18,137.0968
MII179299,Padova Nuovo Complesso,2025-10-18,156.5000
MII179306,Palermo Pagliarelli,2025-10-18,119.0520
MII179324,Palermo Ucciardone,2025-10-18,114.3701
MII179331,Paliano,2025-10-18,41.4474
MII179342,Palmi,2025-10-18,120.5674
MII179353,Paola,2025-10-18,130.1887
MII179364,Parma,2025-10-18,126.0870
MII182910,Pavia,2025-10-18,141.3592
MII179781,Perugia,2025-10-18,158.2524
MII179818,Pesaro,2025-10-18,163.8889
MII179830,Pescara,2025-10-18,166.6667
MII179842,Piacenza,2025-10-18,131.1594
MII179856,Piazza Armerina,2025-10-18,151.0638
MII182919,Pisa,2025-10-18,151.3089
MII179896,Pistoia,2025-10-18,126.6667
MII179913,Pordenone,2025-10-18,116.2162
MII179932,Porto Azzurro,2025-10-18,105.3892
MII179938,Potenza,2025-10-18,168.5714
MII179958,Prato,2025-10-18,105.5755
MII179965,Ragusa,2025-10-18,114.7541
MII179981,Ravenna,2025-10-18,177.5510
MII179988,Reggio Calabria Arghillà,2025-10-18,124.4755
MII179995,Reggio Calabria Giuseppe Panzera,2025-10-18,124.5509
MII182339,Reggio Emilia,2025-10-18,134.6154
MII169535,Rieti,2025-10-18,175.4325
MII180001,Rimini,2025-10-18,142.3729
MII180380,Roma Rebibbia,2025-10-18,108.3942
MII180348,Roma Rebibbia femminile,2025-10-18,158.2329
MII180356,Roma Rebibbia IIIª casa,2025-10-18,77.2727
MII180370,Roma Rebibbia Nuovo Complesso,2025-10-18,150.0000
MII180401,Roma Regina Coeli,2025-10-18,178.3784
MII180415,Rossano,2025-10-18,127.5862
MII180424,Rovigo,2025-10-18,135.6098
MII180426,Salerno,2025-10-18,152.9255
MII180437,Saluzzo,2025-10-18,78.3333
MII180451,San Cataldo,2025-10-18,82.9630
MII180458,San Gimignano,2025-10-18,139.0135
MII180476,San Severo,2025-10-18,142.6230
MII180465,Sanremo,2025-10-18,107.6577
MII181079,Sant'Angelo dei Lombardi,2025-10-18,145.9677
MII180487,Santa Maria Capua Vetere,2025-10-18,142.0110
MII181091,Sassari,2025-10-18,123.0263
MII181109,Sciacca,2025-10-18,85.0000
MII181115,Siena,2025-10-18,114.5455
MII181125,Siracusa,2025-10-18,120.9174
MII181346,Sondrio,2025-10-18,141.6667
MII181358,Spoleto,2025-10-18,107.8947
MII181371,Sulmona,2025-10-18,109.1778
MII181377,Taranto,2025-10-18,186.2471
MII181385,Tempio Pausania,2025-10-18,101.8405
MII181392,Teramo,2025-10-18,183.3992
MII181401,Termini Imerese,2025-10-18,103.1579
MII181407,Terni,2025-10-18,132.5416
MII181417,Tolmezzo,2025-10-18,129.9320
MII181424,Torino,2025-10-18,132.9068
MII181434,Trani,2025-10-18,149.1582
MII181440,Trani femminile,2025-10-18,131.2500
MII181625,Trapani,2025-10-18,112.5000
MII181636,Trento,2025-10-18,91.4692
MII181645,Treviso,2025-10-18,181.8182
MII181661,Trieste,2025-10-18,171.4286
MII181681,Turi,2025-10-18,166.6667
MII181672,Udine,2025-10-18,191.0112
MII181691,Vallo della Lucania,2025-10-18,130.0000
MII181703,Varese,2025-10-18,183.0189
MII181820,Vasto,2025-10-18,74.8299
MII181839,Velletri,2025-10-18,151.8135
MII181847,Venezia Giudecca,2025-10-18,85.7143
MII181863,Venezia Santa Maria Maggiore,2025-10-18,157.8616
MII181870,Verbania,2025-10-18,142.3077
MII181880,Vercelli,2025-10-18,153.8813
MII181891,Verona,2025-10-18,183.4337
MII181908,Vibo Valentia,2025-10-18,102.5510
MII181918,Vicenza,2025-10-18,142.0849
MII181924,Vigevano,2025-10-18,149.1228
MII181934,Viterbo,2025-10-18,171.1111
MII179733,Voghera,2025-10-18,113.7830
MII179876,Volterra,2025-10-18,95.2128
MII158910,Agrigento,2025-10-26,145.1737
MII157783,Alba,2025-10-26,104.2553
MII158919,"Alessandria Cantiello, Gaeta",2025-10-26,96.1373
MII158924,Alessandria San Michele,2025-10-26,84.2697
MII158935,Alghero,2025-10-26,96.1538
MII172277,Altamura,2025-10-26,175.5102
MII158944,Ancona Barcaglione,2025-10-26,113.0000
MII158941,Ancona Montacuto,2025-10-26,127.4510
MII158945,Arbus,2025-10-26,92.0635
MII158948,Arezzo,2025-10-26,168.1818
MII159053,Ariano Irpino,2025-10-26,144.5055
MII159060,Arienzo,2025-10-26,153.4483
MII159065,Ascoli Piceno,2025-10-26,143.1373
MII159069,Asti,2025-10-26,125.7576
MII159314,Augusta,2025-10-26,177.4194
MII172011,Avellino,2025-10-26,132.0755
MII172187,Aversa,2025-10-26,123.9316
MII182440,Avezzano,2025-10-26,150.9434
MII172222,Barcellona Pozzo di Gotto,2025-10-26,83.2117
MII181678,Bari,2025-10-26,170.2290
MII158901,Belluno,2025-10-26,129.2683
MII160204,Benevento,2025-10-26,158.8000
MII172827,Bergamo,2025-10-26,190.2821
MII172332,Biella,2025-10-26,129.6675
MII172344,Bollate,2025-10-26,110.4265
MII172508,Bologna,2025-10-26,160.8000
MII172580,Bolzano,2025-10-26,115.9091
MII172592,Brescia Canton Monbello,2025-10-26,204.9451
MII172610,Brescia Verziano,2025-10-26,178.8732
MII172623,Brindisi,2025-10-26,191.5966
MII172814,Brissogne - Aosta,2025-10-26,78.7709
MII172320,Busto Arsizio,2025-10-26,207.3733
MII172835,Cagliari Uta,2025-10-26,132.0856
MII173006,Caltagirone,2025-10-26,111.8598
MII173063,Caltanissetta,2025-10-26,131.1475
MII173088,Campobasso,2025-10-26,176.6990
MII173101,Carinola,2025-10-26,106.6519
MII173114,Cassino,2025-10-26,175.2688
MII173237,Castelfranco Emilia,2025-10-26,56.3758
MII173259,Castelvetrano,2025-10-26,154.5455
MII173265,Castrovillari,2025-10-26,149.1803
MII173285,Catania Bicocca,2025-10-26,134.3511
MII173301,Catania Piazza Lanza,2025-10-26,166.6667
MII173311,Catanzaro,2025-10-26,103.6624
MII173356,Chiavari,2025-10-26,119.2308
MII173364,Chieti,2025-10-26,184.8101
MII173688,Civitavecchia Giuseppe Passerini,2025-10-26,81.5217
MII172208,Civitavecchia Nuovo Complesso,2025-10-26,184.2730
MII173712,Como,2025-10-26,195.9821
MII173341,Cosenza,2025-10-26,124.0909
MII173747,Cremona,2025-10-26,153.3854
MII173324,Crotone,2025-10-26,120.6349
MII173764,Cuneo,2025-10-26,100.8000
MII173784,Eboli,2025-10-26,87.0370
MII173813,Enna,2025-10-26,131.2500
MII173994,Favignana,2025-10-26,119.1011
MII174501,Fermo,2025-10-26,141.8605
MII174686,Ferrara,2025-10-26,165.0206
MII174825,Firenze Mario Gozzini,2025-10-26,140.5405
MII174720,Firenze Sollicciano,2025-10-26,155.5866
MII176375,Foggia,2025-10-26,212.9139
MII176403,Forlì,2025-10-26,125.5814
MII176414,Fossano,2025-10-26,85.2941
MII176424,Fossombrone,2025-10-26,88.1188
MII176437,Frosinone,2025-10-26,132.7623
MII176451,Gela,2025-10-26,150.0000
MII152284,Genova Marassi,2025-10-26,128.5981
MII176703,Genova Pontedecimo,2025-10-26,146.8750
MII176714,Giarre,2025-10-26,136.3636
MII176719,Gorizia,2025-10-26,139.6825
MII176743,Grosseto,2025-10-26,169.2308
MII176749,Imperia,2025-10-26,122.6415
MII176759,Isernia,2025-10-26,177.2727
MII176771,Isili,2025-10-26,109.3458
MII176781,Ivrea,2025-10-26,140.6780
MII177134,L'Aquila,2025-10-26,75.2252
MII176788,La Spezia,2025-10-26,129.6053
MII177107,Lanciano,2025-10-26,111.6592
MII177118,Lanusei,2025-10-26,109.0909
MII177323,Larino,2025-10-26,151.3761
MII177332,Latina,2025-10-26,203.8961
MII177346,Laureana di Borrello,2025-10-26,129.7297
MII177384,Lauro,2025-10-26,14.0000
MII177420,Lecce,2025-10-26,177.4436
MII177436,Lecco,2025-10-26,148.0769
MII177463,Livorno,2025-10-26,152.3490
MII177498,Livorno Gorgona,2025-10-26,85.3933
MII177996,Locri,2025-10-26,165.0000
MII178027,Lodi,2025-10-26,204.5455
MII178035,Lucca,2025-10-26,255.5556
MII178045,Lucera,2025-10-26,135.6589
MII178072,Mantova,2025-10-26,150.5155
MII178085,Massa,2025-10-26,152.2989
MII178115,Massa Marittima,2025-10-26,116.6667
MII178124,Matera,2025-10-26,163.9344
MII178141,Melfi,2025-10-26,140.2985
MII178148,Messina,2025-10-26,94.3662
MII158895,Milano San Vittore,2025-10-26,220.9110
MII178501,Milano San Vittore femminile,2025-10-26,182.6087
MII178638,Modena,2025-10-26,157.4124
MII178659,Monza,2025-10-26,180.7980
MII178666,Napoli Poggioreale,2025-10-26,164.2748
MII178672,Napoli Secondigliano,2025-10-26,134.7122
MII178681,Noto,2025-10-26,94.3750
MII178700,Novara,2025-10-26,110.2564
MII179224,Nuoro,2025-10-26,80.6569
MII178003,Onanì,2025-10-26,87.6190
MII179237,Opera,2025-10-26,150.8850
MII179274,Oristano,2025-10-26,95.4545
MII179280,Orvieto,2025-10-26,129.5918
MII179290,Padova,2025-10-26,137.0968
MII179299,Padova Nuovo Complesso,2025-10-26,156.0000
MII179306,Palermo Pagliarelli,2025-10-26,119.2343
MII179324,Palermo Ucciardone,2025-10-26,115.5512
MII179331,Paliano,2025-10-26,40.7895
MII179342,Palmi,2025-10-26,119.8582
MII179353,Paola,2025-10-26,130.3797
MII179364,Parma,2025-10-26,126.0032
MII182910,Pavia,2025-10-26,141.3592
MII179781,Perugia,2025-10-26,157.6052
MII179818,Pesaro,2025-10-26,169.4444
MII179830,Pescara,2025-10-26,167.0782
MII179842,Piacenza,2025-10-26,132.6087
MII179856,Piazza Armerina,2025-10-26,155.3191
MII182919,Pisa,2025-10-26,153.9267
MII179896,Pistoia,2025-10-26,128.0000
MII179913,Pordenone,2025-10-26,121.6216
MII179932,Porto Azzurro,2025-10-26,104.4910
MII179938,Potenza,2025-10-26,172.3810
MII179958,Prato,2025-10-26,106.1151
MII179965,Ragusa,2025-10-26,113.6612
MII179981,Ravenna,2025-10-26,181.2500
MII179988,Reggio Calabria Arghillà,2025-10-26,123.0769
MII179995,Reggio Calabria Giuseppe Panzera,2025-10-26,128.0488
MII182339,Reggio Emilia,2025-10-26,135.4701
MII169535,Rieti,2025-10-26,177.1626
MII180001,Rimini,2025-10-26,141.5254
MII180380,Roma Rebibbia,2025-10-26,111.6788
MII180348,Roma Rebibbia femminile,2025-10-26,152.2088
MII180356,Roma Rebibbia IIIª casa,2025-10-26,80.3030
MII180370,Roma Rebibbia Nuovo Complesso,2025-10-26,150.3745
MII180401,Roma Regina Coeli,2025-10-26,172.5225
MII180415,Rossano,2025-10-26,129.1188
MII180424,Rovigo,2025-10-26,133.4928
MII180426,Salerno,2025-10-26,159.3085
MII180437,Saluzzo,2025-10-26,81.0811
MII180451,San Cataldo,2025-10-26,86.6667
MII180458,San Gimignano,2025-10-26,140.8072
MII180476,San Severo,2025-10-26,147.5410
MII180465,Sanremo,2025-10-26,108.5586
MII181079,Sant'Angelo dei Lombardi,2025-10-26,154.8387
MII180487,Santa Maria Capua Vetere,2025-10-26,144.0771
MII181091,Sassari,2025-10-26,121.2719
MII181109,Sciacca,2025-10-26,80.0000
MII181115,Siena,2025-10-26,118.1818
MII181125,Siracusa,2025-10-26,121.8349
MII181346,Sondrio,2025-10-26,145.8333
MII181358,Spoleto,2025-10-26,107.2368
MII181371,Sulmona,2025-10-26,114.3403
MII181377,Taranto,2025-10-26,187.8788
MII181385,Tempio Pausania,2025-10-26,101.2270
MII181392,Teramo,2025-10-26,183.7945
MII181401,Termini Imerese,2025-10-26,105.2632
MII181407,Terni,2025-10-26,131.8290
MII181417,Tolmezzo,2025-10-26,129.9320
MII181424,Torino,2025-10-26,135.1005
MII181434,Trani,2025-10-26,154.2088
MII181440,Trani femminile,2025-10-26,125.0000
MII181625,Trapani,2025-10-26,114.1393
MII181636,Trento,2025-10-26,93.6019
MII181645,Treviso,2025-10-26,181.0606
MII181661,Trieste,2025-10-26,169.1729
MII181681,Turi,2025-10-26,169.4444
MII181672,Udine,2025-10-26,196.6292
MII181691,Vallo della Lucania,2025-10-26,122.5000
MII181703,Varese,2025-10-26,200.0000
MII181820,Vasto,2025-10-26,76.1905
MII181839,Velletri,2025-10-26,152.8497
MII181847,Venezia Giudecca,2025-10-26,82.1429
MII181863,Venezia Santa Maria Maggiore,2025-10-26,163.5220
MII181870,Verbania,2025-10-26,150.0000
MII181880,Vercelli,2025-10-26,156.1644
MII181891,Verona,2025-10-26,187.3494
MII181908,Vibo Valentia,2025-10-26,118.5185
MII181918,Vicenza,2025-10-26,141.3127
MII181924,Vigevano,2025-10-26,146.4912
MII181934,Viterbo,2025-10-26,172.3457
MII179733,Voghera,2025-10-26,114.0762
MII179876,Volterra,2025-10-26,94.6809
MII158910,Agrigento,2025-10-28,145.1737
MII157783,Alba,2025-10-28,106.3830
MII158919,"Alessandria Cantiello, Gaeta",2025-10-28,103.8627
MII158924,Alessandria San Michele,2025-10-28,98.4375
MII158935,Alghero,2025-10-28,96.1538
MII172277,Altamura,2025-10-28,175.5102
MII158944,Ancona Barcaglione,2025-10-28,113.0000
MII158941,Ancona Montacuto,2025-10-28,128.6275
MII158945,Arbus,2025-10-28,94.4444
MII158948,Arezzo,2025-10-28,163.6364
MII159053,Ariano Irpino,2025-10-28,144.5055
MII159060,Arienzo,2025-10-28,153.4483
MII159065,Ascoli Piceno,2025-10-28,143.1373
MII159069,Asti,2025-10-28,125.7576
MII159314,Augusta,2025-10-28,177.1261
MII172011,Avellino,2025-10-28,132.0755
MII172187,Aversa,2025-10-28,124.7863
MII182440,Avezzano,2025-10-28,149.0566
MII172222,Barcellona Pozzo di Gotto,2025-10-28,83.5766
MII181678,Bari,2025-10-28,170.9924
MII158901,Belluno,2025-10-28,131.7073
MII160204,Benevento,2025-10-28,160.0000
MII172827,Bergamo,2025-10-28,189.9687
MII172332,Biella,2025-10-28,134.0153
MII172344,Bollate,2025-10-28,110.5845
MII172508,Bologna,2025-10-28,160.4790
MII172580,Bolzano,2025-10-28,115.9091
MII172592,Brescia Canton Monbello,2025-10-28,205.4945
MII172610,Brescia Verziano,2025-10-28,176.0563
MII172623,Brindisi,2025-10-28,192.4370
MII172814,Brissogne - Aosta,2025-10-28,78.6517
MII172320,Busto Arsizio,2025-10-28,205.0691
MII172835,Cagliari Uta,2025-10-28,131.3725
MII173006,Caltagirone,2025-10-28,111.8598
MII173063,Caltanissetta,2025-10-28,131.1475
MII173088,Campobasso,2025-10-28,172.3810
MII173101,Carinola,2025-10-28,106.6519
MII173114,Cassino,2025-10-28,175.2688
MII173237,Castelfranco Emilia,2025-10-28,55.7047
MII173259,Castelvetrano,2025-10-28,158.1395
MII173265,Castrovillari,2025-10-28,148.3607
MII173285,Catania Bicocca,2025-10-28,135.1145
MII173301,Catania Piazza Lanza,2025-10-28,167.0251
MII173311,Catanzaro,2025-10-28,104.6178
MII173356,Chiavari,2025-10-28,121.1538
MII173364,Chieti,2025-10-28,179.7468
MII173688,Civitavecchia Giuseppe Passerini,2025-10-28,81.5217
MII172208,Civitavecchia Nuovo Complesso,2025-10-28,183.9763
MII173712,Como,2025-10-28,198.6607
MII173341,Cosenza,2025-10-28,124.5455
MII173747,Cremona,2025-10-28,154.1667
MII173324,Crotone,2025-10-28,117.4603
MII173764,Cuneo,2025-10-28,100.2667
MII173784,Eboli,2025-10-28,87.0370
MII173813,Enna,2025-10-28,131.2500
MII173994,Favignana,2025-10-28,119.1011
MII174501,Fermo,2025-10-28,137.2093
MII174686,Ferrara,2025-10-28,165.0206
MII174825,Firenze Mario Gozzini,2025-10-28,137.8378
MII174720,Firenze Sollicciano,2025-10-28,154.4693
MII176375,Foggia,2025-10-28,209.9338
MII176403,Forlì,2025-10-28,120.1550
MII176414,Fossano,2025-10-28,82.3529
MII176424,Fossombrone,2025-10-28,88.1188
MII176437,Frosinone,2025-10-28,132.3340
MII176451,Gela,2025-10-28,154.1667
MII152284,Genova Marassi,2025-10-28,127.6636
MII176703,Genova Pontedecimo,2025-10-28,145.8333
MII176714,Giarre,2025-10-28,141.8182
MII176719,Gorizia,2025-10-28,139.6825
MII176743,Grosseto,2025-10-28,169.2308
MII176749,Imperia,2025-10-28,120.7547
MII176759,Isernia,2025-10-28,181.8182
MII176771,Isili,2025-10-28,111.2150
MII176781,Ivrea,2025-10-28,140.4494
MII177134,L'Aquila,2025-10-28,76.1261
MII176788,La Spezia,2025-10-28,128.2895
MII177107,Lanciano,2025-10-28,112.5561
MII177118,Lanusei,2025-10-28,106.0606
MII177323,Larino,2025-10-28,149.5413
MII177332,Latina,2025-10-28,203.8961
MII177346,Laureana di Borrello,2025-10-28,129.7297
MII177384,Lauro,2025-10-28,14.0000
MII177420,Lecce,2025-10-28,177.5689
MII177436,Lecco,2025-10-28,148.0769
MII177463,Livorno,2025-10-28,146.9799
MII177498,Livorno Gorgona,2025-10-28,91.0112
MII177996,Locri,2025-10-28,165.0000
MII178027,Lodi,2025-10-28,200.0000
MII178035,Lucca,2025-10-28,258.3333
MII178045,Lucera,2025-10-28,134.8837
MII178072,Mantova,2025-10-28,149.4845
MII178085,Massa,2025-10-28,152.8736
MII178115,Massa Marittima,2025-10-28,116.6667
MII178124,Matera,2025-10-28,165.5738
MII178141,Melfi,2025-10-28,140.2985
MII178148,Messina,2025-10-28,96.7136
MII158895,Milano San Vittore,2025-10-28,222.1532
MII178501,Milano San Vittore femminile,2025-10-28,188.6364
MII178638,Modena,2025-10-28,158.4906
MII178659,Monza,2025-10-28,180.7500
MII178666,Napoli Poggioreale,2025-10-28,164.6565
MII178672,Napoli Secondigliano,2025-10-28,134.8022
MII178681,Noto,2025-10-28,94.3750
MII178700,Novara,2025-10-28,110.2564
MII179224,Nuoro,2025-10-28,80.6569
MII178003,Onanì,2025-10-28,87.6190
MII179237,Opera,2025-10-28,151.2168
MII179274,Oristano,2025-10-28,95.8333
MII179280,Orvieto,2025-10-28,129.5918
MII179290,Padova,2025-10-28,136.5591
MII179299,Padova Nuovo Complesso,2025-10-28,156.0000
MII179306,Palermo Pagliarelli,2025-10-28,119.4166
MII179324,Palermo Ucciardone,2025-10-28,115.1575
MII179331,Paliano,2025-10-28,40.7895
MII179342,Palmi,2025-10-28,120.5674
MII179353,Paola,2025-10-28,131.0127
MII179364,Parma,2025-10-28,125.0401
MII182910,Pavia,2025-10-28,141.1650
MII179781,Perugia,2025-10-28,155.3398
MII179818,Pesaro,2025-10-28,166.6667
MII179830,Pescara,2025-10-28,167.4897
MII179842,Piacenza,2025-10-28,132.9298
MII179856,Piazza Armerina,2025-10-28,155.3191
MII182919,Pisa,2025-10-28,154.4503
MII179896,Pistoia,2025-10-28,129.3333
MII179913,Pordenone,2025-10-28,129.7297
MII179932,Porto Azzurro,2025-10-28,104.4910
MII179938,Potenza,2025-10-28,169.5238
MII179958,Prato,2025-10-28,106.2950
MII179965,Ragusa,2025-10-28,114.2077
MII179981,Ravenna,2025-10-28,181.6327
MII179988,Reggio Calabria Arghillà,2025-10-28,122.0280
MII179995,Reggio Calabria Giuseppe Panzera,2025-10-28,127.4390
MII182339,Reggio Emilia,2025-10-28,136.3248
MII169535,Rieti,2025-10-28,177.1626
MII180001,Rimini,2025-10-28,141.5254
MII180380,Roma Rebibbia,2025-10-28,110.9489
MII180348,Roma Rebibbia femminile,2025-10-28,149.7992
MII180356,Roma Rebibbia IIIª casa,2025-10-28,80.3030
MII180370,Roma Rebibbia Nuovo Complesso,2025-10-28,150.3745
MII180401,Roma Regina Coeli,2025-10-28,171.1712
MII180415,Rossano,2025-10-28,129.5019
MII180424,Rovigo,2025-10-28,133.0144
MII180426,Salerno,2025-10-28,160.9043
MII180437,Saluzzo,2025-10-28,81.5725
MII180451,San Cataldo,2025-10-28,85.9259
MII180458,San Gimignano,2025-10-28,141.2556
MII180476,San Severo,2025-10-28,149.1803
MII180465,Sanremo,2025-10-28,108.5586
MII181079,Sant'Angelo dei Lombardi,2025-10-28,157.2581
MII180487,Santa Maria Capua Vetere,2025-10-28,142.8375
MII181091,Sassari,2025-10-28,121.4912
MII181109,Sciacca,2025-10-28,80.0000
MII181115,Siena,2025-10-28,114.5455
MII181125,Siracusa,2025-10-28,122.0183
MII181346,Sondrio,2025-10-28,141.6667
MII181358,Spoleto,2025-10-28,107.0175
MII181371,Sulmona,2025-10-28,114.1491
MII181377,Taranto,2025-10-28,188.3450
MII181385,Tempio Pausania,2025-10-28,100.6135
MII181392,Teramo,2025-10-28,183.0040
MII181401,Termini Imerese,2025-10-28,109.5745
MII181407,Terni,2025-10-28,132.3040
MII181417,Tolmezzo,2025-10-28,129.9320
MII181424,Torino,2025-10-28,135.3748
MII181434,Trani,2025-10-28,153.8721
MII181440,Trani femminile,2025-10-28,131.2500
MII181625,Trapani,2025-10-28,114.3443
MII181636,Trento,2025-10-28,92.4171
MII181645,Treviso,2025-10-28,182.5758
MII181661,Trieste,2025-10-28,183.7398
MII181681,Turi,2025-10-28,170.3704
MII181672,Udine,2025-10-28,195.5056
MII181691,Vallo della Lucania,2025-10-28,122.5000
MII181703,Varese,2025-10-28,200.0000
MII181820,Vasto,2025-10-28,77.5510
MII181839,Velletri,2025-10-28,152.3316
MII181847,Venezia Giudecca,2025-10-28,81.2500
MII181863,Venezia Santa Maria Maggiore,2025-10-28,164.1509
MII181870,Verbania,2025-10-28,148.0769
MII181880,Vercelli,2025-10-28,154.3379
MII181891,Verona,2025-10-28,187.0871
MII181908,Vibo Valentia,2025-10-28,117.5084
MII181918,Vicenza,2025-10-28,142.6357
MII181924,Vigevano,2025-10-28,144.7368
MII181934,Viterbo,2025-10-28,172.0988
MII179733,Voghera,2025-10-28,114.0762
MII179876,Volterra,2025-10-28,94.6809
MII158910,Agrigento,2025-11-30,147.8764
MII157783,Alba,2025-11-30,108.5106
MII158919,"Alessandria Cantiello, Gaeta",2025-11-30,101.2876
MII158924,Alessandria San Michele,2025-11-30,38.4615
MII158935,Alghero,2025-11-30,103.8462
MII172277,Altamura,2025-11-30,173.4694
MII158944,Ancona Barcaglione,2025-11-30,111.0000
MII158941,Ancona Montacuto,2025-11-30,129.0196
MII158945,Arbus,2025-11-30,112.6984
MII158948,Arezzo,2025-11-30,190.9091
MII159053,Ariano Irpino,2025-11-30,145.3039
MII159060,Arienzo,2025-11-30,158.6207
MII159065,Ascoli Piceno,2025-11-30,146.0784
MII159069,Asti,2025-11-30,123.7374
MII159314,Augusta,2025-11-30,178.2991
MII172011,Avellino,2025-11-30,133.3333
MII172187,Aversa,2025-11-30,130.3419
MII182440,Avezzano,2025-11-30,147.1698
MII172222,Barcellona Pozzo di Gotto,2025-11-30,81.6176
MII181678,Bari,2025-11-30,171.7557
MII158901,Belluno,2025-11-30,136.5854
MII160204,Benevento,2025-11-30,161.6935
MII172827,Bergamo,2025-11-30,184.3260
MII172332,Biella,2025-11-30,132.9082
MII172344,Bollate,2025-11-30,116.2717
MII172508,Bologna,2025-11-30,170.6827
MII172580,Bolzano,2025-11-30,115.9091
MII172592,Brescia Canton Monbello,2025-11-30,213.1868
MII172610,Brescia Verziano,2025-11-30,171.8310
MII172623,Brindisi,2025-11-30,202.5210
MII172814,Brissogne - Aosta,2025-11-30,79.3296
MII172320,Busto Arsizio,2025-11-30,196.2963
MII172835,Cagliari Uta,2025-11-30,131.7291
MII173006,Caltagirone,2025-11-30,120.0549
MII173063,Caltanissetta,2025-11-30,132.7869
MII173088,Campobasso,2025-11-30,178.6408
MII173101,Carinola,2025-11-30,110.4213
MII173114,Cassino,2025-11-30,184.7826
MII173237,Castelfranco Emilia,2025-11-30,56.3758
MII173259,Castelvetrano,2025-11-30,161.3636
MII173265,Castrovillari,2025-11-30,145.9016
MII173285,Catania Bicocca,2025-11-30,132.0611
MII173301,Catania Piazza Lanza,2025-11-30,168.1004
MII173311,Catanzaro,2025-11-30,102.8526
MII173356,Chiavari,2025-11-30,123.0769
MII173364,Chieti,2025-11-30,184.8101
MII173688,Civitavecchia Giuseppe Passerini,2025-11-30,86.9565
MII172208,Civitavecchia Nuovo Complesso,2025-11-30,180.4035
MII173712,Como,2025-11-30,176.0181
MII173341,Cosenza,2025-11-30,124.0909
MII173747,Cremona,2025-11-30,154.4271
MII173324,Crotone,2025-11-30,120.6349
MII173764,Cuneo,2025-11-30,108.2228
MII173784,Eboli,2025-11-30,85.1852
MII173813,Enna,2025-11-30,134.3750
MII173994,Favignana,2025-11-30,110.1124
MII174501,Fermo,2025-11-30,148.8372
MII174686,Ferrara,2025-11-30,169.9588
MII174825,Firenze Mario Gozzini,2025-11-30,133.7838
MII174720,Firenze Sollicciano,2025-11-30,155.5866
MII176375,Foggia,2025-11-30,214.2384
MII176403,Forlì,2025-11-30,111.6279
MII176414,Fossano,2025-11-30,80.1471
MII176424,Fossombrone,2025-11-30,59.6154
MII176437,Frosinone,2025-11-30,132.5726
MII176451,Gela,2025-11-30,166.6667
MII152284,Genova Marassi,2025-11-30,127.8195
MII176703,Genova Pontedecimo,2025-11-30,153.1915
MII176714,Giarre,2025-11-30,138.8889
MII176719,Gorizia,2025-11-30,122.2222
MII176743,Grosseto,2025-11-30,193.3333
MII176749,Imperia,2025-11-30,109.4340
MII176759,Isernia,2025-11-30,181.8182
MII176771,Isili,2025-11-30,115.8879
MII176781,Ivrea,2025-11-30,150.8380
MII177134,L'Aquila,2025-11-30,75.6757
MII176788,La Spezia,2025-11-30,127.6316
MII177107,Lanciano,2025-11-30,118.3857
MII177118,Lanusei,2025-11-30,103.0303
MII177323,Larino,2025-11-30,149.5413
MII177332,Latina,2025-11-30,184.4156
MII177346,Laureana di Borrello,2025-11-30,127.0270
MII177384,Lauro,2025-11-30,14.0000
MII177420,Lecce,2025-11-30,177.1930
MII177436,Lecco,2025-11-30,150.0000
MII177463,Livorno,2025-11-30,148.3221
MII177498,Livorno Gorgona,2025-11-30,114.6067
MII177996,Locri,2025-11-30,158.7500
MII178027,Lodi,2025-11-30,209.3023
MII178035,Lucca,2025-11-30,252.7778
MII178045,Lucera,2025-11-30,137.9845
MII178072,Mantova,2025-11-30,144.3299
MII178085,Massa,2025-11-30,162.8571
MII178115,Massa Marittima,2025-11-30,116.6667
MII178124,Matera,2025-11-30,167.5000
MII178141,Melfi,2025-11-30,143.2836
MII178148,Messina,2025-11-30,94.8837
MII158895,Milano San Vittore,2025-11-30,230.1653
MII178501,Milano San Vittore femminile,2025-11-30,184.7826
MII178638,Modena,2025-11-30,166.0167
MII178659,Monza,2025-11-30,171.6049
MII178666,Napoli Poggioreale,2025-11-30,166.4629
MII178672,Napoli Secondigliano,2025-11-30,139.2086
MII178681,Noto,2025-11-30,93.1250
MII178700,Novara,2025-11-30,114.3791
MII179224,Nuoro,2025-11-30,83.2117
MII178003,Onanì,2025-11-30,91.8660
MII179237,Opera,2025-11-30,153.7611
MII179274,Oristano,2025-11-30,96.5909
MII179280,Orvieto,2025-11-30,126.5306
MII179290,Padova,2025-11-30,137.9679
MII179299,Padova Nuovo Complesso,2025-11-30,157.9853
MII179306,Palermo Pagliarelli,2025-11-30,121.1293
MII179324,Palermo Ucciardone,2025-11-30,117.7165
MII179331,Paliano,2025-11-30,38.5621
MII179342,Palmi,2025-11-30,121.2766
MII179353,Paola,2025-11-30,134.3750
MII179364,Parma,2025-11-30,125.1592
MII182910,Pavia,2025-11-30,145.0485
MII179781,Perugia,2025-11-30,159.0909
MII179818,Pesaro,2025-11-30,170.8333
MII179830,Pescara,2025-11-30,164.6091
MII179842,Piacenza,2025-11-30,141.2621
MII179856,Piazza Armerina,2025-11-30,146.8085
MII182919,Pisa,2025-11-30,153.9267
MII179896,Pistoia,2025-11-30,120.2703
MII179913,Pordenone,2025-11-30,148.6486
MII179932,Porto Azzurro,2025-11-30,114.9701
MII179938,Potenza,2025-11-30,168.2243
MII179958,Prato,2025-11-30,110.4779
MII179965,Ragusa,2025-11-30,108.7432
MII179981,Ravenna,2025-11-30,183.6735
MII179988,Reggio Calabria Arghillà,2025-11-30,119.2171
MII179995,Reggio Calabria Giuseppe Panzera,2025-11-30,130.2469
MII182339,Reggio Emilia,2025-11-30,133.7607
MII169535,Rieti,2025-11-30,180.9689
MII180001,Rimini,2025-11-30,144.0678
MII180380,Roma Rebibbia,2025-11-30,114.1264
MII180348,Roma Rebibbia femminile,2025-11-30,148.5944
MII180356,Roma Rebibbia IIIª casa,2025-11-30,82.5758
MII180370,Roma Rebibbia Nuovo Complesso,2025-11-30,154.4007
MII180401,Roma Regina Coeli,2025-11-30,163.9640
MII180415,Rossano,2025-11-30,117.9389
MII180424,Rovigo,2025-11-30,133.4928
MII180426,Salerno,2025-11-30,162.7660
MII180437,Saluzzo,2025-11-30,83.2924
MII180451,San Cataldo,2025-11-30,87.1795
MII180458,San Gimignano,2025-11-30,142.1525
MII180476,San Severo,2025-11-30,147.5410
MII180465,Sanremo,2025-11-30,114.5455
MII181079,Sant'Angelo dei Lombardi,2025-11-30,156.4516
MII180487,Santa Maria Capua Vetere,2025-11-30,150.0000
MII181091,Sassari,2025-11-30,124.1228
MII181109,Sciacca,2025-11-30,100.0000
MII181115,Siena,2025-11-30,120.0000
MII181125,Siracusa,2025-11-30,121.2844
MII181346,Sondrio,2025-11-30,175.0000
MII181358,Spoleto,2025-11-30,107.6754
MII181371,Sulmona,2025-11-30,116.2524
MII181377,Taranto,2025-11-30,189.3023
MII181385,Tempio Pausania,2025-11-30,101.8405
MII181392,Teramo,2025-11-30,181.8182
MII181401,Termini Imerese,2025-11-30,110.5263
MII181407,Terni,2025-11-30,135.6295
MII181417,Tolmezzo,2025-11-30,128.5714
MII181424,Torino,2025-11-30,135.4662
MII181434,Trani,2025-11-30,154.2088
MII181440,Trani femminile,2025-11-30,115.6250
MII181625,Trapani,2025-11-30,117.2131
MII181636,Trento,2025-11-30,94.2993
MII181645,Treviso,2025-11-30,182.5758
MII181661,Trieste,2025-11-30,195.1220
MII181681,Turi,2025-11-30,173.1481
MII181672,Udine,2025-11-30,212.3596
MII181691,Vallo della Lucania,2025-11-30,122.5000
MII181703,Varese,2025-11-30,183.0189
MII181820,Vasto,2025-11-30,84.3537
MII181839,Velletri,2025-11-30,151.2953
MII181847,Venezia Giudecca,2025-11-30,83.9286
MII181863,Venezia Santa Maria Maggiore,2025-11-30,162.2642
MII181870,Verbania,2025-11-30,136.5385
MII181880,Vercelli,2025-11-30,159.5349
MII181891,Verona,2025-11-30,187.6877
MII181908,Vibo Valentia,2025-11-30,122.3022
MII181918,Vicenza,2025-11-30,139.2593
MII181924,Vigevano,2025-11-30,242.8571
MII181934,Viterbo,2025-11-30,176.7901
MII179733,Voghera,2025-11-30,113.7830
MII179876,Volterra,2025-11-30,94.6809
MII158910,Agrigento,2025-12-07,147.8764
MII157783,Alba,2025-12-07,108.5106
MII158919,"Alessandria Cantiello, Gaeta",2025-12-07,102.5751
MII158924,Alessandria San Michele,2025-12-07,38.4615
MII158935,Alghero,2025-12-07,102.5641
MII172277,Altamura,2025-12-07,169.3878
MII158944,Ancona Barcaglione,2025-12-07,110.0000
MII158941,Ancona Montacuto,2025-12-07,132.1569
MII158945,Arbus,2025-12-07,111.1111
MII158948,Arezzo,2025-12-07,204.5455
MII159053,Ariano Irpino,2025-12-07,144.7514
MII159060,Arienzo,2025-12-07,158.6207
MII159065,Ascoli Piceno,2025-12-07,146.0784
MII159069,Asti,2025-12-07,122.2222
MII159314,Augusta,2025-12-07,179.5322
MII172011,Avellino,2025-12-07,134.3816
MII172187,Aversa,2025-12-07,129.9145
MII182440,Avezzano,2025-12-07,145.2830
MII172222,Barcellona Pozzo di Gotto,2025-12-07,89.0625
MII181678,Bari,2025-12-07,168.7023
MII158901,Belluno,2025-12-07,130.4878
MII160204,Benevento,2025-12-07,163.3065
MII172827,Bergamo,2025-12-07,183.6991
MII172332,Biella,2025-12-07,132.1429
MII172344,Bollate,2025-12-07,117.2986
MII172508,Bologna,2025-12-07,170.0803
MII172580,Bolzano,2025-12-07,109.0909
MII172592,Brescia Canton Monbello,2025-12-07,216.4835
MII172610,Brescia Verziano,2025-12-07,173.2394
MII172623,Brindisi,2025-12-07,196.6387
MII172814,Brissogne - Aosta,2025-12-07,79.3296
MII172320,Busto Arsizio,2025-12-07,197.6852
MII172835,Cagliari Uta,2025-12-07,132.2638
MII173006,Caltagirone,2025-12-07,118.1081
MII173063,Caltanissetta,2025-12-07,131.1475
MII173088,Campobasso,2025-12-07,177.2277
MII173101,Carinola,2025-12-07,112.8603
MII173114,Cassino,2025-12-07,176.0870
MII173237,Castelfranco Emilia,2025-12-07,57.0470
MII173259,Castelvetrano,2025-12-07,165.9091
MII173265,Castrovillari,2025-12-07,153.2787
MII173285,Catania Bicocca,2025-12-07,133.3333
MII173301,Catania Piazza Lanza,2025-12-07,169.5341
MII173311,Catanzaro,2025-12-07,103.4865
MII173356,Chiavari,2025-12-07,126.9231
MII173364,Chieti,2025-12-07,187.3418
MII173688,Civitavecchia Giuseppe Passerini,2025-12-07,57.6389
MII172208,Civitavecchia Nuovo Complesso,2025-12-07,180.6916
MII173712,Como,2025-12-07,170.5882
MII173341,Cosenza,2025-12-07,127.2727
MII173747,Cremona,2025-12-07,154.6875
MII173324,Crotone,2025-12-07,112.6984
MII173764,Cuneo,2025-12-07,103.9578
MII173784,Eboli,2025-12-07,85.1852
MII173813,Enna,2025-12-07,134.3750
MII173994,Favignana,2025-12-07,111.2360
MII174501,Fermo,2025-12-07,146.5116
MII174686,Ferrara,2025-12-07,171.1934
MII174825,Firenze Mario Gozzini,2025-12-07,139.1892
MII174720,Firenze Sollicciano,2025-12-07,152.5140
MII176375,Foggia,2025-12-07,215.8940
MII176403,Forlì,2025-12-07,113.8462
MII176414,Fossano,2025-12-07,80.8824
MII176424,Fossombrone,2025-12-07,63.4615
MII176437,Frosinone,2025-12-07,127.0217
MII176451,Gela,2025-12-07,166.6667
MII152284,Genova Marassi,2025-12-07,128.0075
MII176703,Genova Pontedecimo,2025-12-07,153.1915
MII176714,Giarre,2025-12-07,143.3962
MII176719,Gorizia,2025-12-07,125.3968
MII176743,Grosseto,2025-12-07,160.0000
MII176749,Imperia,2025-12-07,111.3208
MII176759,Isernia,2025-12-07,186.3636
MII176771,Isili,2025-12-07,121.4953
MII176781,Ivrea,2025-12-07,149.7207
MII177134,L'Aquila,2025-12-07,75.2252
MII176788,La Spezia,2025-12-07,130.2632
MII177107,Lanciano,2025-12-07,120.1794
MII177118,Lanusei,2025-12-07,103.0303
MII177323,Larino,2025-12-07,150.4587
MII177332,Latina,2025-12-07,188.3117
MII177346,Laureana di Borrello,2025-12-07,124.3243
MII177384,Lauro,2025-12-07,14.0000
MII177420,Lecce,2025-12-07,176.4411
MII177436,Lecco,2025-12-07,146.1538
MII177463,Livorno,2025-12-07,148.3221
MII177498,Livorno Gorgona,2025-12-07,113.4831
MII177996,Locri,2025-12-07,153.7500
MII178027,Lodi,2025-12-07,211.3636
MII178035,Lucca,2025-12-07,244.4444
MII178045,Lucera,2025-12-07,137.9845
MII178072,Mantova,2025-12-07,145.3608
MII178085,Massa,2025-12-07,161.1429
MII178115,Massa Marittima,2025-12-07,116.6667
MII178124,Matera,2025-12-07,168.3333
MII178141,Melfi,2025-12-07,140.2985
MII178148,Messina,2025-12-07,91.8182
MII158895,Milano San Vittore,2025-12-07,228.0992
MII178501,Milano San Vittore femminile,2025-12-07,197.8261
MII178638,Modena,2025-12-07,162.1170
MII178659,Monza,2025-12-07,169.7789
MII178666,Napoli Poggioreale,2025-12-07,165.4698
MII178672,Napoli Secondigliano,2025-12-07,139.7840
MII178681,Noto,2025-12-07,93.1250
MII178700,Novara,2025-12-07,111.7647
MII179224,Nuoro,2025-12-07,82.4818
MII178003,Onanì,2025-12-07,95.2153
MII179237,Opera,2025-12-07,153.2597
MII179274,Oristano,2025-12-07,98.1061
MII179280,Orvieto,2025-12-07,128.5714
MII179290,Padova,2025-12-07,139.0374
MII179299,Padova Nuovo Complesso,2025-12-07,156.6910
MII179306,Palermo Pagliarelli,2025-12-07,121.4936
MII179324,Palermo Ucciardone,2025-12-07,116.5354
MII179331,Paliano,2025-12-07,37.2549
MII179342,Palmi,2025-12-07,119.1489
MII179353,Paola,2025-12-07,132.5000
MII179364,Parma,2025-12-07,124.7209
MII182910,Pavia,2025-12-07,144.2718
MII179781,Perugia,2025-12-07,159.4156
MII179818,Pesaro,2025-12-07,173.6111
MII179830,Pescara,2025-12-07,164.1975
MII179842,Piacenza,2025-12-07,140.0485
MII179856,Piazza Armerina,2025-12-07,142.5532
MII182919,Pisa,2025-12-07,150.8021
MII179896,Pistoia,2025-12-07,118.9189
MII179913,Pordenone,2025-12-07,140.5405
MII179932,Porto Azzurro,2025-12-07,120.5607
MII179938,Potenza,2025-12-07,159.8131
MII179958,Prato,2025-12-07,109.5941
MII179965,Ragusa,2025-12-07,104.9180
MII179981,Ravenna,2025-12-07,183.6735
MII179988,Reggio Calabria Arghillà,2025-12-07,124.1993
MII179995,Reggio Calabria Giuseppe Panzera,2025-12-07,130.2469
MII182339,Reggio Emilia,2025-12-07,135.0427
MII169535,Rieti,2025-12-07,180.9028
MII180001,Rimini,2025-12-07,140.6780
MII180380,Roma Rebibbia,2025-12-07,113.3829
MII180348,Roma Rebibbia femminile,2025-12-07,151.2295
MII180356,Roma Rebibbia IIIª casa,2025-12-07,81.8182
MII180370,Roma Rebibbia Nuovo Complesso,2025-12-07,154.2135
MII180401,Roma Regina Coeli,2025-12-07,162.3874
MII180415,Rossano,2025-12-07,118.7023
MII180424,Rovigo,2025-12-07,134.9282
MII180426,Salerno,2025-12-07,161.7021
MII180437,Saluzzo,2025-12-07,83.5784
MII180451,San Cataldo,2025-12-07,88.8889
MII180458,San Gimignano,2025-12-07,141.8919
MII180476,San Severo,2025-12-07,142.6230
MII180465,Sanremo,2025-12-07,112.2727
MII181079,Sant'Angelo dei Lombardi,2025-12-07,154.8387
MII180487,Santa Maria Capua Vetere,2025-12-07,149.7041
MII181091,Sassari,2025-12-07,123.9035
MII181109,Sciacca,2025-12-07,105.0000
MII181115,Siena,2025-12-07,123.6364
MII181125,Siracusa,2025-12-07,121.1009
MII181346,Sondrio,2025-12-07,170.8333
MII181358,Spoleto,2025-12-07,108.9912
MII181371,Sulmona,2025-12-07,117.2084
MII181377,Taranto,2025-12-07,185.8140
MII181385,Tempio Pausania,2025-12-07,100.6135
MII181392,Teramo,2025-12-07,181.6733
MII181401,Termini Imerese,2025-12-07,113.8298
MII181407,Terni,2025-12-07,134.4418
MII181417,Tolmezzo,2025-12-07,126.5306
MII181424,Torino,2025-12-07,135.3748
MII181434,Trani,2025-12-07,151.1785
MII181440,Trani femminile,2025-12-07,115.6250
MII181625,Trapani,2025-12-07,116.1885
MII181636,Trento,2025-12-07,92.1615
MII181645,Treviso,2025-12-07,177.2727
MII181661,Trieste,2025-12-07,197.5610
MII181681,Turi,2025-12-07,172.2222
MII181672,Udine,2025-12-07,203.3708
MII181691,Vallo della Lucania,2025-12-07,120.0000
MII181703,Varese,2025-12-07,181.1321
MII181820,Vasto,2025-12-07,61.5385
MII181839,Velletri,2025-12-07,153.1088
MII181847,Venezia Giudecca,2025-12-07,84.8214
MII181863,Venezia Santa Maria Maggiore,2025-12-07,155.3459
MII181870,Verbania,2025-12-07,142.3077
MII181880,Vercelli,2025-12-07,159.5349
MII181891,Verona,2025-12-07,186.5269
MII181908,Vibo Valentia,2025-12-07,122.1429
MII181918,Vicenza,2025-12-07,137.7778
MII181924,Vigevano,2025-12-07,242.8571
MII181934,Viterbo,2025-12-07,175.0617
MII179733,Voghera,2025-12-07,114.0762
MII179876,Volterra,2025-12-07,93.0851
MII158910,Agrigento,2025-12-14,147.1042
MII157783,Alba,2025-12-14,108.5106
MII158919,"Alessandria Cantiello, Gaeta",2025-12-14,106.4378
MII158924,Alessandria San Michele,2025-12-14,38.4615
MII158935,Alghero,2025-12-14,104.4872
MII172277,Altamura,2025-12-14,165.3061
MII158944,Ancona Barcaglione,2025-12-14,108.0000
MII158941,Ancona Montacuto,2025-12-14,130.5882
MII158945,Arbus,2025-12-14,111.9048
MII158948,Arezzo,2025-12-14,195.4545
MII159053,Ariano Irpino,2025-12-14,144.1989
MII159060,Arienzo,2025-12-14,156.8966
MII159065,Ascoli Piceno,2025-12-14,145.0980
MII159069,Asti,2025-12-14,123.7374
MII159314,Augusta,2025-12-14,176.6082
MII172011,Avellino,2025-12-14,135.2201
MII172187,Aversa,2025-12-14,131.1966
MII182440,Avezzano,2025-12-14,152.8302
MII172222,Barcellona Pozzo di Gotto,2025-12-14,90.2344
MII181678,Bari,2025-12-14,172.1374
MII158901,Belluno,2025-12-14,130.4878
MII160204,Benevento,2025-12-14,160.4839
MII172827,Bergamo,2025-12-14,182.1317
MII172332,Biella,2025-12-14,135.6410
MII172344,Bollate,2025-12-14,129.8578
MII172508,Bologna,2025-12-14,172.6000
MII172580,Bolzano,2025-12-14,107.9545
MII172592,Brescia Canton Monbello,2025-12-14,213.7363
MII172610,Brescia Verziano,2025-12-14,177.4648
MII172623,Brindisi,2025-12-14,195.7983
MII172814,Brissogne - Aosta,2025-12-14,81.5642
MII172320,Busto Arsizio,2025-12-14,203.2258
MII172835,Cagliari Uta,2025-12-14,132.4421
MII173006,Caltagirone,2025-12-14,116.4865
MII173063,Caltanissetta,2025-12-14,130.6011
MII173088,Campobasso,2025-12-14,178.2178
MII173101,Carinola,2025-12-14,114.1907
MII173114,Cassino,2025-12-14,176.0870
MII173237,Castelfranco Emilia,2025-12-14,54.3624
MII173259,Castelvetrano,2025-12-14,163.6364
MII173265,Castrovillari,2025-12-14,155.7377
MII173285,Catania Bicocca,2025-12-14,133.3333
MII173301,Catania Piazza Lanza,2025-12-14,170.6093
MII173311,Catanzaro,2025-12-14,104.7544
MII173356,Chiavari,2025-12-14,126.9231
MII173364,Chieti,2025-12-14,187.3418
MII173688,Civitavecchia Giuseppe Passerini,2025-12-14,57.6389
MII172208,Civitavecchia Nuovo Complesso,2025-12-14,180.4035
MII173712,Como,2025-12-14,171.4932
MII173341,Cosenza,2025-12-14,125.0000
MII173747,Cremona,2025-12-14,157.0313
MII173324,Crotone,2025-12-14,117.4603
MII173764,Cuneo,2025-12-14,105.0132
MII173784,Eboli,2025-12-14,81.4815
MII173813,Enna,2025-12-14,135.0000
MII173994,Favignana,2025-12-14,111.2360
MII174501,Fermo,2025-12-14,153.4884
MII174686,Ferrara,2025-12-14,171.1934
MII174825,Firenze Mario Gozzini,2025-12-14,139.1892
MII174720,Firenze Sollicciano,2025-12-14,150.5587
MII176375,Foggia,2025-12-14,215.8940
MII176403,Forlì,2025-12-14,118.4615
MII176414,Fossano,2025-12-14,82.3529
MII176424,Fossombrone,2025-12-14,67.3077
MII176437,Frosinone,2025-12-14,124.6548
MII176451,Gela,2025-12-14,166.6667
MII152284,Genova Marassi,2025-12-14,127.2556
MII176703,Genova Pontedecimo,2025-12-14,150.5376
MII176714,Giarre,2025-12-14,145.2830
MII176719,Gorizia,2025-12-14,126.9841
MII176743,Grosseto,2025-12-14,173.3333
MII176749,Imperia,2025-12-14,105.6604
MII176759,Isernia,2025-12-14,181.8182
MII176771,Isili,2025-12-14,120.5607
MII176781,Ivrea,2025-12-14,148.6034
MII177134,L'Aquila,2025-12-14,74.7748
MII176788,La Spezia,2025-12-14,128.9474
MII177107,Lanciano,2025-12-14,120.6278
MII177118,Lanusei,2025-12-14,103.0303
MII177323,Larino,2025-12-14,151.3761
MII177332,Latina,2025-12-14,189.6104
MII177346,Laureana di Borrello,2025-12-14,121.6216
MII177384,Lauro,2025-12-14,14.0000
MII177420,Lecce,2025-12-14,176.3158
MII177436,Lecco,2025-12-14,151.9231
MII177463,Livorno,2025-12-14,144.2953
MII177498,Livorno Gorgona,2025-12-14,114.6067
MII177996,Locri,2025-12-14,155.0000
MII178027,Lodi,2025-12-14,206.8182
MII178035,Lucca,2025-12-14,244.4444
MII178045,Lucera,2025-12-14,134.8837
MII178072,Mantova,2025-12-14,142.2680
MII178085,Massa,2025-12-14,160.5714
MII178115,Massa Marittima,2025-12-14,118.7500
MII178124,Matera,2025-12-14,165.8333
MII178141,Melfi,2025-12-14,134.3284
MII178148,Messina,2025-12-14,93.6364
MII158895,Milano San Vittore,2025-12-14,170.0413
MII178501,Milano San Vittore femminile,2025-12-14,197.8261
MII178638,Modena,2025-12-14,162.6741
MII178659,Monza,2025-12-14,178.5340
MII178666,Napoli Poggioreale,2025-12-14,165.3934
MII178672,Napoli Secondigliano,2025-12-14,139.3339
MII178681,Noto,2025-12-14,92.5000
MII178700,Novara,2025-12-14,113.7255
MII179224,Nuoro,2025-12-14,74.4526
MII178003,Onanì,2025-12-14,99.5215
MII179237,Opera,2025-12-14,153.9560
MII179274,Oristano,2025-12-14,97.7273
MII179280,Orvieto,2025-12-14,125.5102
MII179290,Padova,2025-12-14,137.4332
MII179299,Padova Nuovo Complesso,2025-12-14,153.2407
MII179306,Palermo Pagliarelli,2025-12-14,123.9526
MII179324,Palermo Ucciardone,2025-12-14,116.9291
MII179331,Paliano,2025-12-14,37.9085
MII179342,Palmi,2025-12-14,121.9858
MII179353,Paola,2025-12-14,131.8750
MII179364,Parma,2025-12-14,124.6815
MII182910,Pavia,2025-12-14,151.0721
MII179781,Perugia,2025-12-14,157.7922
MII179818,Pesaro,2025-12-14,174.3056
MII179830,Pescara,2025-12-14,164.6091
MII179842,Piacenza,2025-12-14,139.2252
MII179856,Piazza Armerina,2025-12-14,140.4255
MII182919,Pisa,2025-12-14,145.4545
MII179896,Pistoia,2025-12-14,116.2162
MII179913,Pordenone,2025-12-14,129.7297
MII179932,Porto Azzurro,2025-12-14,120.5607
MII179938,Potenza,2025-12-14,157.9439
MII179958,Prato,2025-12-14,111.6236
MII179965,Ragusa,2025-12-14,103.8251
MII179981,Ravenna,2025-12-14,183.6735
MII179988,Reggio Calabria Arghillà,2025-12-14,122.4199
MII179995,Reggio Calabria Giuseppe Panzera,2025-12-14,132.2785
MII182339,Reggio Emilia,2025-12-14,134.6154
MII169535,Rieti,2025-12-14,181.2500
MII180001,Rimini,2025-12-14,144.0678
MII180380,Roma Rebibbia,2025-12-14,111.4391
MII180348,Roma Rebibbia femminile,2025-12-14,149.5902
MII180356,Roma Rebibbia IIIª casa,2025-12-14,82.5758
MII180370,Roma Rebibbia Nuovo Complesso,2025-12-14,154.7753
MII180401,Roma Regina Coeli,2025-12-14,162.3874
MII180415,Rossano,2025-12-14,117.9389
MII180424,Rovigo,2025-12-14,133.0144
MII180426,Salerno,2025-12-14,162.7660
MII180437,Saluzzo,2025-12-14,83.3333
MII180451,San Cataldo,2025-12-14,86.3248
MII180458,San Gimignano,2025-12-14,139.6396
MII180476,San Severo,2025-12-14,142.6230
MII180465,Sanremo,2025-12-14,114.0909
MII181079,Sant'Angelo dei Lombardi,2025-12-14,153.2258
MII180487,Santa Maria Capua Vetere,2025-12-14,150.2959
MII181091,Sassari,2025-12-14,125.0000
MII181109,Sciacca,2025-12-14,100.0000
MII181115,Siena,2025-12-14,123.6364
MII181125,Siracusa,2025-12-14,121.2844
MII181346,Sondrio,2025-12-14,166.6667
MII181358,Spoleto,2025-12-14,108.3333
MII181371,Sulmona,2025-12-14,118.3556
MII181377,Taranto,2025-12-14,186.2791
MII181385,Tempio Pausania,2025-12-14,101.2270
MII181392,Teramo,2025-12-14,186.4542
MII181401,Termini Imerese,2025-12-14,114.8936
MII181407,Terni,2025-12-14,134.9169
MII181417,Tolmezzo,2025-12-14,125.8503
MII181424,Torino,2025-12-14,134.8263
MII181434,Trani,2025-12-14,149.1582
MII181440,Trani femminile,2025-12-14,118.7500
MII181625,Trapani,2025-12-14,117.8279
MII181636,Trento,2025-12-14,92.1615
MII181645,Treviso,2025-12-14,175.0000
MII181661,Trieste,2025-12-14,196.7480
MII181681,Turi,2025-12-14,170.3704
MII181672,Udine,2025-12-14,200.0000
MII181691,Vallo della Lucania,2025-12-14,125.0000
MII181703,Varese,2025-12-14,177.3585
MII181820,Vasto,2025-12-14,64.1026
MII181839,Velletri,2025-12-14,149.4819
MII181847,Venezia Giudecca,2025-12-14,83.0357
MII181863,Venezia Santa Maria Maggiore,2025-12-14,152.8302
MII181870,Verbania,2025-12-14,140.3846
MII181880,Vercelli,2025-12-14,161.8605
MII181891,Verona,2025-12-14,186.5269
MII181908,Vibo Valentia,2025-12-14,121.4286
MII181918,Vicenza,2025-12-14,138.5185
MII181924,Vigevano,2025-12-14,242.8571
MII181934,Viterbo,2025-12-14,173.3333
MII179733,Voghera,2025-12-14,114.0762
MII179876,Volterra,2025-12-14,92.5532
MII158910,Agrigento,2025-12-21,144.0154
MII157783,Alba,2025-12-21,106.3830
MII158919,"Alessandria Cantiello, Gaeta",2025-12-21,104.2918
MII158924,Alessandria San Michele,2025-12-21,38.4615
MII158935,Alghero,2025-12-21,104.4872
MII172277,Altamura,2025-12-21,173.4694
MII158944,Ancona Barcaglione,2025-12-21,102.0000
MII158941,Ancona Montacuto,2025-12-21,130.9804
MII158945,Arbus,2025-12-21,111.1111
MII158948,Arezzo,2025-12-21,186.3636
MII159053,Ariano Irpino,2025-12-21,145.8564
MII159060,Arienzo,2025-12-21,155.1724
MII159065,Ascoli Piceno,2025-12-21,143.1373
MII159069,Asti,2025-12-21,127.7778
MII159314,Augusta,2025-12-21,176.9006
MII172011,Avellino,2025-12-21,135.2201
MII172187,Aversa,2025-12-21,130.7692
MII182440,Avezzano,2025-12-21,150.9434
MII172222,Barcellona Pozzo di Gotto,2025-12-21,91.0156
MII181678,Bari,2025-12-21,168.3206
MII158901,Belluno,2025-12-21,136.5854
MII160204,Benevento,2025-12-21,163.3065
MII172827,Bergamo,2025-12-21,183.3856
MII172332,Biella,2025-12-21,134.6154
MII172344,Bollate,2025-12-21,130.4107
MII172508,Bologna,2025-12-21,171.6000
MII172580,Bolzano,2025-12-21,117.0455
MII172592,Brescia Canton Monbello,2025-12-21,209.8901
MII172610,Brescia Verziano,2025-12-21,177.4648
MII172623,Brindisi,2025-12-21,194.1176
MII172814,Brissogne - Aosta,2025-12-21,85.5491
MII172320,Busto Arsizio,2025-12-21,202.3041
MII172835,Cagliari Uta,2025-12-21,131.3725
MII173006,Caltagirone,2025-12-21,117.8378
MII173063,Caltanissetta,2025-12-21,132.7869
MII173088,Campobasso,2025-12-21,177.2277
MII173101,Carinola,2025-12-21,114.8559
MII173114,Cassino,2025-12-21,173.9130
MII173237,Castelfranco Emilia,2025-12-21,59.7315
MII173259,Castelvetrano,2025-12-21,165.9091
MII173265,Castrovillari,2025-12-21,159.8361
MII173285,Catania Bicocca,2025-12-21,131.0078
MII173301,Catania Piazza Lanza,2025-12-21,169.8925
MII173311,Catanzaro,2025-12-21,104.4374
MII173356,Chiavari,2025-12-21,123.0769
MII173364,Chieti,2025-12-21,182.2785
MII173688,Civitavecchia Giuseppe Passerini,2025-12-21,59.0278
MII172208,Civitavecchia Nuovo Complesso,2025-12-21,178.3862
MII173712,Como,2025-12-21,170.0000
MII173341,Cosenza,2025-12-21,126.8182
MII173747,Cremona,2025-12-21,156.2500
MII173324,Crotone,2025-12-21,111.1111
MII173764,Cuneo,2025-12-21,102.9024
MII173784,Eboli,2025-12-21,81.4815
MII173813,Enna,2025-12-21,140.6250
MII173994,Favignana,2025-12-21,111.2360
MII174501,Fermo,2025-12-21,155.8140
MII174686,Ferrara,2025-12-21,169.5473
MII174825,Firenze Mario Gozzini,2025-12-21,139.1892
MII174720,Firenze Sollicciano,2025-12-21,152.5140
MII176375,Foggia,2025-12-21,218.8742
MII176403,Forlì,2025-12-21,118.4615
MII176414,Fossano,2025-12-21,83.0882
MII176424,Fossombrone,2025-12-21,83.3333
MII176437,Frosinone,2025-12-21,126.8245
MII176451,Gela,2025-12-21,160.4167
MII152284,Genova Marassi,2025-12-21,127.2897
MII176703,Genova Pontedecimo,2025-12-21,153.1915
MII176714,Giarre,2025-12-21,145.2830
MII176719,Gorizia,2025-12-21,131.7460
MII176743,Grosseto,2025-12-21,173.3333
MII176749,Imperia,2025-12-21,113.2075
MII176759,Isernia,2025-12-21,175.0000
MII176771,Isili,2025-12-21,122.4299
MII176781,Ivrea,2025-12-21,149.4382
MII177134,L'Aquila,2025-12-21,75.6757
MII176788,La Spezia,2025-12-21,128.2895
MII177107,Lanciano,2025-12-21,120.1794
MII177118,Lanusei,2025-12-21,118.1818
MII177323,Larino,2025-12-21,149.5413
MII177332,Latina,2025-12-21,185.7143
MII177346,Laureana di Borrello,2025-12-21,121.6216
MII177384,Lauro,2025-12-21,14.0000
MII177420,Lecce,2025-12-21,175.8145
MII177436,Lecco,2025-12-21,153.8462
MII177463,Livorno,2025-12-21,148.3221
MII177498,Livorno Gorgona,2025-12-21,111.2360
MII177996,Locri,2025-12-21,146.2500
MII178027,Lodi,2025-12-21,200.0000
MII178035,Lucca,2025-12-21,252.7778
MII178045,Lucera,2025-12-21,139.5349
MII178072,Mantova,2025-12-21,142.2680
MII178085,Massa,2025-12-21,161.1429
MII178115,Massa Marittima,2025-12-21,118.7500
MII178124,Matera,2025-12-21,163.1148
MII178141,Melfi,2025-12-21,138.8060
MII178148,Messina,2025-12-21,93.6364
MII158895,Milano San Vittore,2025-12-21,232.2129
MII178501,Milano San Vittore femminile,2025-12-21,176.0870
MII178638,Modena,2025-12-21,163.2312
MII178659,Monza,2025-12-21,177.7487
MII178666,Napoli Poggioreale,2025-12-21,164.2146
MII178672,Napoli Secondigliano,2025-12-21,137.8038
MII178681,Noto,2025-12-21,93.1250
MII178700,Novara,2025-12-21,109.1503
MII179224,Nuoro,2025-12-21,47.0803
MII178003,Onanì,2025-12-21,98.5646
MII179237,Opera,2025-12-21,154.2952
MII179274,Oristano,2025-12-21,101.8939
MII179280,Orvieto,2025-12-21,125.5102
MII179290,Padova,2025-12-21,136.8984
MII179299,Padova Nuovo Complesso,2025-12-21,153.4722
MII179306,Palermo Pagliarelli,2025-12-21,122.8597
MII179324,Palermo Ucciardone,2025-12-21,116.7323
MII179331,Paliano,2025-12-21,37.2549
MII179342,Palmi,2025-12-21,118.4397
MII179353,Paola,2025-12-21,131.8750
MII179364,Parma,2025-12-21,124.0446
MII182910,Pavia,2025-12-21,146.6019
MII179781,Perugia,2025-12-21,156.8182
MII179818,Pesaro,2025-12-21,172.2222
MII179830,Pescara,2025-12-21,161.7284
MII179842,Piacenza,2025-12-21,138.0145
MII179856,Piazza Armerina,2025-12-21,134.0426
MII182919,Pisa,2025-12-21,144.3850
MII179896,Pistoia,2025-12-21,112.0000
MII179913,Pordenone,2025-12-21,137.8378
MII179932,Porto Azzurro,2025-12-21,125.8567
MII179938,Potenza,2025-12-21,155.1402
MII179958,Prato,2025-12-21,110.5166
MII179965,Ragusa,2025-12-21,107.1038
MII179981,Ravenna,2025-12-21,177.5510
MII179988,Reggio Calabria Arghillà,2025-12-21,122.0641
MII179995,Reggio Calabria Giuseppe Panzera,2025-12-21,131.6456
MII182339,Reggio Emilia,2025-12-21,133.7607
MII169535,Rieti,2025-12-21,181.2500
MII180001,Rimini,2025-12-21,141.5254
MII180380,Roma Rebibbia,2025-12-21,110.0000
MII180348,Roma Rebibbia femminile,2025-12-21,148.3607
MII180356,Roma Rebibbia IIIª casa,2025-12-21,82.5758
MII180370,Roma Rebibbia Nuovo Complesso,2025-12-21,154.6816
MII180401,Roma Regina Coeli,2025-12-21,161.2613
MII180415,Rossano,2025-12-21,115.6489
MII180424,Rovigo,2025-12-21,132.0574
MII180426,Salerno,2025-12-21,161.0667
MII180437,Saluzzo,2025-12-21,83.0882
MII180451,San Cataldo,2025-12-21,86.3248
MII180458,San Gimignano,2025-12-21,140.0901
MII180476,San Severo,2025-12-21,152.4590
MII180465,Sanremo,2025-12-21,114.5455
MII181079,Sant'Angelo dei Lombardi,2025-12-21,154.8387
MII180487,Santa Maria Capua Vetere,2025-12-21,151.7751
MII181091,Sassari,2025-12-21,125.0000
MII181109,Sciacca,2025-12-21,100.0000
MII181115,Siena,2025-12-21,129.0909
MII181125,Siracusa,2025-12-21,121.1009
MII181346,Sondrio,2025-12-21,170.8333
MII181358,Spoleto,2025-12-21,108.7719
MII181371,Sulmona,2025-12-21,118.9293
MII181377,Taranto,2025-12-21,186.5116
MII181385,Tempio Pausania,2025-12-21,101.8405
MII181392,Teramo,2025-12-21,184.8606
MII181401,Termini Imerese,2025-12-21,113.6842
MII181407,Terni,2025-12-21,136.3420
MII181417,Tolmezzo,2025-12-21,125.8503
MII181424,Torino,2025-12-21,132.7239
MII181434,Trani,2025-12-21,147.8114
MII181440,Trani femminile,2025-12-21,115.6250
MII181625,Trapani,2025-12-21,118.2377
MII181636,Trento,2025-12-21,93.3649
MII181645,Treviso,2025-12-21,171.2121
MII181661,Trieste,2025-12-21,197.6000
MII181681,Turi,2025-12-21,168.5185
MII181672,Udine,2025-12-21,200.0000
MII181691,Vallo della Lucania,2025-12-21,135.0000
MII181703,Varese,2025-12-21,175.4717
MII181820,Vasto,2025-12-21,68.7179
MII181839,Velletri,2025-12-21,149.2228
MII181847,Venezia Giudecca,2025-12-21,83.0357
MII181863,Venezia Santa Maria Maggiore,2025-12-21,153.4591
MII181870,Verbania,2025-12-21,140.3846
MII181880,Vercelli,2025-12-21,167.4419
MII181891,Verona,2025-12-21,185.0299
MII181908,Vibo Valentia,2025-12-21,120.0000
MII181918,Vicenza,2025-12-21,137.0370
MII181924,Vigevano,2025-12-21,235.7143
MII181934,Viterbo,2025-12-21,172.3457
MII179733,Voghera,2025-12-21,119.0616
MII179876,Volterra,2025-12-21,93.0851
MII158910,Agrigento,2025-12-28,141.6988
MII157783,Alba,2025-12-28,106.3830
MII158919,"Alessandria Cantiello, Gaeta",2025-12-28,102.1459
MII158924,Alessandria San Michele,2025-12-28,38.4615
MII158935,Alghero,2025-12-28,104.4872
MII172277,Altamura,2025-12-28,173.4694
MII158944,Ancona Barcaglione,2025-12-28,101.0000
MII158941,Ancona Montacuto,2025-12-28,131.7647
MII158945,Arbus,2025-12-28,110.3175
MII158948,Arezzo,2025-12-28,177.2727
MII159053,Ariano Irpino,2025-12-28,144.5055
MII159060,Arienzo,2025-12-28,153.4483
MII159065,Ascoli Piceno,2025-12-28,144.1176
MII159069,Asti,2025-12-28,128.7879
MII159314,Augusta,2025-12-28,177.1930
MII172011,Avellino,2025-12-28,134.5912
MII172187,Aversa,2025-12-28,128.6325
MII182440,Avezzano,2025-12-28,152.8302
MII172222,Barcellona Pozzo di Gotto,2025-12-28,89.8438
MII181678,Bari,2025-12-28,169.8473
MII158901,Belluno,2025-12-28,134.1463
MII160204,Benevento,2025-12-28,161.0442
MII172827,Bergamo,2025-12-28,184.6395
MII172332,Biella,2025-12-28,134.8718
MII172344,Bollate,2025-12-28,130.0158
MII172508,Bologna,2025-12-28,172.0000
MII172580,Bolzano,2025-12-28,112.5000
MII172592,Brescia Canton Monbello,2025-12-28,212.0879
MII172610,Brescia Verziano,2025-12-28,183.0986
MII172623,Brindisi,2025-12-28,196.6387
MII172814,Brissogne - Aosta,2025-12-28,85.2273
MII172320,Busto Arsizio,2025-12-28,204.6083
MII172835,Cagliari Uta,2025-12-28,129.5900
MII173006,Caltagirone,2025-12-28,118.6486
MII173063,Caltanissetta,2025-12-28,133.8798
MII173088,Campobasso,2025-12-28,177.4510
MII173101,Carinola,2025-12-28,114.4124
MII173114,Cassino,2025-12-28,171.7391
MII173237,Castelfranco Emilia,2025-12-28,61.0738
MII173259,Castelvetrano,2025-12-28,170.4545
MII173265,Castrovillari,2025-12-28,154.9180
MII173285,Catania Bicocca,2025-12-28,128.6822
MII173301,Catania Piazza Lanza,2025-12-28,165.9498
MII173311,Catanzaro,2025-12-28,105.3712
MII173356,Chiavari,2025-12-28,119.2308
MII173364,Chieti,2025-12-28,174.6835
MII173688,Civitavecchia Giuseppe Passerini,2025-12-28,58.3333
MII172208,Civitavecchia Nuovo Complesso,2025-12-28,176.6571
MII173712,Como,2025-12-28,170.4545
MII173341,Cosenza,2025-12-28,124.5455
MII173747,Cremona,2025-12-28,155.9896
MII173324,Crotone,2025-12-28,107.9365
MII173764,Cuneo,2025-12-28,102.1108
MII173784,Eboli,2025-12-28,83.3333
MII173813,Enna,2025-12-28,141.2500
MII173994,Favignana,2025-12-28,111.2360
MII174501,Fermo,2025-12-28,155.8140
MII174686,Ferrara,2025-12-28,167.4897
MII174825,Firenze Mario Gozzini,2025-12-28,140.5405
MII174720,Firenze Sollicciano,2025-12-28,153.3520
MII176375,Foggia,2025-12-28,215.2318
MII176403,Forlì,2025-12-28,119.2308
MII176414,Fossano,2025-12-28,83.0882
MII176424,Fossombrone,2025-12-28,83.3333
MII176437,Frosinone,2025-12-28,127.6134
MII176451,Gela,2025-12-28,156.2500
MII152284,Genova Marassi,2025-12-28,128.2243
MII176703,Genova Pontedecimo,2025-12-28,152.1277
MII176714,Giarre,2025-12-28,143.3962
MII176719,Gorizia,2025-12-28,131.7460
MII176743,Grosseto,2025-12-28,166.6667
MII176749,Imperia,2025-12-28,109.4340
MII176759,Isernia,2025-12-28,179.5455
MII176771,Isili,2025-12-28,121.4953
MII176781,Ivrea,2025-12-28,147.1910
MII177134,L'Aquila,2025-12-28,75.2252
MII176788,La Spezia,2025-12-28,129.1391
MII177107,Lanciano,2025-12-28,118.8341
MII177118,Lanusei,2025-12-28,115.1515
MII177323,Larino,2025-12-28,145.8716
MII177332,Latina,2025-12-28,189.6104
MII177346,Laureana di Borrello,2025-12-28,121.6216
MII177384,Lauro,2025-12-28,16.0000
MII177420,Lecce,2025-12-28,175.3133
MII177436,Lecco,2025-12-28,153.8462
MII177463,Livorno,2025-12-28,147.6510
MII177498,Livorno Gorgona,2025-12-28,110.1124
MII177996,Locri,2025-12-28,140.0000
MII178027,Lodi,2025-12-28,197.7273
MII178035,Lucca,2025-12-28,255.5556
MII178045,Lucera,2025-12-28,138.7597
MII178072,Mantova,2025-12-28,142.2680
MII178085,Massa,2025-12-28,161.7143
MII178115,Massa Marittima,2025-12-28,114.5833
MII178124,Matera,2025-12-28,163.1148
MII178141,Melfi,2025-12-28,138.8060
MII178148,Messina,2025-12-28,94.5455
MII158895,Milano San Vittore,2025-12-28,237.5350
MII178501,Milano San Vittore femminile,2025-12-28,171.7391
MII178638,Modena,2025-12-28,163.5097
MII178659,Monza,2025-12-28,176.9029
MII178666,Napoli Poggioreale,2025-12-28,164.8276
MII178672,Napoli Secondigliano,2025-12-28,137.5338
MII178681,Noto,2025-12-28,93.1250
MII178700,Novara,2025-12-28,108.4967
MII179224,Nuoro,2025-12-28,46.7153
MII178003,Onanì,2025-12-28,98.5646
MII179237,Opera,2025-12-28,153.5242
MII179274,Oristano,2025-12-28,101.5152
MII179280,Orvieto,2025-12-28,124.4898
MII179290,Padova,2025-12-28,137.4332
MII179299,Padova Nuovo Complesso,2025-12-28,153.4722
MII179306,Palermo Pagliarelli,2025-12-28,122.8597
MII179324,Palermo Ucciardone,2025-12-28,116.1417
MII179331,Paliano,2025-12-28,36.6013
MII179342,Palmi,2025-12-28,117.7305
MII179353,Paola,2025-12-28,130.4348
MII179364,Parma,2025-12-28,123.0892
MII182910,Pavia,2025-12-28,146.8750
MII179781,Perugia,2025-12-28,157.1429
MII179818,Pesaro,2025-12-28,166.6667
MII179830,Pescara,2025-12-28,159.6708
MII179842,Piacenza,2025-12-28,138.6473
MII179856,Piazza Armerina,2025-12-28,134.0426
MII182919,Pisa,2025-12-28,145.9893
MII179896,Pistoia,2025-12-28,116.0000
MII179913,Pordenone,2025-12-28,140.5405
MII179932,Porto Azzurro,2025-12-28,126.7913
MII179938,Potenza,2025-12-28,157.9439
MII179958,Prato,2025-12-28,109.4096
MII179965,Ragusa,2025-12-28,106.0109
MII179981,Ravenna,2025-12-28,175.5102
MII179988,Reggio Calabria Arghillà,2025-12-28,122.4199
MII179995,Reggio Calabria Giuseppe Panzera,2025-12-28,128.2209
MII182339,Reggio Emilia,2025-12-28,132.4786
MII169535,Rieti,2025-12-28,180.9028
MII180001,Rimini,2025-12-28,142.3729
MII180380,Roma Rebibbia,2025-12-28,111.8519
MII180348,Roma Rebibbia femminile,2025-12-28,151.8828
MII180356,Roma Rebibbia IIIª casa,2025-12-28,81.8182
MII180370,Roma Rebibbia Nuovo Complesso,2025-12-28,155.5243
MII180401,Roma Regina Coeli,2025-12-28,160.8108
MII180415,Rossano,2025-12-28,114.5038
MII180424,Rovigo,2025-12-28,133.0144
MII180426,Salerno,2025-12-28,161.9681
MII180437,Saluzzo,2025-12-28,83.3333
MII180451,San Cataldo,2025-12-28,87.1795
MII180458,San Gimignano,2025-12-28,142.3423
MII180476,San Severo,2025-12-28,145.9016
MII180465,Sanremo,2025-12-28,114.5455
MII181079,Sant'Angelo dei Lombardi,2025-12-28,154.0323
MII180487,Santa Maria Capua Vetere,2025-12-28,152.0710
MII181091,Sassari,2025-12-28,125.6579
MII181109,Sciacca,2025-12-28,115.0000
MII181115,Siena,2025-12-28,127.2727
MII181125,Siracusa,2025-12-28,122.2018
MII181346,Sondrio,2025-12-28,170.8333
MII181358,Spoleto,2025-12-28,108.3333
MII181371,Sulmona,2025-12-28,118.3556
MII181377,Taranto,2025-12-28,185.8140
MII181385,Tempio Pausania,2025-12-28,101.8405
MII181392,Teramo,2025-12-28,183.2669
MII181401,Termini Imerese,2025-12-28,110.5263
MII181407,Terni,2025-12-28,136.8171
MII181417,Tolmezzo,2025-12-28,124.4898
MII181424,Torino,2025-12-28,132.8154
MII181434,Trani,2025-12-28,147.8114
MII181440,Trani femminile,2025-12-28,121.8750
MII181625,Trapani,2025-12-28,117.2131
MII181636,Trento,2025-12-28,92.1801
MII181645,Treviso,2025-12-28,171.9697
MII181661,Trieste,2025-12-28,200.8000
MII181681,Turi,2025-12-28,166.6667
MII181672,Udine,2025-12-28,196.7742
MII181691,Vallo della Lucania,2025-12-28,137.5000
MII181703,Varese,2025-12-28,181.1321
MII181820,Vasto,2025-12-28,72.8205
MII181839,Velletri,2025-12-28,148.9637
MII181847,Venezia Giudecca,2025-12-28,83.9286
MII181863,Venezia Santa Maria Maggiore,2025-12-28,150.9434
MII181870,Verbania,2025-12-28,133.9623
MII181880,Vercelli,2025-12-28,169.0141
MII181891,Verona,2025-12-28,185.6287
MII181908,Vibo Valentia,2025-12-28,116.7857
MII181918,Vicenza,2025-12-28,137.7778
MII181924,Vigevano,2025-12-28,228.5714
MII181934,Viterbo,2025-12-28,172.3457
MII179733,Voghera,2025-12-28,118.1818
MII179876,Volterra,2025-12-28,92.5532
MII158910,Agrigento,2026-01-03,140.4669
MII157783,Alba,2026-01-03,106.3830
MII158919,"Alessandria Cantiello, Gaeta",2026-01-03,103.0043
MII158924,Alessandria San Michele,2026-01-03,38.1356
MII158935,Alghero,2026-01-03,105.7692
MII172277,Altamura,2026-01-03,179.5918
MII158944,Ancona Barcaglione,2026-01-03,107.0000
MII158941,Ancona Montacuto,2026-01-03,131.3725
MII158945,Arbus,2026-01-03,109.5238
MII158948,Arezzo,2026-01-03,168.1818
MII159053,Ariano Irpino,2026-01-03,145.0549
MII159060,Arienzo,2026-01-03,153.4483
MII159065,Ascoli Piceno,2026-01-03,143.1373
MII159069,Asti,2026-01-03,127.7778
MII159314,Augusta,2026-01-03,178.0702
MII172011,Avellino,2026-01-03,133.9623
MII172187,Aversa,2026-01-03,128.6325
MII182440,Avezzano,2026-01-03,160.3774
MII172222,Barcellona Pozzo di Gotto,2026-01-03,89.0625
MII181678,Bari,2026-01-03,167.5573
MII158901,Belluno,2026-01-03,131.7073
MII160204,Benevento,2026-01-03,160.2410
MII172827,Bergamo,2026-01-03,186.5204
MII172332,Biella,2026-01-03,135.3846
MII172344,Bollate,2026-01-03,130.1500
MII172508,Bologna,2026-01-03,172.6000
MII172580,Bolzano,2026-01-03,110.2273
MII172592,Brescia Canton Monbello,2026-01-03,213.7363
MII172610,Brescia Verziano,2026-01-03,183.0986
MII172623,Brindisi,2026-01-03,198.3193
MII172814,Brissogne - Aosta,2026-01-03,84.8315
MII172320,Busto Arsizio,2026-01-03,207.3733
MII172835,Cagliari Uta,2026-01-03,131.5508
MII173006,Caltagirone,2026-01-03,119.1892
MII173063,Caltanissetta,2026-01-03,135.5191
MII173088,Campobasso,2026-01-03,178.4314
MII173101,Carinola,2026-01-03,114.1907
MII173114,Cassino,2026-01-03,172.8261
MII173237,Castelfranco Emilia,2026-01-03,62.4161
MII173259,Castelvetrano,2026-01-03,168.1818
MII173265,Castrovillari,2026-01-03,155.7377
MII173285,Catania Bicocca,2026-01-03,128.6822
MII173301,Catania Piazza Lanza,2026-01-03,163.0824
MII173311,Catanzaro,2026-01-03,103.4321
MII173356,Chiavari,2026-01-03,117.3077
MII173364,Chieti,2026-01-03,178.4810
MII173688,Civitavecchia Giuseppe Passerini,2026-01-03,59.0278
MII172208,Civitavecchia Nuovo Complesso,2026-01-03,176.6571
MII173712,Como,2026-01-03,166.9683
MII173341,Cosenza,2026-01-03,125.4545
MII173747,Cremona,2026-01-03,157.5521
MII173324,Crotone,2026-01-03,109.5238
MII173764,Cuneo,2026-01-03,102.1108
MII173784,Eboli,2026-01-03,83.3333
MII173813,Enna,2026-01-03,140.6250
MII173994,Favignana,2026-01-03,119.1011
MII174501,Fermo,2026-01-03,151.1628
MII174686,Ferrara,2026-01-03,168.7243
MII174825,Firenze Mario Gozzini,2026-01-03,141.8919
MII174720,Firenze Sollicciano,2026-01-03,155.8659
MII176375,Foggia,2026-01-03,214.2384
MII176403,Forlì,2026-01-03,120.0000
MII176414,Fossano,2026-01-03,83.0882
MII176424,Fossombrone,2026-01-03,83.3333
MII176437,Frosinone,2026-01-03,127.4162
MII176451,Gela,2026-01-03,156.2500
MII152284,Genova Marassi,2026-01-03,129.1589
MII176703,Genova Pontedecimo,2026-01-03,155.3191
MII176714,Giarre,2026-01-03,143.3962
MII176719,Gorizia,2026-01-03,128.5714
MII176743,Grosseto,2026-01-03,166.6667
MII176749,Imperia,2026-01-03,111.3208
MII176759,Isernia,2026-01-03,177.2727
MII176771,Isili,2026-01-03,120.5607
MII176781,Ivrea,2026-01-03,148.8764
MII177134,L'Aquila,2026-01-03,75.6757
MII176788,La Spezia,2026-01-03,129.1391
MII177107,Lanciano,2026-01-03,119.2825
MII177118,Lanusei,2026-01-03,118.1818
MII177323,Larino,2026-01-03,147.7064
MII177332,Latina,2026-01-03,189.6104
MII177346,Laureana di Borrello,2026-01-03,121.6216
MII177384,Lauro,2026-01-03,16.0000
MII177420,Lecce,2026-01-03,175.3133
MII177436,Lecco,2026-01-03,155.7692
MII177463,Livorno,2026-01-03,151.6779
MII177498,Livorno Gorgona,2026-01-03,110.1124
MII177996,Locri,2026-01-03,136.2500
MII178027,Lodi,2026-01-03,200.0000
MII178035,Lucca,2026-01-03,255.5556
MII178045,Lucera,2026-01-03,137.9845
MII178072,Mantova,2026-01-03,146.3918
MII178085,Massa,2026-01-03,159.4286
MII178115,Massa Marittima,2026-01-03,110.4167
MII178124,Matera,2026-01-03,164.7541
MII178141,Melfi,2026-01-03,138.8060
MII178148,Messina,2026-01-03,95.9091
MII158895,Milano San Vittore,2026-01-03,237.8151
MII178501,Milano San Vittore femminile,2026-01-03,169.5652
MII178638,Modena,2026-01-03,163.2312
MII178659,Monza,2026-01-03,175.0000
MII178666,Napoli Poggioreale,2026-01-03,165.9004
MII178672,Napoli Secondigliano,2026-01-03,137.2637
MII178681,Noto,2026-01-03,92.5000
MII178700,Novara,2026-01-03,107.6923
MII179224,Nuoro,2026-01-03,15.6934
MII178003,Onanì,2026-01-03,100.0000
MII179237,Opera,2026-01-03,154.4053
MII179274,Oristano,2026-01-03,112.1212
MII179280,Orvieto,2026-01-03,125.5102
MII179290,Padova,2026-01-03,139.5722
MII179299,Padova Nuovo Complesso,2026-01-03,154.1667
MII179306,Palermo Pagliarelli,2026-01-03,123.3151
MII179324,Palermo Ucciardone,2026-01-03,116.5354
MII179331,Paliano,2026-01-03,37.2549
MII179342,Palmi,2026-01-03,117.0213
MII179353,Paola,2026-01-03,130.4348
MII179364,Parma,2026-01-03,122.7707
MII182910,Pavia,2026-01-03,147.6563
MII179781,Perugia,2026-01-03,158.3062
MII179818,Pesaro,2026-01-03,167.3611
MII179830,Pescara,2026-01-03,158.8477
MII179842,Piacenza,2026-01-03,137.9227
MII179856,Piazza Armerina,2026-01-03,134.0426
MII182919,Pisa,2026-01-03,144.3850
MII179896,Pistoia,2026-01-03,114.6667
MII179913,Pordenone,2026-01-03,137.8378
MII179932,Porto Azzurro,2026-01-03,126.4798
MII179938,Potenza,2026-01-03,158.8785
MII179958,Prato,2026-01-03,110.1476
MII179965,Ragusa,2026-01-03,106.0109
MII179981,Ravenna,2026-01-03,177.5510
MII179988,Reggio Calabria Arghillà,2026-01-03,122.0641
MII179995,Reggio Calabria Giuseppe Panzera,2026-01-03,128.8344
MII182339,Reggio Emilia,2026-01-03,131.1966
MII169535,Rieti,2026-01-03,180.2083
MII180001,Rimini,2026-01-03,144.0678
MII180380,Roma Rebibbia,2026-01-03,108.8889
MII180348,Roma Rebibbia femminile,2026-01-03,154.8117
MII180356,Roma Rebibbia IIIª casa,2026-01-03,82.5758
MII180370,Roma Rebibbia Nuovo Complesso,2026-01-03,156.2734
MII180401,Roma Regina Coeli,2026-01-03,159.6847
MII180415,Rossano,2026-01-03,114.1221
MII180424,Rovigo,2026-01-03,133.0144
MII180426,Salerno,2026-01-03,163.2979
MII180437,Saluzzo,2026-01-03,83.5784
MII180451,San Cataldo,2026-01-03,86.3248
MII180458,San Gimignano,2026-01-03,142.7928
MII180476,San Severo,2026-01-03,142.6230
MII180465,Sanremo,2026-01-03,113.1818
MII181079,Sant'Angelo dei Lombardi,2026-01-03,153.2258
MII180487,Santa Maria Capua Vetere,2026-01-03,150.5917
MII181091,Sassari,2026-01-03,126.7544
MII181109,Sciacca,2026-01-03,115.0000
MII181115,Siena,2026-01-03,116.3636
MII181125,Siracusa,2026-01-03,120.5505
MII181346,Sondrio,2026-01-03,166.6667
MII181358,Spoleto,2026-01-03,109.6491
MII181371,Sulmona,2026-01-03,117.9732
MII181377,Taranto,2026-01-03,186.2791
MII181385,Tempio Pausania,2026-01-03,118.4049
MII181392,Teramo,2026-01-03,182.0717
MII181401,Termini Imerese,2026-01-03,108.4211
MII181407,Terni,2026-01-03,137.2922
MII181417,Tolmezzo,2026-01-03,127.2109
MII181424,Torino,2026-01-03,132.8154
MII181434,Trani,2026-01-03,145.7912
MII181440,Trani femminile,2026-01-03,118.7500
MII181625,Trapani,2026-01-03,118.6475
MII181636,Trento,2026-01-03,93.0952
MII181645,Treviso,2026-01-03,173.4848
MII181661,Trieste,2026-01-03,200.0000
MII181681,Turi,2026-01-03,167.5926
MII181672,Udine,2026-01-03,195.6989
MII181691,Vallo della Lucania,2026-01-03,137.5000
MII181703,Varese,2026-01-03,190.5660
MII181820,Vasto,2026-01-03,71.7949
MII181839,Velletri,2026-01-03,148.7047
MII181847,Venezia Giudecca,2026-01-03,83.0357
MII181863,Venezia Santa Maria Maggiore,2026-01-03,154.7170
MII181870,Verbania,2026-01-03,132.0755
MII181880,Vercelli,2026-01-03,165.1163
MII181891,Verona,2026-01-03,186.2275
MII181908,Vibo Valentia,2026-01-03,116.4286
MII181918,Vicenza,2026-01-03,139.1791
MII181924,Vigevano,2026-01-03,213.3333
MII181934,Viterbo,2026-01-03,173.3333
MII179733,Voghera,2026-01-03,117.0088
MII179876,Volterra,2026-01-03,92.0213
MII158910,Agrigento,2026-01-11,139.6887
MII157783,Alba,2026-01-11,108.5106
MII158919,"Alessandria Cantiello, Gaeta",2026-01-11,105.2632
MII158924,Alessandria San Michele,2026-01-11,50.0000
MII158935,Alghero,2026-01-11,105.1282
MII172277,Altamura,2026-01-11,175.5102
MII158944,Ancona Barcaglione,2026-01-11,108.0000
MII158941,Ancona Montacuto,2026-01-11,132.1569
MII158945,Arbus,2026-01-11,107.9365
MII158948,Arezzo,2026-01-11,154.5455
MII159053,Ariano Irpino,2026-01-11,144.5055
MII159060,Arienzo,2026-01-11,153.4483
MII159065,Ascoli Piceno,2026-01-11,139.2157
MII159069,Asti,2026-01-11,130.8081
MII159314,Augusta,2026-01-11,178.6550
MII172011,Avellino,2026-01-11,132.9140
MII172187,Aversa,2026-01-11,129.9145
MII182440,Avezzano,2026-01-11,149.0566
MII172222,Barcellona Pozzo di Gotto,2026-01-11,91.4063
MII181678,Bari,2026-01-11,166.0305
MII158901,Belluno,2026-01-11,129.2683
MII160204,Benevento,2026-01-11,160.8871
MII172827,Bergamo,2026-01-11,187.4608
MII172332,Biella,2026-01-11,136.4103
MII172344,Bollate,2026-01-11,130.0710
MII172508,Bologna,2026-01-11,173.1855
MII172580,Bolzano,2026-01-11,109.0909
MII172592,Brescia Canton Monbello,2026-01-11,217.0330
MII172610,Brescia Verziano,2026-01-11,184.5070
MII172623,Brindisi,2026-01-11,193.2773
MII172814,Brissogne - Aosta,2026-01-11,84.2697
MII172320,Busto Arsizio,2026-01-11,209.2166
MII172835,Cagliari Uta,2026-01-11,132.2638
MII173006,Caltagirone,2026-01-11,117.8378
MII173063,Caltanissetta,2026-01-11,136.0656
MII173088,Campobasso,2026-01-11,176.4706
MII173101,Carinola,2026-01-11,113.3038
MII173114,Cassino,2026-01-11,177.1739
MII173237,Castelfranco Emilia,2026-01-11,64.4295
MII173259,Castelvetrano,2026-01-11,163.6364
MII173265,Castrovillari,2026-01-11,158.1967
MII173285,Catania Bicocca,2026-01-11,133.3333
MII173301,Catania Piazza Lanza,2026-01-11,164.7482
MII173311,Catanzaro,2026-01-11,103.1201
MII173356,Chiavari,2026-01-11,113.4615
MII173364,Chieti,2026-01-11,175.9494
MII173688,Civitavecchia Giuseppe Passerini,2026-01-11,67.3611
MII172208,Civitavecchia Nuovo Complesso,2026-01-11,172.9107
MII173712,Como,2026-01-11,168.7783
MII173341,Cosenza,2026-01-11,127.7273
MII173747,Cremona,2026-01-11,160.9375
MII173324,Crotone,2026-01-11,114.2857
MII173764,Cuneo,2026-01-11,102.1108
MII173784,Eboli,2026-01-11,81.4815
MII173813,Enna,2026-01-11,138.1250
MII173994,Favignana,2026-01-11,115.7303
MII174501,Fermo,2026-01-11,155.8140
MII174686,Ferrara,2026-01-11,167.9012
MII174825,Firenze Mario Gozzini,2026-01-11,140.5405
MII174720,Firenze Sollicciano,2026-01-11,156.1453
MII176375,Foggia,2026-01-11,215.5629
MII176403,Forlì,2026-01-11,122.3077
MII176414,Fossano,2026-01-11,84.5588
MII176424,Fossombrone,2026-01-11,87.8205
MII176437,Frosinone,2026-01-11,127.2189
MII176451,Gela,2026-01-11,156.2500
MII152284,Genova Marassi,2026-01-11,129.3458
MII176703,Genova Pontedecimo,2026-01-11,153.1915
MII176714,Giarre,2026-01-11,139.6226
MII176719,Gorizia,2026-01-11,122.2222
MII176743,Grosseto,2026-01-11,166.6667
MII176749,Imperia,2026-01-11,113.2075
MII176759,Isernia,2026-01-11,181.8182
MII176771,Isili,2026-01-11,120.5607
MII176781,Ivrea,2026-01-11,147.1910
MII177134,L'Aquila,2026-01-11,75.2252
MII176788,La Spezia,2026-01-11,129.1391
MII177107,Lanciano,2026-01-11,118.3857
MII177118,Lanusei,2026-01-11,115.1515
MII177323,Larino,2026-01-11,144.9541
MII177332,Latina,2026-01-11,185.7143
MII177346,Laureana di Borrello,2026-01-11,121.6216
MII177384,Lauro,2026-01-11,14.0000
MII177420,Lecce,2026-01-11,176.1905
MII177436,Lecco,2026-01-11,165.3846
MII177463,Livorno,2026-01-11,149.6644
MII177498,Livorno Gorgona,2026-01-11,112.3596
MII177996,Locri,2026-01-11,137.5000
MII178027,Lodi,2026-01-11,200.0000
MII178035,Lucca,2026-01-11,241.6667
MII178045,Lucera,2026-01-11,137.9845
MII178072,Mantova,2026-01-11,144.3299
MII178085,Massa,2026-01-11,158.2857
MII178115,Massa Marittima,2026-01-11,108.3333
MII178124,Matera,2026-01-11,159.0164
MII178141,Melfi,2026-01-11,138.8060
MII178148,Messina,2026-01-11,98.6364
MII158895,Milano San Vittore,2026-01-11,236.6947
MII178501,Milano San Vittore femminile,2026-01-11,178.2609
MII178638,Modena,2026-01-11,159.6100
MII178659,Monza,2026-01-11,176.3780
MII178666,Napoli Poggioreale,2026-01-11,166.1574
MII178672,Napoli Secondigliano,2026-01-11,137.8938
MII178681,Noto,2026-01-11,93.1250
MII178700,Novara,2026-01-11,108.3333
MII179224,Nuoro,2026-01-11,13.1387
MII178003,Onanì,2026-01-11,99.0431
MII179237,Opera,2026-01-11,154.8458
MII179274,Oristano,2026-01-11,104.5455
MII179280,Orvieto,2026-01-11,126.5306
MII179290,Padova,2026-01-11,143.8503
MII179299,Padova Nuovo Complesso,2026-01-11,154.1667
MII179306,Palermo Pagliarelli,2026-01-11,122.9508
MII179324,Palermo Ucciardone,2026-01-11,116.5354
MII179331,Paliano,2026-01-11,36.6013
MII179342,Palmi,2026-01-11,115.6028
MII179353,Paola,2026-01-11,129.8137
MII179364,Parma,2026-01-11,122.4165
MII182910,Pavia,2026-01-11,151.6832
MII179781,Perugia,2026-01-11,160.7843
MII179818,Pesaro,2026-01-11,168.7500
MII179830,Pescara,2026-01-11,158.4362
MII179842,Piacenza,2026-01-11,136.7150
MII179856,Piazza Armerina,2026-01-11,129.7872
MII182919,Pisa,2026-01-11,144.3850
MII179896,Pistoia,2026-01-11,124.3243
MII179913,Pordenone,2026-01-11,137.8378
MII179932,Porto Azzurro,2026-01-11,125.8567
MII179938,Potenza,2026-01-11,160.7477
MII179958,Prato,2026-01-11,110.1476
MII179965,Ragusa,2026-01-11,107.1038
MII179981,Ravenna,2026-01-11,179.5918
MII179988,Reggio Calabria Arghillà,2026-01-11,120.2847
MII179995,Reggio Calabria Giuseppe Panzera,2026-01-11,127.6074
MII182339,Reggio Emilia,2026-01-11,131.7597
MII169535,Rieti,2026-01-11,180.9028
MII180001,Rimini,2026-01-11,144.9153
MII180380,Roma Rebibbia,2026-01-11,108.5821
MII180348,Roma Rebibbia femminile,2026-01-11,157.2034
MII180356,Roma Rebibbia IIIª casa,2026-01-11,82.5758
MII180370,Roma Rebibbia Nuovo Complesso,2026-01-11,155.8052
MII180401,Roma Regina Coeli,2026-01-11,162.3874
MII180415,Rossano,2026-01-11,115.2672
MII180424,Rovigo,2026-01-11,132.5359
MII180426,Salerno,2026-01-11,163.5638
MII180437,Saluzzo,2026-01-11,83.8235
MII180451,San Cataldo,2026-01-11,84.6154
MII180458,San Gimignano,2026-01-11,140.5405
MII180476,San Severo,2026-01-11,145.9016
MII180465,Sanremo,2026-01-11,113.6364
MII181079,Sant'Angelo dei Lombardi,2026-01-11,155.6452
MII180487,Santa Maria Capua Vetere,2026-01-11,151.1834
MII181091,Sassari,2026-01-11,126.5351
MII181109,Sciacca,2026-01-11,110.0000
MII181115,Siena,2026-01-11,118.1818
MII181125,Siracusa,2026-01-11,118.8991
MII181346,Sondrio,2026-01-11,179.1667
MII181358,Spoleto,2026-01-11,110.0877
MII181371,Sulmona,2026-01-11,119.1205
MII181377,Taranto,2026-01-11,187.2093
MII181385,Tempio Pausania,2026-01-11,104.9080
MII181392,Teramo,2026-01-11,179.2829
MII181401,Termini Imerese,2026-01-11,109.4737
MII181407,Terni,2026-01-11,139.6675
MII181417,Tolmezzo,2026-01-11,129.2517
MII181424,Torino,2026-01-11,132.8154
MII181434,Trani,2026-01-11,146.1279
MII181440,Trani femminile,2026-01-11,118.7500
MII181625,Trapani,2026-01-11,118.4426
MII181636,Trento,2026-01-11,93.0952
MII181645,Treviso,2026-01-11,175.0000
MII181661,Trieste,2026-01-11,194.4000
MII181681,Turi,2026-01-11,166.6667
MII181672,Udine,2026-01-11,198.9130
MII181691,Vallo della Lucania,2026-01-11,137.5000
MII181703,Varese,2026-01-11,196.2264
MII181820,Vasto,2026-01-11,68.9119
MII181839,Velletri,2026-01-11,149.7409
MII181847,Venezia Giudecca,2026-01-11,81.2500
MII181863,Venezia Santa Maria Maggiore,2026-01-11,156.6038
MII181870,Verbania,2026-01-11,133.9623
MII181880,Vercelli,2026-01-11,163.2558
MII181891,Verona,2026-01-11,186.5269
MII181908,Vibo Valentia,2026-01-11,114.3885
MII181918,Vicenza,2026-01-11,139.1791
MII181924,Vigevano,2026-01-11,213.3333
MII181934,Viterbo,2026-01-11,175.5556
MII179733,Voghera,2026-01-11,121.4076
MII179876,Volterra,2026-01-11,93.0851
MII158910,Agrigento,2026-01-18,141.6342
MII157783,Alba,2026-01-18,106.3830
MII158919,"Alessandria Cantiello, Gaeta",2026-01-18,100.4785
MII158924,Alessandria San Michele,2026-01-18,55.9322
MII158935,Alghero,2026-01-18,103.8462
MII172277,Altamura,2026-01-18,171.4286
MII158944,Ancona Barcaglione,2026-01-18,113.0000
MII158941,Ancona Montacuto,2026-01-18,133.7255
MII158945,Arbus,2026-01-18,108.7302
MII158948,Arezzo,2026-01-18,154.5455
MII159053,Ariano Irpino,2026-01-18,143.4066
MII159060,Arienzo,2026-01-18,155.1724
MII159065,Ascoli Piceno,2026-01-18,139.2157
MII159069,Asti,2026-01-18,132.3232
MII159314,Augusta,2026-01-18,178.2991
MII172011,Avellino,2026-01-18,134.3816
MII172187,Aversa,2026-01-18,128.2051
MII182440,Avezzano,2026-01-18,149.0566
MII172222,Barcellona Pozzo di Gotto,2026-01-18,82.8571
MII181678,Bari,2026-01-18,167.9389
MII158901,Belluno,2026-01-18,133.3333
MII160204,Benevento,2026-01-18,160.0806
MII172827,Bergamo,2026-01-18,187.1473
MII172332,Biella,2026-01-18,134.8718
MII172344,Bollate,2026-01-18,130.6235
MII172508,Bologna,2026-01-18,172.6358
MII172580,Bolzano,2026-01-18,109.0909
MII172592,Brescia Canton Monbello,2026-01-18,219.2308
MII172610,Brescia Verziano,2026-01-18,180.2817
MII172623,Brindisi,2026-01-18,197.4790
MII172814,Brissogne - Aosta,2026-01-18,82.6816
MII172320,Busto Arsizio,2026-01-18,210.6481
MII172835,Cagliari Uta,2026-01-18,132.4421
MII173006,Caltagirone,2026-01-18,115.1351
MII173063,Caltanissetta,2026-01-18,133.3333
MII173088,Campobasso,2026-01-18,176.4706
MII173101,Carinola,2026-01-18,112.4169
MII173114,Cassino,2026-01-18,176.0870
MII173237,Castelfranco Emilia,2026-01-18,64.4295
MII173259,Castelvetrano,2026-01-18,165.9091
MII173265,Castrovillari,2026-01-18,160.6557
MII173285,Catania Bicocca,2026-01-18,134.8837
MII173301,Catania Piazza Lanza,2026-01-18,165.5914
MII173311,Catanzaro,2026-01-18,103.7559
MII173356,Chiavari,2026-01-18,111.5385
MII173364,Chieti,2026-01-18,174.6835
MII173688,Civitavecchia Giuseppe Passerini,2026-01-18,65.2778
MII172208,Civitavecchia Nuovo Complesso,2026-01-18,175.7925
MII173712,Como,2026-01-18,165.1584
MII173341,Cosenza,2026-01-18,129.0909
MII173747,Cremona,2026-01-18,161.9792
MII173324,Crotone,2026-01-18,112.6984
MII173764,Cuneo,2026-01-18,101.3263
MII173784,Eboli,2026-01-18,83.3333
MII173813,Enna,2026-01-18,137.5000
MII173994,Favignana,2026-01-18,120.2247
MII174501,Fermo,2026-01-18,158.1395
MII174686,Ferrara,2026-01-18,167.4897
MII174825,Firenze Mario Gozzini,2026-01-18,140.5405
MII174720,Firenze Sollicciano,2026-01-18,158.6592
MII176375,Foggia,2026-01-18,217.5497
MII176403,Forlì,2026-01-18,124.6154
MII176414,Fossano,2026-01-18,83.0882
MII176424,Fossombrone,2026-01-18,87.1795
MII176437,Frosinone,2026-01-18,128.5714
MII176451,Gela,2026-01-18,158.3333
MII152284,Genova Marassi,2026-01-18,128.2243
MII176703,Genova Pontedecimo,2026-01-18,153.1915
MII176714,Giarre,2026-01-18,137.7358
MII176719,Gorizia,2026-01-18,120.6349
MII176743,Grosseto,2026-01-18,180.0000
MII176749,Imperia,2026-01-18,113.2075
MII176759,Isernia,2026-01-18,177.2727
MII176771,Isili,2026-01-18,122.4299
MII176781,Ivrea,2026-01-18,147.4576
MII177134,L'Aquila,2026-01-18,75.2252
MII176788,La Spezia,2026-01-18,136.7347
MII177107,Lanciano,2026-01-18,116.1435
MII177118,Lanusei,2026-01-18,115.1515
MII177323,Larino,2026-01-18,147.7064
MII177332,Latina,2026-01-18,188.3117
MII177346,Laureana di Borrello,2026-01-18,118.9189
MII177384,Lauro,2026-01-18,14.0000
MII177420,Lecce,2026-01-18,176.3158
MII177436,Lecco,2026-01-18,171.1538
MII177463,Livorno,2026-01-18,147.6510
MII177498,Livorno Gorgona,2026-01-18,114.6067
MII177996,Locri,2026-01-18,138.7500
MII178027,Lodi,2026-01-18,209.0909
MII178035,Lucca,2026-01-18,260.0000
MII178045,Lucera,2026-01-18,136.4341
MII178072,Mantova,2026-01-18,148.4536
MII178085,Massa,2026-01-18,160.5714
MII178115,Massa Marittima,2026-01-18,106.2500
MII178124,Matera,2026-01-18,157.3770
MII178141,Melfi,2026-01-18,138.8060
MII178148,Messina,2026-01-18,100.9091
MII158895,Milano San Vittore,2026-01-18,233.3333
MII178501,Milano San Vittore femminile,2026-01-18,180.4348
MII178638,Modena,2026-01-18,157.9387
MII178659,Monza,2026-01-18,179.2105
MII178666,Napoli Poggioreale,2026-01-18,167.0237
MII178672,Napoli Secondigliano,2026-01-18,137.7138
MII178681,Noto,2026-01-18,93.1250
MII178700,Novara,2026-01-18,108.3333
MII179224,Nuoro,2026-01-18,13.8686
MII178003,Onanì,2026-01-18,100.4785
MII179237,Opera,2026-01-18,154.4457
MII179274,Oristano,2026-01-18,104.9242
MII179280,Orvieto,2026-01-18,127.5510
MII179290,Padova,2026-01-18,136.8984
MII179299,Padova Nuovo Complesso,2026-01-18,153.4722
MII179306,Palermo Pagliarelli,2026-01-18,122.4954
MII179324,Palermo Ucciardone,2026-01-18,115.9449
MII179331,Paliano,2026-01-18,37.9085
MII179342,Palmi,2026-01-18,112.0567
MII179353,Paola,2026-01-18,129.1925
MII179364,Parma,2026-01-18,122.2576
MII182910,Pavia,2026-01-18,152.0710
MII179781,Perugia,2026-01-18,158.3062
MII179818,Pesaro,2026-01-18,162.5000
MII179830,Pescara,2026-01-18,157.2016
MII179842,Piacenza,2026-01-18,135.0242
MII179856,Piazza Armerina,2026-01-18,127.6596
MII182919,Pisa,2026-01-18,147.5936
MII179896,Pistoia,2026-01-18,124.0000
MII179913,Pordenone,2026-01-18,145.9459
MII179932,Porto Azzurro,2026-01-18,127.4143
MII179938,Potenza,2026-01-18,157.9439
MII179958,Prato,2026-01-18,108.6716
MII179965,Ragusa,2026-01-18,106.5574
MII179981,Ravenna,2026-01-18,179.5918
MII179988,Reggio Calabria Arghillà,2026-01-18,117.7936
MII179995,Reggio Calabria Giuseppe Panzera,2026-01-18,129.7468
MII182339,Reggio Emilia,2026-01-18,130.3419
MII169535,Rieti,2026-01-18,183.3333
MII180001,Rimini,2026-01-18,141.5254
MII180380,Roma Rebibbia,2026-01-18,106.7669
MII180348,Roma Rebibbia femminile,2026-01-18,156.3559
MII180356,Roma Rebibbia IIIª casa,2026-01-18,81.8182
MII180370,Roma Rebibbia Nuovo Complesso,2026-01-18,157.1161
MII180401,Roma Regina Coeli,2026-01-18,164.1892
MII180415,Rossano,2026-01-18,114.8855
MII180424,Rovigo,2026-01-18,131.1005
MII180426,Salerno,2026-01-18,160.1064
MII180437,Saluzzo,2026-01-18,83.0882
MII180451,San Cataldo,2026-01-18,83.7607
MII180458,San Gimignano,2026-01-18,139.1892
MII180476,San Severo,2026-01-18,145.9016
MII180465,Sanremo,2026-01-18,112.2727
MII181079,Sant'Angelo dei Lombardi,2026-01-18,154.0323
MII180487,Santa Maria Capua Vetere,2026-01-18,152.2189
MII181091,Sassari,2026-01-18,126.0965
MII181109,Sciacca,2026-01-18,100.0000
MII181115,Siena,2026-01-18,116.3636
MII181125,Siracusa,2026-01-18,117.7982
MII181346,Sondrio,2026-01-18,191.6667
MII181358,Spoleto,2026-01-18,110.0877
MII181371,Sulmona,2026-01-18,120.2677
MII181377,Taranto,2026-01-18,188.1119
MII181385,Tempio Pausania,2026-01-18,103.6810
MII181392,Teramo,2026-01-18,178.4861
MII181401,Termini Imerese,2026-01-18,111.5789
MII181407,Terni,2026-01-18,138.8626
MII181417,Tolmezzo,2026-01-18,127.8912
MII181424,Torino,2026-01-18,134.8263
MII181434,Trani,2026-01-18,146.1279
MII181440,Trani femminile,2026-01-18,118.7500
MII181625,Trapani,2026-01-18,118.4426
MII181636,Trento,2026-01-18,94.5498
MII181645,Treviso,2026-01-18,178.7879
MII181661,Trieste,2026-01-18,186.4000
MII181681,Turi,2026-01-18,167.5926
MII181672,Udine,2026-01-18,189.3617
MII181691,Vallo della Lucania,2026-01-18,142.5000
MII181703,Varese,2026-01-18,194.3396
MII181820,Vasto,2026-01-18,71.2042
MII181839,Velletri,2026-01-18,151.8135
MII181847,Venezia Giudecca,2026-01-18,78.5714
MII181863,Venezia Santa Maria Maggiore,2026-01-18,158.4906
MII181870,Verbania,2026-01-18,139.6226
MII181880,Vercelli,2026-01-18,163.3028
MII181891,Verona,2026-01-18,184.7305
MII181908,Vibo Valentia,2026-01-18,113.2143
MII181918,Vicenza,2026-01-18,139.5522
MII181924,Vigevano,2026-01-18,220.0000
MII181934,Viterbo,2026-01-18,173.3333
MII179733,Voghera,2026-01-18,120.5882
MII179876,Volterra,2026-01-18,94.1489
MII158910,Agrigento,2026-01-21,139.2996
MII157783,Alba,2026-01-21,106.3830
MII158919,"Alessandria Cantiello, Gaeta",2026-01-21,100.4785
MII158924,Alessandria San Michele,2026-01-21,55.0847
MII158935,Alghero,2026-01-21,103.8462
MII172277,Altamura,2026-01-21,169.3878
MII158944,Ancona Barcaglione,2026-01-21,113.0000
MII158941,Ancona Montacuto,2026-01-21,135.2941
MII158945,Arbus,2026-01-21,108.7302
MII158948,Arezzo,2026-01-21,154.5455
MII159053,Ariano Irpino,2026-01-21,141.2088
MII159060,Arienzo,2026-01-21,158.6207
MII159065,Ascoli Piceno,2026-01-21,141.1765
MII159069,Asti,2026-01-21,131.3131
MII159314,Augusta,2026-01-21,177.4194
MII172011,Avellino,2026-01-21,134.1719
MII172187,Aversa,2026-01-21,129.0598
MII182440,Avezzano,2026-01-21,147.1698
MII172222,Barcellona Pozzo di Gotto,2026-01-21,82.5000
MII181678,Bari,2026-01-21,166.4122
MII158901,Belluno,2026-01-21,134.5679
MII160204,Benevento,2026-01-21,158.8710
MII172827,Bergamo,2026-01-21,186.2069
MII172332,Biella,2026-01-21,135.3846
MII172344,Bollate,2026-01-21,130.9392
MII172508,Bologna,2026-01-21,174.2972
MII172580,Bolzano,2026-01-21,110.2273
MII172592,Brescia Canton Monbello,2026-01-21,215.3846
MII172610,Brescia Verziano,2026-01-21,178.8732
MII172623,Brindisi,2026-01-21,197.4790
MII172814,Brissogne - Aosta,2026-01-21,83.1461
MII172320,Busto Arsizio,2026-01-21,210.1852
MII172835,Cagliari Uta,2026-01-21,132.2638
MII173006,Caltagirone,2026-01-21,113.1016
MII173063,Caltanissetta,2026-01-21,131.1475
MII173088,Campobasso,2026-01-21,180.0000
MII173101,Carinola,2026-01-21,112.1951
MII173114,Cassino,2026-01-21,173.9130
MII173237,Castelfranco Emilia,2026-01-21,65.7718
MII173259,Castelvetrano,2026-01-21,163.6364
MII173265,Castrovillari,2026-01-21,159.0164
MII173285,Catania Bicocca,2026-01-21,137.2093
MII173301,Catania Piazza Lanza,2026-01-21,167.0251
MII173311,Catanzaro,2026-01-21,99.8496
MII173356,Chiavari,2026-01-21,109.6154
MII173364,Chieti,2026-01-21,175.9494
MII173688,Civitavecchia Giuseppe Passerini,2026-01-21,64.5833
MII172208,Civitavecchia Nuovo Complesso,2026-01-21,176.0807
MII173712,Como,2026-01-21,166.0633
MII173341,Cosenza,2026-01-21,128.1818
MII173747,Cremona,2026-01-21,161.4583
MII173324,Crotone,2026-01-21,115.8730
MII173764,Cuneo,2026-01-21,102.9255
MII173784,Eboli,2026-01-21,83.3333
MII173813,Enna,2026-01-21,145.0980
MII173994,Favignana,2026-01-21,119.1011
MII174501,Fermo,2026-01-21,153.4884
MII174686,Ferrara,2026-01-21,166.2551
MII174825,Firenze Mario Gozzini,2026-01-21,137.8378
MII174720,Firenze Sollicciano,2026-01-21,158.9385
MII176375,Foggia,2026-01-21,217.2185
MII176403,Forlì,2026-01-21,126.1538
MII176414,Fossano,2026-01-21,82.3529
MII176424,Fossombrone,2026-01-21,87.8205
MII176437,Frosinone,2026-01-21,128.5714
MII176451,Gela,2026-01-21,158.3333
MII152284,Genova Marassi,2026-01-21,126.9159
MII176703,Genova Pontedecimo,2026-01-21,155.3191
MII176714,Giarre,2026-01-21,135.8491
MII176719,Gorizia,2026-01-21,123.8095
MII176743,Grosseto,2026-01-21,180.0000
MII176749,Imperia,2026-01-21,111.3208
MII176759,Isernia,2026-01-21,181.8182
MII176771,Isili,2026-01-21,121.4953
MII176781,Ivrea,2026-01-21,148.5876
MII177134,L'Aquila,2026-01-21,75.2252
MII176788,La Spezia,2026-01-21,139.4558
MII177107,Lanciano,2026-01-21,116.5919
MII177118,Lanusei,2026-01-21,115.1515
MII177323,Larino,2026-01-21,146.7890
MII177332,Latina,2026-01-21,187.0130
MII177346,Laureana di Borrello,2026-01-21,116.2162
MII177384,Lauro,2026-01-21,14.0000
MII177420,Lecce,2026-01-21,175.3133
MII177436,Lecco,2026-01-21,167.3077
MII177463,Livorno,2026-01-21,148.3221
MII177498,Livorno Gorgona,2026-01-21,114.6067
MII177996,Locri,2026-01-21,140.0000
MII178027,Lodi,2026-01-21,209.0909
MII178035,Lucca,2026-01-21,262.8571
MII178045,Lucera,2026-01-21,134.1085
MII178072,Mantova,2026-01-21,147.4227
MII178085,Massa,2026-01-21,161.7143
MII178115,Massa Marittima,2026-01-21,106.2500
MII178124,Matera,2026-01-21,157.3770
MII178141,Melfi,2026-01-21,138.8060
MII178148,Messina,2026-01-21,101.8182
MII158895,Milano San Vittore,2026-01-21,235.0140
MII178501,Milano San Vittore femminile,2026-01-21,182.6087
MII178638,Modena,2026-01-21,157.3816
MII178659,Monza,2026-01-21,178.2152
MII178666,Napoli Poggioreale,2026-01-21,166.4378
MII178672,Napoli Secondigliano,2026-01-21,136.8468
MII178681,Noto,2026-01-21,93.1250
MII178700,Novara,2026-01-21,107.6923
MII179224,Nuoro,2026-01-21,13.8686
MII178003,Onanì,2026-01-21,100.0000
MII179237,Opera,2026-01-21,154.5554
MII179274,Oristano,2026-01-21,105.7252
MII179280,Orvieto,2026-01-21,127.5510
MII179290,Padova,2026-01-21,136.8984
MII179299,Padova Nuovo Complesso,2026-01-21,154.6296
MII179306,Palermo Pagliarelli,2026-01-21,122.4044
MII179324,Palermo Ucciardone,2026-01-21,115.7480
MII179331,Paliano,2026-01-21,37.9085
MII179342,Palmi,2026-01-21,112.7660
MII179353,Paola,2026-01-21,128.5714
MII179364,Parma,2026-01-21,122.5755
MII182910,Pavia,2026-01-21,151.4793
MII179781,Perugia,2026-01-21,160.4575
MII179818,Pesaro,2026-01-21,163.1944
MII179830,Pescara,2026-01-21,154.3210
MII179842,Piacenza,2026-01-21,134.1404
MII179856,Piazza Armerina,2026-01-21,129.7872
MII182919,Pisa,2026-01-21,147.5936
MII179896,Pistoia,2026-01-21,122.6667
MII179913,Pordenone,2026-01-21,140.5405
MII179932,Porto Azzurro,2026-01-21,126.7913
MII179938,Potenza,2026-01-21,157.9439
MII179958,Prato,2026-01-21,109.0406
MII179965,Ragusa,2026-01-21,106.0109
MII179981,Ravenna,2026-01-21,171.4286
MII179988,Reggio Calabria Arghillà,2026-01-21,120.2847
MII179995,Reggio Calabria Giuseppe Panzera,2026-01-21,130.3797
MII182339,Reggio Emilia,2026-01-21,132.9060
MII169535,Rieti,2026-01-21,183.6806
MII180001,Rimini,2026-01-21,139.8305
MII180380,Roma Rebibbia,2026-01-21,106.7669
MII180348,Roma Rebibbia femminile,2026-01-21,157.2034
MII180356,Roma Rebibbia IIIª casa,2026-01-21,81.0606
MII180370,Roma Rebibbia Nuovo Complesso,2026-01-21,156.4607
MII180401,Roma Regina Coeli,2026-01-21,164.1892
MII180415,Rossano,2026-01-21,116.4122
MII180424,Rovigo,2026-01-21,130.1435
MII180426,Salerno,2026-01-21,161.1702
MII180437,Saluzzo,2026-01-21,82.8431
MII180451,San Cataldo,2026-01-21,81.1966
MII180458,San Gimignano,2026-01-21,138.7387
MII180476,San Severo,2026-01-21,144.2623
MII180465,Sanremo,2026-01-21,114.0909
MII181079,Sant'Angelo dei Lombardi,2026-01-21,154.0323
MII180487,Santa Maria Capua Vetere,2026-01-21,152.3669
MII181091,Sassari,2026-01-21,124.7807
MII181109,Sciacca,2026-01-21,95.0000
MII181115,Siena,2026-01-21,114.5455
MII181125,Siracusa,2026-01-21,117.4312
MII181346,Sondrio,2026-01-21,187.5000
MII181358,Spoleto,2026-01-21,109.6491
MII181371,Sulmona,2026-01-21,119.5029
MII181377,Taranto,2026-01-21,188.5781
MII181385,Tempio Pausania,2026-01-21,104.2945
MII181392,Teramo,2026-01-21,178.8845
MII181401,Termini Imerese,2026-01-21,108.4211
MII181407,Terni,2026-01-21,139.0995
MII181417,Tolmezzo,2026-01-21,127.8912
MII181424,Torino,2026-01-21,134.4607
MII181434,Trani,2026-01-21,143.7710
MII181440,Trani femminile,2026-01-21,118.7500
MII181625,Trapani,2026-01-21,117.8279
MII181636,Trento,2026-01-21,93.6019
MII181645,Treviso,2026-01-21,178.0303
MII181661,Trieste,2026-01-21,189.6000
MII181681,Turi,2026-01-21,166.6667
MII181672,Udine,2026-01-21,201.1364
MII181691,Vallo della Lucania,2026-01-21,142.5000
MII181703,Varese,2026-01-21,192.4528
MII181820,Vasto,2026-01-21,71.2042
MII181839,Velletri,2026-01-21,153.1088
MII181847,Venezia Giudecca,2026-01-21,76.7857
MII181863,Venezia Santa Maria Maggiore,2026-01-21,161.0063
MII181870,Verbania,2026-01-21,141.5094
MII181880,Vercelli,2026-01-21,163.3028
MII181891,Verona,2026-01-21,187.1257
MII181908,Vibo Valentia,2026-01-21,112.8571
MII181918,Vicenza,2026-01-21,139.5522
MII181924,Vigevano,2026-01-21,220.0000
MII181934,Viterbo,2026-01-21,172.5926
MII179733,Voghera,2026-01-21,121.1765
MII179876,Volterra,2026-01-21,94.6809
MII158910,Agrigento,2026-02-08,141.3386
MII157783,Alba,2026-02-08,102.1277
MII158919,"Alessandria Cantiello, Gaeta",2026-02-08,90.9871
MII158924,Alessandria San Michele,2026-02-08,58.4746
MII158935,Alghero,2026-02-08,103.8462
MII172277,Altamura,2026-02-08,175.5102
MII158944,Ancona Barcaglione,2026-02-08,107.0000
MII158941,Ancona Montacuto,2026-02-08,135.2941
MII158945,Arbus,2026-02-08,107.9365
MII158948,Arezzo,2026-02-08,172.7273
MII159053,Ariano Irpino,2026-02-08,140.1099
MII159060,Arienzo,2026-02-08,148.2759
MII159065,Ascoli Piceno,2026-02-08,153.0000
MII159069,Asti,2026-02-08,132.8283
MII159314,Augusta,2026-02-08,178.0059
MII172011,Avellino,2026-02-08,138.5744
MII172187,Aversa,2026-02-08,129.9145
MII182440,Avezzano,2026-02-08,149.0566
MII172222,Barcellona Pozzo di Gotto,2026-02-08,85.8657
MII181678,Bari,2026-02-08,169.0840
MII158901,Belluno,2026-02-08,130.4878
MII160204,Benevento,2026-02-08,159.6774
MII172827,Bergamo,2026-02-08,187.7743
MII172332,Biella,2026-02-08,132.8205
MII172344,Bollate,2026-02-08,131.0182
MII172508,Bologna,2026-02-08,176.2097
MII172580,Bolzano,2026-02-08,113.6364
MII172592,Brescia Canton Monbello,2026-02-08,220.3297
MII172610,Brescia Verziano,2026-02-08,174.6479
MII172623,Brindisi,2026-02-08,150.0000
MII172814,Brissogne - Aosta,2026-02-08,84.8315
MII172320,Busto Arsizio,2026-02-08,206.9444
MII172835,Cagliari Uta,2026-02-08,132.2638
MII173006,Caltagirone,2026-02-08,117.3333
MII173063,Caltanissetta,2026-02-08,133.3333
MII173088,Campobasso,2026-02-08,187.0000
MII173101,Carinola,2026-02-08,112.8603
MII173114,Cassino,2026-02-08,164.1304
MII173237,Castelfranco Emilia,2026-02-08,66.4430
MII173259,Castelvetrano,2026-02-08,161.3636
MII173265,Castrovillari,2026-02-08,164.7541
MII173285,Catania Bicocca,2026-02-08,130.7692
MII173301,Catania Piazza Lanza,2026-02-08,169.0647
MII173311,Catanzaro,2026-02-08,103.8700
MII173356,Chiavari,2026-02-08,107.6923
MII173364,Chieti,2026-02-08,177.2152
MII173688,Civitavecchia Giuseppe Passerini,2026-02-08,59.7222
MII172208,Civitavecchia Nuovo Complesso,2026-02-08,176.3689
MII173712,Como,2026-02-08,168.3258
MII173341,Cosenza,2026-02-08,128.1106
MII173747,Cremona,2026-02-08,163.2813
MII173324,Crotone,2026-02-08,120.6349
MII173764,Cuneo,2026-02-08,102.0942
MII173784,Eboli,2026-02-08,75.9259
MII173813,Enna,2026-02-08,150.6849
MII173994,Favignana,2026-02-08,121.5909
MII174501,Fermo,2026-02-08,167.4419
MII174686,Ferrara,2026-02-08,163.3745
MII174825,Firenze Mario Gozzini,2026-02-08,141.8919
MII174720,Firenze Sollicciano,2026-02-08,154.6196
MII176375,Foggia,2026-02-08,217.2185
MII176403,Forlì,2026-02-08,122.3077
MII176414,Fossano,2026-02-08,81.6176
MII176424,Fossombrone,2026-02-08,90.3846
MII176437,Frosinone,2026-02-08,127.1630
MII176451,Gela,2026-02-08,158.3333
MII152284,Genova Marassi,2026-02-08,124.8598
MII176703,Genova Pontedecimo,2026-02-08,154.2553
MII176714,Giarre,2026-02-08,163.0435
MII176719,Gorizia,2026-02-08,131.7460
MII176743,Grosseto,2026-02-08,173.3333
MII176749,Imperia,2026-02-08,113.2075
MII176759,Isernia,2026-02-08,168.1818
MII176771,Isili,2026-02-08,124.2991
MII176781,Ivrea,2026-02-08,148.5714
MII177134,L'Aquila,2026-02-08,74.7748
MII176788,La Spezia,2026-02-08,136.4238
MII177107,Lanciano,2026-02-08,117.4888
MII177118,Lanusei,2026-02-08,109.0909
MII177323,Larino,2026-02-08,148.6239
MII177332,Latina,2026-02-08,196.1039
MII177346,Laureana di Borrello,2026-02-08,116.2162
MII177384,Lauro,2026-02-08,12.0000
MII177420,Lecce,2026-02-08,174.3108
MII177436,Lecco,2026-02-08,173.0769
MII177463,Livorno,2026-02-08,148.3221
MII177498,Livorno Gorgona,2026-02-08,115.7303
MII177996,Locri,2026-02-08,133.7500
MII178027,Lodi,2026-02-08,200.0000
MII178035,Lucca,2026-02-08,257.1429
MII178045,Lucera,2026-02-08,133.3333
MII178072,Mantova,2026-02-08,151.5464
MII178085,Massa,2026-02-08,162.2857
MII178115,Massa Marittima,2026-02-08,112.5000
MII178124,Matera,2026-02-08,159.0164
MII178141,Melfi,2026-02-08,138.8060
MII178148,Messina,2026-02-08,102.7273
MII158895,Milano San Vittore,2026-02-08,239.4958
MII178501,Milano San Vittore femminile,2026-02-08,167.3913
MII178638,Modena,2026-02-08,160.4457
MII178659,Monza,2026-02-08,182.8125
MII178666,Napoli Poggioreale,2026-02-08,167.0982
MII178672,Napoli Secondigliano,2026-02-08,137.8038
MII178681,Noto,2026-02-08,91.2500
MII178700,Novara,2026-02-08,112.1795
MII179224,Nuoro,2026-02-08,14.2336
MII178003,Onanì,2026-02-08,97.1292
MII179237,Opera,2026-02-08,155.6531
MII179274,Oristano,2026-02-08,101.5267
MII179280,Orvieto,2026-02-08,126.5306
MII179290,Padova,2026-02-08,137.2340
MII179299,Padova Nuovo Complesso,2026-02-08,150.2315
MII179306,Palermo Pagliarelli,2026-02-08,122.0401
MII179324,Palermo Ucciardone,2026-02-08,115.3242
MII179331,Paliano,2026-02-08,37.2549
MII179342,Palmi,2026-02-08,121.2766
MII179353,Paola,2026-02-08,128.7500
MII179364,Parma,2026-02-08,122.7200
MII182910,Pavia,2026-02-08,151.9608
MII179781,Perugia,2026-02-08,161.1111
MII179818,Pesaro,2026-02-08,168.0556
MII179830,Pescara,2026-02-08,154.7325
MII179842,Piacenza,2026-02-08,131.9613
MII179856,Piazza Armerina,2026-02-08,131.9149
MII182919,Pisa,2026-02-08,145.4545
MII179896,Pistoia,2026-02-08,118.6667
MII179913,Pordenone,2026-02-08,143.2432
MII179932,Porto Azzurro,2026-02-08,123.9875
MII179938,Potenza,2026-02-08,157.0093
MII179958,Prato,2026-02-08,109.4096
MII179965,Ragusa,2026-02-08,103.2787
MII179981,Ravenna,2026-02-08,175.5102
MII179988,Reggio Calabria Arghillà,2026-02-08,118.9964
MII179995,Reggio Calabria Giuseppe Panzera,2026-02-08,127.9503
MII182339,Reggio Emilia,2026-02-08,132.4786
MII169535,Rieti,2026-02-08,182.0069
MII180001,Rimini,2026-02-08,137.2881
MII180380,Roma Rebibbia,2026-02-08,108.2707
MII180348,Roma Rebibbia femminile,2026-02-08,153.3333
MII180356,Roma Rebibbia IIIª casa,2026-02-08,78.0303
MII180370,Roma Rebibbia Nuovo Complesso,2026-02-08,156.2734
MII180401,Roma Regina Coeli,2026-02-08,167.7928
MII180415,Rossano,2026-02-08,115.6489
MII180424,Rovigo,2026-02-08,137.1981
MII180426,Salerno,2026-02-08,162.5000
MII180437,Saluzzo,2026-02-08,82.3961
MII180451,San Cataldo,2026-02-08,78.6325
MII180458,San Gimignano,2026-02-08,141.4414
MII180476,San Severo,2026-02-08,144.2623
MII180465,Sanremo,2026-02-08,115.4545
MII181079,Sant'Angelo dei Lombardi,2026-02-08,156.4516
MII180487,Santa Maria Capua Vetere,2026-02-08,153.1065
MII181091,Sassari,2026-02-08,124.7807
MII181109,Sciacca,2026-02-08,90.0000
MII181115,Siena,2026-02-08,120.0000
MII181125,Siracusa,2026-02-08,120.3670
MII181346,Sondrio,2026-02-08,200.0000
MII181358,Spoleto,2026-02-08,109.4298
MII181371,Sulmona,2026-02-08,125.8126
MII181377,Taranto,2026-02-08,191.6084
MII181385,Tempio Pausania,2026-02-08,103.6810
MII181392,Teramo,2026-02-08,178.8845
MII181401,Termini Imerese,2026-02-08,109.4737
MII181407,Terni,2026-02-08,139.3365
MII181417,Tolmezzo,2026-02-08,124.4898
MII181424,Torino,2026-02-08,135.2834
MII181434,Trani,2026-02-08,146.1279
MII181440,Trani femminile,2026-02-08,128.1250
MII181625,Trapani,2026-02-08,120.1245
MII181636,Trento,2026-02-08,96.2085
MII181645,Treviso,2026-02-08,166.6667
MII181661,Trieste,2026-02-08,193.6000
MII181681,Turi,2026-02-08,169.4444
MII181672,Udine,2026-02-08,204.5977
MII181691,Vallo della Lucania,2026-02-08,135.0000
MII181703,Varese,2026-02-08,201.8868
MII181820,Vasto,2026-02-08,77.2487
MII181839,Velletri,2026-02-08,151.8135
MII181847,Venezia Giudecca,2026-02-08,88.1188
MII181863,Venezia Santa Maria Maggiore,2026-02-08,162.2642
MII181870,Verbania,2026-02-08,141.5094
MII181880,Vercelli,2026-02-08,161.9266
MII181891,Verona,2026-02-08,188.3234
MII181908,Vibo Valentia,2026-02-08,112.5448
MII181918,Vicenza,2026-02-08,141.1321
MII181924,Vigevano,2026-02-08,213.3333
MII181934,Viterbo,2026-02-08,171.3580
MII179733,Voghera,2026-02-08,120.2941
MII179876,Volterra,2026-02-08,96.2766
MII158910,Agrigento,2026-02-15,142.9134
MII157783,Alba,2026-02-15,102.1277
MII158919,"Alessandria Cantiello, Gaeta",2026-02-15,91.4163
MII158924,Alessandria San Michele,2026-02-15,59.3220
MII158935,Alghero,2026-02-15,100.6410
MII172277,Altamura,2026-02-15,171.4286
MII158944,Ancona Barcaglione,2026-02-15,102.0000
MII158941,Ancona Montacuto,2026-02-15,137.2549
MII158945,Arbus,2026-02-15,111.9048
MII158948,Arezzo,2026-02-15,177.2727
MII159053,Ariano Irpino,2026-02-15,139.5604
MII159060,Arienzo,2026-02-15,151.7241
MII159065,Ascoli Piceno,2026-02-15,152.0000
MII159069,Asti,2026-02-15,137.3737
MII159314,Augusta,2026-02-15,176.5396
MII172011,Avellino,2026-02-15,137.7358
MII172187,Aversa,2026-02-15,127.7778
MII182440,Avezzano,2026-02-15,145.2830
MII172222,Barcellona Pozzo di Gotto,2026-02-15,85.5124
MII181678,Bari,2026-02-15,168.3206
MII158901,Belluno,2026-02-15,132.9268
MII160204,Benevento,2026-02-15,157.6613
MII172827,Bergamo,2026-02-15,188.0878
MII172332,Biella,2026-02-15,133.1633
MII172344,Bollate,2026-02-15,129.9132
MII172508,Bologna,2026-02-15,175.4527
MII172580,Bolzano,2026-02-15,110.2273
MII172592,Brescia Canton Monbello,2026-02-15,217.5824
MII172610,Brescia Verziano,2026-02-15,171.8310
MII172623,Brindisi,2026-02-15,166.6667
MII172814,Brissogne - Aosta,2026-02-15,80.4469
MII172320,Busto Arsizio,2026-02-15,209.7222
MII172835,Cagliari Uta,2026-02-15,131.5508
MII173006,Caltagirone,2026-02-15,118.6667
MII173063,Caltanissetta,2026-02-15,132.7869
MII173088,Campobasso,2026-02-15,186.0000
MII173101,Carinola,2026-02-15,113.0820
MII173114,Cassino,2026-02-15,175.0000
MII173237,Castelfranco Emilia,2026-02-15,66.4430
MII173259,Castelvetrano,2026-02-15,159.0909
MII173265,Castrovillari,2026-02-15,164.7541
MII173285,Catania Bicocca,2026-02-15,126.9231
MII173301,Catania Piazza Lanza,2026-02-15,167.7419
MII173311,Catanzaro,2026-02-15,104.0373
MII173356,Chiavari,2026-02-15,109.6154
MII173364,Chieti,2026-02-15,177.2152
MII173688,Civitavecchia Giuseppe Passerini,2026-02-15,59.7222
MII172208,Civitavecchia Nuovo Complesso,2026-02-15,176.9452
MII173712,Como,2026-02-15,164.7059
MII173341,Cosenza,2026-02-15,129.0323
MII173747,Cremona,2026-02-15,161.4583
MII173324,Crotone,2026-02-15,120.6349
MII173764,Cuneo,2026-02-15,102.1053
MII173784,Eboli,2026-02-15,75.9259
MII173813,Enna,2026-02-15,150.6849
MII173994,Favignana,2026-02-15,121.3483
MII174501,Fermo,2026-02-15,165.1163
MII174686,Ferrara,2026-02-15,164.1975
MII174825,Firenze Mario Gozzini,2026-02-15,143.2432
MII174720,Firenze Sollicciano,2026-02-15,158.3562
MII176375,Foggia,2026-02-15,216.5563
MII176403,Forlì,2026-02-15,124.6154
MII176414,Fossano,2026-02-15,81.6176
MII176424,Fossombrone,2026-02-15,89.7436
MII176437,Frosinone,2026-02-15,126.9618
MII176451,Gela,2026-02-15,160.4167
MII152284,Genova Marassi,2026-02-15,125.6075
MII176703,Genova Pontedecimo,2026-02-15,154.8387
MII176714,Giarre,2026-02-15,158.6957
MII176719,Gorizia,2026-02-15,134.9206
MII176743,Grosseto,2026-02-15,173.3333
MII176749,Imperia,2026-02-15,107.5472
MII176759,Isernia,2026-02-15,168.1818
MII176771,Isili,2026-02-15,123.3645
MII176781,Ivrea,2026-02-15,152.5714
MII177134,L'Aquila,2026-02-15,76.5766
MII176788,La Spezia,2026-02-15,135.0993
MII177107,Lanciano,2026-02-15,117.0404
MII177118,Lanusei,2026-02-15,112.1212
MII177323,Larino,2026-02-15,151.3761
MII177332,Latina,2026-02-15,197.4026
MII177346,Laureana di Borrello,2026-02-15,116.2162
MII177384,Lauro,2026-02-15,14.0000
MII177420,Lecce,2026-02-15,174.5614
MII177436,Lecco,2026-02-15,173.0769
MII177463,Livorno,2026-02-15,144.9664
MII177498,Livorno Gorgona,2026-02-15,114.6067
MII177996,Locri,2026-02-15,137.5000
MII178027,Lodi,2026-02-15,206.9767
MII178035,Lucca,2026-02-15,262.8571
MII178045,Lucera,2026-02-15,131.0078
MII178072,Mantova,2026-02-15,154.6392
MII178085,Massa,2026-02-15,162.8571
MII178115,Massa Marittima,2026-02-15,112.5000
MII178124,Matera,2026-02-15,161.4754
MII178141,Melfi,2026-02-15,140.2985
MII178148,Messina,2026-02-15,104.1284
MII158895,Milano San Vittore,2026-02-15,240.3361
MII178501,Milano San Vittore femminile,2026-02-15,176.0870
MII178638,Modena,2026-02-15,161.0028
MII178659,Monza,2026-02-15,183.1169
MII178666,Napoli Poggioreale,2026-02-15,168.0122
MII178672,Napoli Secondigliano,2026-02-15,136.9937
MII178681,Noto,2026-02-15,92.5000
MII178700,Novara,2026-02-15,111.5385
MII179224,Nuoro,2026-02-15,14.2336
MII178003,Onanì,2026-02-15,98.5646
MII179237,Opera,2026-02-15,154.2261
MII179274,Oristano,2026-02-15,102.2901
MII179280,Orvieto,2026-02-15,124.4898
MII179290,Padova,2026-02-15,134.5745
MII179299,Padova Nuovo Complesso,2026-02-15,158.3333
MII179306,Palermo Pagliarelli,2026-02-15,121.9690
MII179324,Palermo Ucciardone,2026-02-15,113.3333
MII179331,Paliano,2026-02-15,37.2549
MII179342,Palmi,2026-02-15,120.5674
MII179353,Paola,2026-02-15,130.0000
MII179364,Parma,2026-02-15,115.3600
MII182910,Pavia,2026-02-15,151.2770
MII179781,Perugia,2026-02-15,163.5179
MII179818,Pesaro,2026-02-15,169.4444
MII179830,Pescara,2026-02-15,154.3210
MII179842,Piacenza,2026-02-15,130.0242
MII179856,Piazza Armerina,2026-02-15,125.5319
MII182919,Pisa,2026-02-15,143.8503
MII179896,Pistoia,2026-02-15,120.0000
MII179913,Pordenone,2026-02-15,148.6486
MII179932,Porto Azzurro,2026-02-15,125.8567
MII179938,Potenza,2026-02-15,155.1402
MII179958,Prato,2026-02-15,109.5941
MII179965,Ragusa,2026-02-15,101.6393
MII179981,Ravenna,2026-02-15,175.5102
MII179988,Reggio Calabria Arghillà,2026-02-15,122.0588
MII179995,Reggio Calabria Giuseppe Panzera,2026-02-15,127.3292
MII182339,Reggio Emilia,2026-02-15,133.7607
MII169535,Rieti,2026-02-15,182.3529
MII180001,Rimini,2026-02-15,141.5254
MII180380,Roma Rebibbia,2026-02-15,107.5472
MII180348,Roma Rebibbia femminile,2026-02-15,155.4167
MII180356,Roma Rebibbia IIIª casa,2026-02-15,78.0303
MII180370,Roma Rebibbia Nuovo Complesso,2026-02-15,156.1798
MII180401,Roma Regina Coeli,2026-02-15,167.7928
MII180415,Rossano,2026-02-15,115.6489
MII180424,Rovigo,2026-02-15,134.4498
MII180426,Salerno,2026-02-15,161.1702
MII180437,Saluzzo,2026-02-15,85.3301
MII180451,San Cataldo,2026-02-15,78.6325
MII180458,San Gimignano,2026-02-15,145.0450
MII180476,San Severo,2026-02-15,139.3443
MII180465,Sanremo,2026-02-15,117.8082
MII181079,Sant'Angelo dei Lombardi,2026-02-15,155.6452
MII180487,Santa Maria Capua Vetere,2026-02-15,153.9941
MII181091,Sassari,2026-02-15,123.9035
MII181109,Sciacca,2026-02-15,90.0000
MII181115,Siena,2026-02-15,127.2727
MII181125,Siracusa,2026-02-15,120.1835
MII181346,Sondrio,2026-02-15,191.6667
MII181358,Spoleto,2026-02-15,110.9649
MII181371,Sulmona,2026-02-15,126.7686
MII181377,Taranto,2026-02-15,189.3023
MII181385,Tempio Pausania,2026-02-15,102.4540
MII181392,Teramo,2026-02-15,178.4861
MII181401,Termini Imerese,2026-02-15,111.5789
MII181407,Terni,2026-02-15,139.3365
MII181417,Tolmezzo,2026-02-15,124.4898
MII181424,Torino,2026-02-15,136.2888
MII181434,Trani,2026-02-15,142.7609
MII181440,Trani femminile,2026-02-15,125.0000
MII181625,Trapani,2026-02-15,119.2946
MII181636,Trento,2026-02-15,99.5238
MII181645,Treviso,2026-02-15,158.3333
MII181661,Trieste,2026-02-15,192.0000
MII181681,Turi,2026-02-15,166.6667
MII181672,Udine,2026-02-15,206.8966
MII181691,Vallo della Lucania,2026-02-15,135.0000
MII181703,Varese,2026-02-15,194.3396
MII181820,Vasto,2026-02-15,75.6614
MII181839,Velletri,2026-02-15,152.9870
MII181847,Venezia Giudecca,2026-02-15,89.1089
MII181863,Venezia Santa Maria Maggiore,2026-02-15,162.2642
MII181870,Verbania,2026-02-15,137.7358
MII181880,Vercelli,2026-02-15,161.0092
MII181891,Verona,2026-02-15,185.6287
MII181908,Vibo Valentia,2026-02-15,112.9964
MII181918,Vicenza,2026-02-15,143.3460
MII181924,Vigevano,2026-02-15,213.3333
MII181934,Viterbo,2026-02-15,168.5644
MII179733,Voghera,2026-02-15,119.1176
MII179876,Volterra,2026-02-15,96.7914
MII158910,Agrigento,2026-02-22,144.8819
MII157783,Alba,2026-02-22,100.0000
MII158919,"Alessandria Cantiello, Gaeta",2026-02-22,91.8455
MII158924,Alessandria San Michele,2026-02-22,54.2373
MII158935,Alghero,2026-02-22,103.2051
MII172277,Altamura,2026-02-22,179.5918
MII158944,Ancona Barcaglione,2026-02-22,99.0000
MII158941,Ancona Montacuto,2026-02-22,140.3922
MII158945,Arbus,2026-02-22,111.1111
MII158948,Arezzo,2026-02-22,159.0909
MII159053,Ariano Irpino,2026-02-22,140.1099
MII159060,Arienzo,2026-02-22,151.7241
MII159065,Ascoli Piceno,2026-02-22,153.0000
MII159069,Asti,2026-02-22,139.3939
MII159314,Augusta,2026-02-22,174.4868
MII172011,Avellino,2026-02-22,137.7637
MII172187,Aversa,2026-02-22,125.6410
MII182440,Avezzano,2026-02-22,141.5094
MII172222,Barcellona Pozzo di Gotto,2026-02-22,82.6241
MII181678,Bari,2026-02-22,168.3206
MII158901,Belluno,2026-02-22,135.3659
MII160204,Benevento,2026-02-22,158.0645
MII172827,Bergamo,2026-02-22,186.8339
MII172332,Biella,2026-02-22,131.3776
MII172344,Bollate,2026-02-22,129.9132
MII172508,Bologna,2026-02-22,176.8612
MII172580,Bolzano,2026-02-22,111.3636
MII172592,Brescia Canton Monbello,2026-02-22,212.6374
MII172610,Brescia Verziano,2026-02-22,171.8310
MII172623,Brindisi,2026-02-22,164.6667
MII172814,Brissogne - Aosta,2026-02-22,81.5642
MII172320,Busto Arsizio,2026-02-22,204.6296
MII172835,Cagliari Uta,2026-02-22,133.6898
MII173006,Caltagirone,2026-02-22,119.7297
MII173063,Caltanissetta,2026-02-22,133.3333
MII173088,Campobasso,2026-02-22,174.0385
MII173101,Carinola,2026-02-22,113.7472
MII173114,Cassino,2026-02-22,160.4167
MII173237,Castelfranco Emilia,2026-02-22,68.4564
MII173259,Castelvetrano,2026-02-22,161.3636
MII173265,Castrovillari,2026-02-22,156.5574
MII173285,Catania Bicocca,2026-02-22,128.4615
MII173301,Catania Piazza Lanza,2026-02-22,171.6846
MII173311,Catanzaro,2026-02-22,105.7364
MII173356,Chiavari,2026-02-22,121.1538
MII173364,Chieti,2026-02-22,175.9494
MII173688,Civitavecchia Giuseppe Passerini,2026-02-22,59.0278
MII172208,Civitavecchia Nuovo Complesso,2026-02-22,176.3689
MII173712,Como,2026-02-22,161.7778
MII173341,Cosenza,2026-02-22,132.2727
MII173747,Cremona,2026-02-22,161.4583
MII173324,Crotone,2026-02-22,123.8095
MII173764,Cuneo,2026-02-22,102.1053
MII173784,Eboli,2026-02-22,72.2222
MII173813,Enna,2026-02-22,146.5753
MII173994,Favignana,2026-02-22,120.2247
MII174501,Fermo,2026-02-22,165.1163
MII174686,Ferrara,2026-02-22,166.2551
MII174825,Firenze Mario Gozzini,2026-02-22,137.8378
MII174720,Firenze Sollicciano,2026-02-22,157.5342
MII176375,Foggia,2026-02-22,216.2252
MII176403,Forlì,2026-02-22,124.6154
MII176414,Fossano,2026-02-22,80.8824
MII176424,Fossombrone,2026-02-22,98.7179
MII176437,Frosinone,2026-02-22,126.7606
MII176451,Gela,2026-02-22,156.2500
MII152284,Genova Marassi,2026-02-22,125.4206
MII176703,Genova Pontedecimo,2026-02-22,149.4624
MII176714,Giarre,2026-02-22,158.6957
MII176719,Gorizia,2026-02-22,131.7460
MII176743,Grosseto,2026-02-22,180.0000
MII176749,Imperia,2026-02-22,109.4340
MII176759,Isernia,2026-02-22,163.6364
MII176771,Isili,2026-02-22,123.3645
MII176781,Ivrea,2026-02-22,154.2857
MII177134,L'Aquila,2026-02-22,76.1261
MII176788,La Spezia,2026-02-22,135.7616
MII177107,Lanciano,2026-02-22,117.9372
MII177118,Lanusei,2026-02-22,109.0909
MII177323,Larino,2026-02-22,150.4587
MII177332,Latina,2026-02-22,193.5065
MII177346,Laureana di Borrello,2026-02-22,124.3243
MII177384,Lauro,2026-02-22,16.0000
MII177420,Lecce,2026-02-22,176.0652
MII177436,Lecco,2026-02-22,171.1538
MII177463,Livorno,2026-02-22,143.6242
MII177498,Livorno Gorgona,2026-02-22,114.6067
MII177996,Locri,2026-02-22,143.7500
MII178027,Lodi,2026-02-22,218.6047
MII178035,Lucca,2026-02-22,248.5714
MII178045,Lucera,2026-02-22,132.5581
MII178072,Mantova,2026-02-22,152.0833
MII178085,Massa,2026-02-22,161.1429
MII178115,Massa Marittima,2026-02-22,118.7500
MII178124,Matera,2026-02-22,157.3770
MII178141,Melfi,2026-02-22,138.8060
MII178148,Messina,2026-02-22,105.5046
MII158895,Milano San Vittore,2026-02-22,239.2157
MII178501,Milano San Vittore femminile,2026-02-22,166.6667
MII178638,Modena,2026-02-22,163.2312
MII178659,Monza,2026-02-22,181.7708
MII178666,Napoli Poggioreale,2026-02-22,169.5884
MII178672,Napoli Secondigliano,2026-02-22,137.5338
MII178681,Noto,2026-02-22,92.5000
MII178700,Novara,2026-02-22,110.8974
MII179224,Nuoro,2026-02-22,14.9635
MII178003,Onanì,2026-02-22,99.5215
MII179237,Opera,2026-02-22,153.2382
MII179274,Oristano,2026-02-22,102.2901
MII179280,Orvieto,2026-02-22,121.4286
MII179290,Padova,2026-02-22,131.3830
MII179299,Padova Nuovo Complesso,2026-02-22,157.4074
MII179306,Palermo Pagliarelli,2026-02-22,122.6983
MII179324,Palermo Ucciardone,2026-02-22,111.5460
MII179331,Paliano,2026-02-22,39.2157
MII179342,Palmi,2026-02-22,119.1489
MII179353,Paola,2026-02-22,126.8750
MII179364,Parma,2026-02-22,110.8280
MII182910,Pavia,2026-02-22,151.2770
MII179781,Perugia,2026-02-22,163.1922
MII179818,Pesaro,2026-02-22,168.7500
MII179830,Pescara,2026-02-22,154.7325
MII179842,Piacenza,2026-02-22,127.7778
MII179856,Piazza Armerina,2026-02-22,127.6596
MII182919,Pisa,2026-02-22,148.1283
MII179896,Pistoia,2026-02-22,112.0000
MII179913,Pordenone,2026-02-22,148.6486
MII179932,Porto Azzurro,2026-02-22,126.4798
MII179938,Potenza,2026-02-22,160.7477
MII179958,Prato,2026-02-22,109.0406
MII179965,Ragusa,2026-02-22,103.2787
MII179981,Ravenna,2026-02-22,185.7143
MII179988,Reggio Calabria Arghillà,2026-02-22,120.4301
MII179995,Reggio Calabria Giuseppe Panzera,2026-02-22,128.5714
MII182339,Reggio Emilia,2026-02-22,135.8974
MII169535,Rieti,2026-02-22,180.9689
MII180001,Rimini,2026-02-22,149.1525
MII180380,Roma Rebibbia,2026-02-22,108.6792
MII180348,Roma Rebibbia femminile,2026-02-22,157.0833
MII180356,Roma Rebibbia IIIª casa,2026-02-22,78.7879
MII180370,Roma Rebibbia Nuovo Complesso,2026-02-22,156.1798
MII180401,Roma Regina Coeli,2026-02-22,158.7500
MII180415,Rossano,2026-02-22,115.2672
MII180424,Rovigo,2026-02-22,134.4498
MII180426,Salerno,2026-02-22,161.0667
MII180437,Saluzzo,2026-02-22,85.4015
MII180451,San Cataldo,2026-02-22,82.3009
MII180458,San Gimignano,2026-02-22,145.0450
MII180476,San Severo,2026-02-22,136.0656
MII180465,Sanremo,2026-02-22,119.1781
MII181079,Sant'Angelo dei Lombardi,2026-02-22,154.8387
MII180487,Santa Maria Capua Vetere,2026-02-22,153.5503
MII181091,Sassari,2026-02-22,124.5614
MII181109,Sciacca,2026-02-22,95.0000
MII181115,Siena,2026-02-22,134.5455
MII181125,Siracusa,2026-02-22,119.2661
MII181346,Sondrio,2026-02-22,187.5000
MII181358,Spoleto,2026-02-22,112.7193
MII181371,Sulmona,2026-02-22,126.9598
MII181377,Taranto,2026-02-22,188.1395
MII181385,Tempio Pausania,2026-02-22,102.4540
MII181392,Teramo,2026-02-22,179.6813
MII181401,Termini Imerese,2026-02-22,113.6842
MII181407,Terni,2026-02-22,139.8104
MII181417,Tolmezzo,2026-02-22,124.4898
MII181424,Torino,2026-02-22,136.6545
MII181434,Trani,2026-02-22,143.0976
MII181440,Trani femminile,2026-02-22,125.0000
MII181625,Trapani,2026-02-22,119.2946
MII181636,Trento,2026-02-22,98.0952
MII181645,Treviso,2026-02-22,158.3333
MII181661,Trieste,2026-02-22,193.6000
MII181681,Turi,2026-02-22,166.6667
MII181672,Udine,2026-02-22,201.1494
MII181691,Vallo della Lucania,2026-02-22,140.0000
MII181703,Varese,2026-02-22,201.8868
MII181820,Vasto,2026-02-22,74.3455
MII181839,Velletri,2026-02-22,153.8860
MII181847,Venezia Giudecca,2026-02-22,90.0990
MII181863,Venezia Santa Maria Maggiore,2026-02-22,166.0377
MII181870,Verbania,2026-02-22,135.8491
MII181880,Vercelli,2026-02-22,161.0092
MII181891,Verona,2026-02-22,185.0299
MII181908,Vibo Valentia,2026-02-22,113.2616
MII181918,Vicenza,2026-02-22,145.4198
MII181924,Vigevano,2026-02-22,213.3333
MII181934,Viterbo,2026-02-22,167.0792
MII179733,Voghera,2026-02-22,121.8289
MII179876,Volterra,2026-02-22,97.3262
MII158910,Agrigento,2026-03-01,148.0315
MII157783,Alba,2026-03-01,97.8723
MII158919,"Alessandria Cantiello, Gaeta",2026-03-01,94.4206
MII158924,Alessandria San Michele,2026-03-01,54.2373
MII158935,Alghero,2026-03-01,101.2821
MII172277,Altamura,2026-03-01,173.4694
MII158944,Ancona Barcaglione,2026-03-01,96.0000
MII158941,Ancona Montacuto,2026-03-01,142.3529
MII158945,Arbus,2026-03-01,111.1111
MII158948,Arezzo,2026-03-01,154.5455
MII159053,Ariano Irpino,2026-03-01,139.5604
MII159060,Arienzo,2026-03-01,151.7241
MII159065,Ascoli Piceno,2026-03-01,150.0000
MII159069,Asti,2026-03-01,134.6535
MII159314,Augusta,2026-03-01,174.4868
MII172011,Avellino,2026-03-01,138.6076
MII172187,Aversa,2026-03-01,125.6410
MII182440,Avezzano,2026-03-01,143.3962
MII172222,Barcellona Pozzo di Gotto,2026-03-01,88.5185
MII181678,Bari,2026-03-01,166.4122
MII158901,Belluno,2026-03-01,139.0244
MII160204,Benevento,2026-03-01,153.2258
MII172827,Bergamo,2026-03-01,188.0878
MII172332,Biella,2026-03-01,130.8673
MII172344,Bollate,2026-03-01,129.5975
MII172508,Bologna,2026-03-01,177.3006
MII172580,Bolzano,2026-03-01,115.9091
MII172592,Brescia Canton Monbello,2026-03-01,208.2418
MII172610,Brescia Verziano,2026-03-01,169.0141
MII172623,Brindisi,2026-03-01,168.0000
MII172814,Brissogne - Aosta,2026-03-01,82.1229
MII172320,Busto Arsizio,2026-03-01,205.1643
MII172835,Cagliari Uta,2026-03-01,132.2638
MII173006,Caltagirone,2026-03-01,119.7297
MII173063,Caltanissetta,2026-03-01,132.2404
MII173088,Campobasso,2026-03-01,172.5490
MII173101,Carinola,2026-03-01,113.3038
MII173114,Cassino,2026-03-01,169.7917
MII173237,Castelfranco Emilia,2026-03-01,67.1141
MII173259,Castelvetrano,2026-03-01,159.0909
MII173265,Castrovillari,2026-03-01,159.8361
MII173285,Catania Bicocca,2026-03-01,122.9008
MII173301,Catania Piazza Lanza,2026-03-01,169.5341
MII173311,Catanzaro,2026-03-01,107.2868
MII173356,Chiavari,2026-03-01,121.1538
MII173364,Chieti,2026-03-01,179.7468
MII173688,Civitavecchia Giuseppe Passerini,2026-03-01,59.0278
MII172208,Civitavecchia Nuovo Complesso,2026-03-01,177.8098
MII173712,Como,2026-03-01,162.6667
MII173341,Cosenza,2026-03-01,131.1927
MII173747,Cremona,2026-03-01,157.8125
MII173324,Crotone,2026-03-01,125.3968
MII173764,Cuneo,2026-03-01,102.1053
MII173784,Eboli,2026-03-01,77.7778
MII173813,Enna,2026-03-01,147.2603
MII173994,Favignana,2026-03-01,122.4719
MII174501,Fermo,2026-03-01,160.4651
MII174686,Ferrara,2026-03-01,163.3745
MII174825,Firenze Mario Gozzini,2026-03-01,137.8378
MII174720,Firenze Sollicciano,2026-03-01,161.7729
MII176375,Foggia,2026-03-01,219.8675
MII176403,Forlì,2026-03-01,126.1538
MII176414,Fossano,2026-03-01,81.6176
MII176424,Fossombrone,2026-03-01,99.3590
MII176437,Frosinone,2026-03-01,127.5654
MII176451,Gela,2026-03-01,158.3333
MII152284,Genova Marassi,2026-03-01,125.6075
MII176703,Genova Pontedecimo,2026-03-01,147.3118
MII176714,Giarre,2026-03-01,160.0000
MII176719,Gorizia,2026-03-01,133.3333
MII176743,Grosseto,2026-03-01,186.6667
MII176749,Imperia,2026-03-01,115.0943
MII176759,Isernia,2026-03-01,165.9091
MII176771,Isili,2026-03-01,121.4953
MII176781,Ivrea,2026-03-01,150.2857
MII177134,L'Aquila,2026-03-01,77.0270
MII176788,La Spezia,2026-03-01,140.3974
MII177107,Lanciano,2026-03-01,118.8341
MII177118,Lanusei,2026-03-01,106.0606
MII177323,Larino,2026-03-01,152.2936
MII177332,Latina,2026-03-01,187.0130
MII177346,Laureana di Borrello,2026-03-01,124.3243
MII177384,Lauro,2026-03-01,14.0000
MII177420,Lecce,2026-03-01,177.3183
MII177436,Lecco,2026-03-01,165.3846
MII177463,Livorno,2026-03-01,148.3221
MII177498,Livorno Gorgona,2026-03-01,114.6067
MII177996,Locri,2026-03-01,145.0000
MII178027,Lodi,2026-03-01,220.9302
MII178035,Lucca,2026-03-01,262.8571
MII178045,Lucera,2026-03-01,132.5581
MII178072,Mantova,2026-03-01,148.4536
MII178085,Massa,2026-03-01,164.1618
MII178115,Massa Marittima,2026-03-01,112.5000
MII178124,Matera,2026-03-01,155.7377
MII178141,Melfi,2026-03-01,144.7761
MII178148,Messina,2026-03-01,108.2569
MII158895,Milano San Vittore,2026-03-01,242.0168
MII178501,Milano San Vittore femminile,2026-03-01,236.1111
MII178638,Modena,2026-03-01,164.9025
MII178659,Monza,2026-03-01,180.7292
MII178666,Napoli Poggioreale,2026-03-01,169.5122
MII178672,Napoli Secondigliano,2026-03-01,138.0738
MII178681,Noto,2026-03-01,93.7500
MII178700,Novara,2026-03-01,114.7436
MII179224,Nuoro,2026-03-01,14.5985
MII178003,Onanì,2026-03-01,99.5215
MII179237,Opera,2026-03-01,153.5675
MII179274,Oristano,2026-03-01,101.5267
MII179280,Orvieto,2026-03-01,123.4694
MII179290,Padova,2026-03-01,133.5106
MII179299,Padova Nuovo Complesso,2026-03-01,156.7130
MII179306,Palermo Pagliarelli,2026-03-01,122.8806
MII179324,Palermo Ucciardone,2026-03-01,113.1115
MII179331,Paliano,2026-03-01,38.5621
MII179342,Palmi,2026-03-01,114.8936
MII179353,Paola,2026-03-01,128.7500
MII179364,Parma,2026-03-01,110.1911
MII182910,Pavia,2026-03-01,149.4118
MII179781,Perugia,2026-03-01,162.4183
MII179818,Pesaro,2026-03-01,176.3889
MII179830,Pescara,2026-03-01,156.3786
MII179842,Piacenza,2026-03-01,129.7821
MII179856,Piazza Armerina,2026-03-01,131.9149
MII182919,Pisa,2026-03-01,145.9893
MII179896,Pistoia,2026-03-01,114.6667
MII179913,Pordenone,2026-03-01,140.5405
MII179932,Porto Azzurro,2026-03-01,127.7259
MII179938,Potenza,2026-03-01,159.8131
MII179958,Prato,2026-03-01,109.4096
MII179965,Ragusa,2026-03-01,102.7322
MII179981,Ravenna,2026-03-01,181.6327
MII179988,Reggio Calabria Arghillà,2026-03-01,126.4925
MII179995,Reggio Calabria Giuseppe Panzera,2026-03-01,128.5714
MII182339,Reggio Emilia,2026-03-01,138.0342
MII169535,Rieti,2026-03-01,179.2388
MII180001,Rimini,2026-03-01,151.6949
MII180380,Roma Rebibbia,2026-03-01,112.7413
MII180348,Roma Rebibbia femminile,2026-03-01,155.8333
MII180356,Roma Rebibbia IIIª casa,2026-03-01,78.7879
MII180370,Roma Rebibbia Nuovo Complesso,2026-03-01,152.5281
MII180401,Roma Regina Coeli,2026-03-01,158.3665
MII180415,Rossano,2026-03-01,114.5038
MII180424,Rovigo,2026-03-01,135.4067
MII180426,Salerno,2026-03-01,159.2000
MII180437,Saluzzo,2026-03-01,85.4369
MII180451,San Cataldo,2026-03-01,82.3009
MII180458,San Gimignano,2026-03-01,147.2973
MII180476,San Severo,2026-03-01,144.2623
MII180465,Sanremo,2026-03-01,121.4612
MII181079,Sant'Angelo dei Lombardi,2026-03-01,156.4516
MII180487,Santa Maria Capua Vetere,2026-03-01,153.4024
MII181091,Sassari,2026-03-01,124.3421
MII181109,Sciacca,2026-03-01,115.0000
MII181115,Siena,2026-03-01,127.5862
MII181125,Siracusa,2026-03-01,118.7156
MII181346,Sondrio,2026-03-01,191.6667
MII181358,Spoleto,2026-03-01,113.8158
MII181371,Sulmona,2026-03-01,125.6214
MII181377,Taranto,2026-03-01,190.2326
MII181385,Tempio Pausania,2026-03-01,103.6810
MII181392,Teramo,2026-03-01,176.5873
MII181401,Termini Imerese,2026-03-01,112.6316
MII181407,Terni,2026-03-01,136.4929
MII181417,Tolmezzo,2026-03-01,126.3514
MII181424,Torino,2026-03-01,136.5050
MII181434,Trani,2026-03-01,145.4545
MII181440,Trani femminile,2026-03-01,121.8750
MII181625,Trapani,2026-03-01,118.6722
MII181636,Trento,2026-03-01,97.6190
MII181645,Treviso,2026-03-01,159.8485
MII181661,Trieste,2026-03-01,190.4000
MII181681,Turi,2026-03-01,166.6667
MII181672,Udine,2026-03-01,202.2989
MII181691,Vallo della Lucania,2026-03-01,142.5000
MII181703,Varese,2026-03-01,196.2264
MII181820,Vasto,2026-03-01,73.8220
MII181839,Velletri,2026-03-01,154.4041
MII181847,Venezia Giudecca,2026-03-01,90.0990
MII181863,Venezia Santa Maria Maggiore,2026-03-01,165.4088
MII181870,Verbania,2026-03-01,137.7358
MII181880,Vercelli,2026-03-01,161.0092
MII181891,Verona,2026-03-01,183.5329
MII181908,Vibo Valentia,2026-03-01,113.5714
MII181918,Vicenza,2026-03-01,145.2471
MII181924,Vigevano,2026-03-01,206.6667
MII181934,Viterbo,2026-03-01,166.3366
MII179733,Voghera,2026-03-01,122.7139
MII179876,Volterra,2026-03-01,96.2766
MII158910,Agrigento,2026-03-08,145.2756
MII157783,Alba,2026-03-08,93.6170
MII158919,"Alessandria Cantiello, Gaeta",2026-03-08,96.9432
MII158924,Alessandria San Michele,2026-03-08,52.5424
MII158935,Alghero,2026-03-08,108.9744
MII172277,Altamura,2026-03-08,173.4694
MII158944,Ancona Barcaglione,2026-03-08,95.0000
MII158941,Ancona Montacuto,2026-03-08,142.3529
MII158945,Arbus,2026-03-08,109.5238
MII158948,Arezzo,2026-03-08,154.5455
MII159053,Ariano Irpino,2026-03-08,139.0110
MII159060,Arienzo,2026-03-08,151.7241
MII159065,Ascoli Piceno,2026-03-08,155.0000
MII159069,Asti,2026-03-08,134.6535
MII159314,Augusta,2026-03-08,175.0733
MII172011,Avellino,2026-03-08,137.9747
MII172187,Aversa,2026-03-08,126.4957
MII182440,Avezzano,2026-03-08,150.9434
MII172222,Barcellona Pozzo di Gotto,2026-03-08,88.1481
MII181678,Bari,2026-03-08,169.0840
MII158901,Belluno,2026-03-08,132.9268
MII160204,Benevento,2026-03-08,153.2258
MII172827,Bergamo,2026-03-08,189.9687
MII172332,Biella,2026-03-08,132.9082
MII172344,Bollate,2026-03-08,129.9132
MII172508,Bologna,2026-03-08,175.2556
MII172580,Bolzano,2026-03-08,115.9091
MII172592,Brescia Canton Monbello,2026-03-08,201.0989
MII172610,Brescia Verziano,2026-03-08,173.2394
MII172623,Brindisi,2026-03-08,169.3333
MII172814,Brissogne - Aosta,2026-03-08,83.7989
MII172320,Busto Arsizio,2026-03-08,204.1860
MII172835,Cagliari Uta,2026-03-08,131.5508
MII173006,Caltagirone,2026-03-08,120.5405
MII173063,Caltanissetta,2026-03-08,134.4262
MII173088,Campobasso,2026-03-08,170.5882
MII173101,Carinola,2026-03-08,113.7472
MII173114,Cassino,2026-03-08,168.7500
MII173237,Castelfranco Emilia,2026-03-08,67.1141
MII173259,Castelvetrano,2026-03-08,159.0909
MII173265,Castrovillari,2026-03-08,161.4754
MII173285,Catania Bicocca,2026-03-08,119.6970
MII173301,Catania Piazza Lanza,2026-03-08,170.2509
MII173311,Catanzaro,2026-03-08,108.2426
MII173356,Chiavari,2026-03-08,121.1538
MII173364,Chieti,2026-03-08,177.2152
MII173688,Civitavecchia Giuseppe Passerini,2026-03-08,58.3333
MII172208,Civitavecchia Nuovo Complesso,2026-03-08,178.9625
MII173712,Como,2026-03-08,165.3333
MII173341,Cosenza,2026-03-08,130.2752
MII173747,Cremona,2026-03-08,156.2500
MII173324,Crotone,2026-03-08,128.5714
MII173764,Cuneo,2026-03-08,102.3684
MII173784,Eboli,2026-03-08,77.7778
MII173813,Enna,2026-03-08,147.9452
MII173994,Favignana,2026-03-08,116.8539
MII174501,Fermo,2026-03-08,169.7674
MII174686,Ferrara,2026-03-08,167.0782
MII174825,Firenze Mario Gozzini,2026-03-08,140.5405
MII174720,Firenze Sollicciano,2026-03-08,162.8809
MII176375,Foggia,2026-03-08,219.8675
MII176403,Forlì,2026-03-08,118.9394
MII176414,Fossano,2026-03-08,83.0882
MII176424,Fossombrone,2026-03-08,101.2821
MII176437,Frosinone,2026-03-08,125.8383
MII176451,Gela,2026-03-08,158.3333
MII152284,Genova Marassi,2026-03-08,128.5981
MII176703,Genova Pontedecimo,2026-03-08,146.2366
MII176714,Giarre,2026-03-08,162.2222
MII176719,Gorizia,2026-03-08,130.1587
MII176743,Grosseto,2026-03-08,186.6667
MII176749,Imperia,2026-03-08,115.0943
MII176759,Isernia,2026-03-08,163.6364
MII176771,Isili,2026-03-08,119.6262
MII176781,Ivrea,2026-03-08,146.2857
MII177134,L'Aquila,2026-03-08,75.2252
MII176788,La Spezia,2026-03-08,138.4106
MII177107,Lanciano,2026-03-08,118.3857
MII177118,Lanusei,2026-03-08,106.0606
MII177323,Larino,2026-03-08,147.7064
MII177332,Latina,2026-03-08,187.0130
MII177346,Laureana di Borrello,2026-03-08,124.3243
MII177384,Lauro,2026-03-08,14.0000
MII177420,Lecce,2026-03-08,176.8170
MII177436,Lecco,2026-03-08,161.5385
MII177463,Livorno,2026-03-08,146.9799
MII177498,Livorno Gorgona,2026-03-08,130.3371
MII177996,Locri,2026-03-08,143.7500
MII178027,Lodi,2026-03-08,213.9535
MII178035,Lucca,2026-03-08,245.7143
MII178045,Lucera,2026-03-08,135.6589
MII178072,Mantova,2026-03-08,147.4227
MII178085,Massa,2026-03-08,165.8960
MII178115,Massa Marittima,2026-03-08,110.4167
MII178124,Matera,2026-03-08,162.2951
MII178141,Melfi,2026-03-08,144.7761
MII178148,Messina,2026-03-08,109.6330
MII158895,Milano San Vittore,2026-03-08,240.0560
MII178501,Milano San Vittore femminile,2026-03-08,184.7826
MII178638,Modena,2026-03-08,164.0669
MII178659,Monza,2026-03-08,180.8290
MII178666,Napoli Poggioreale,2026-03-08,171.5589
MII178672,Napoli Secondigliano,2026-03-08,140.3240
MII178681,Noto,2026-03-08,95.0000
MII178700,Novara,2026-03-08,110.8974
MII179224,Nuoro,2026-03-08,14.2336
MII178003,Onanì,2026-03-08,98.0861
MII179237,Opera,2026-03-08,153.4577
MII179274,Oristano,2026-03-08,101.1450
MII179280,Orvieto,2026-03-08,123.4694
MII179290,Padova,2026-03-08,128.1915
MII179299,Padova Nuovo Complesso,2026-03-08,155.7870
MII179306,Palermo Pagliarelli,2026-03-08,123.7010
MII179324,Palermo Ucciardone,2026-03-08,112.3288
MII179331,Paliano,2026-03-08,39.2157
MII179342,Palmi,2026-03-08,114.8936
MII179353,Paola,2026-03-08,128.1250
MII179364,Parma,2026-03-08,112.8981
MII182910,Pavia,2026-03-08,148.8235
MII179781,Perugia,2026-03-08,163.3987
MII179818,Pesaro,2026-03-08,178.4722
MII179830,Pescara,2026-03-08,159.6708
MII179842,Piacenza,2026-03-08,131.9613
MII179856,Piazza Armerina,2026-03-08,127.6596
MII182919,Pisa,2026-03-08,143.8503
MII179896,Pistoia,2026-03-08,113.1579
MII179913,Pordenone,2026-03-08,140.5405
MII179932,Porto Azzurro,2026-03-08,128.0374
MII179938,Potenza,2026-03-08,150.4673
MII179958,Prato,2026-03-08,110.7011
MII179965,Ragusa,2026-03-08,102.7322
MII179981,Ravenna,2026-03-08,173.4694
MII179988,Reggio Calabria Arghillà,2026-03-08,125.0000
MII179995,Reggio Calabria Giuseppe Panzera,2026-03-08,128.5714
MII182339,Reggio Emilia,2026-03-08,136.3248
MII169535,Rieti,2026-03-08,182.6990
MII180001,Rimini,2026-03-08,142.3729
MII180380,Roma Rebibbia,2026-03-08,111.6279
MII180348,Roma Rebibbia femminile,2026-03-08,158.1590
MII180356,Roma Rebibbia IIIª casa,2026-03-08,78.0303
MII180370,Roma Rebibbia Nuovo Complesso,2026-03-08,152.7154
MII180401,Roma Regina Coeli,2026-03-08,138.4615
MII180415,Rossano,2026-03-08,115.6489
MII180424,Rovigo,2026-03-08,136.8421
MII180426,Salerno,2026-03-08,159.0426
MII180437,Saluzzo,2026-03-08,85.6796
MII180451,San Cataldo,2026-03-08,82.0513
MII180458,San Gimignano,2026-03-08,147.2973
MII180476,San Severo,2026-03-08,144.2623
MII180465,Sanremo,2026-03-08,122.3744
MII181079,Sant'Angelo dei Lombardi,2026-03-08,158.0645
MII180487,Santa Maria Capua Vetere,2026-03-08,156.3609
MII181091,Sassari,2026-03-08,125.2193
MII181109,Sciacca,2026-03-08,120.0000
MII181115,Siena,2026-03-08,129.3103
MII181125,Siracusa,2026-03-08,119.2661
MII181346,Sondrio,2026-03-08,179.1667
MII181358,Spoleto,2026-03-08,113.5965
MII181371,Sulmona,2026-03-08,125.0478
MII181377,Taranto,2026-03-08,188.8372
MII181385,Tempio Pausania,2026-03-08,104.9080
MII181392,Teramo,2026-03-08,178.4861
MII181401,Termini Imerese,2026-03-08,112.6316
MII181407,Terni,2026-03-08,135.6974
MII181417,Tolmezzo,2026-03-08,125.0000
MII181424,Torino,2026-03-08,136.3220
MII181434,Trani,2026-03-08,144.1077
MII181440,Trani femminile,2026-03-08,118.7500
MII181625,Trapani,2026-03-08,119.7095
MII181636,Trento,2026-03-08,97.6190
MII181645,Treviso,2026-03-08,159.0909
MII181661,Trieste,2026-03-08,192.8000
MII181681,Turi,2026-03-08,169.4444
MII181672,Udine,2026-03-08,204.5977
MII181691,Vallo della Lucania,2026-03-08,140.0000
MII181703,Varese,2026-03-08,200.0000
MII181820,Vasto,2026-03-08,75.3927
MII181839,Velletri,2026-03-08,154.9223
MII181847,Venezia Giudecca,2026-03-08,91.0891
MII181863,Venezia Santa Maria Maggiore,2026-03-08,162.4204
MII181870,Verbania,2026-03-08,139.6226
MII181880,Vercelli,2026-03-08,163.0137
MII181891,Verona,2026-03-08,184.1317
MII181908,Vibo Valentia,2026-03-08,112.5000
MII181918,Vicenza,2026-03-08,143.9394
MII181924,Vigevano,2026-03-08,173.3333
MII181934,Viterbo,2026-03-08,163.4568
MII179733,Voghera,2026-03-08,123.5988
MII179876,Volterra,2026-03-08,96.2766
MII158910,Agrigento,2026-03-15,136.0595
MII157783,Alba,2026-03-15,89.3617
MII158919,"Alessandria Cantiello, Gaeta",2026-03-15,93.5345
MII158924,Alessandria San Michele,2026-03-15,51.6949
MII158935,Alghero,2026-03-15,108.3333
MII172277,Altamura,2026-03-15,173.4694
MII158944,Ancona Barcaglione,2026-03-15,92.0000
MII158941,Ancona Montacuto,2026-03-15,142.7451
MII158945,Arbus,2026-03-15,108.7302
MII158948,Arezzo,2026-03-15,163.6364
MII159053,Ariano Irpino,2026-03-15,116.6667
MII159060,Arienzo,2026-03-15,151.7241
MII159065,Ascoli Piceno,2026-03-15,153.0000
MII159069,Asti,2026-03-15,136.1386
MII159314,Augusta,2026-03-15,175.3666
MII172011,Avellino,2026-03-15,138.6076
MII172187,Aversa,2026-03-15,125.6410
MII182440,Avezzano,2026-03-15,152.8302
MII172222,Barcellona Pozzo di Gotto,2026-03-15,88.1481
MII181678,Bari,2026-03-15,164.8855
MII158901,Belluno,2026-03-15,131.7073
MII160204,Benevento,2026-03-15,154.0323
MII172827,Bergamo,2026-03-15,188.7147
MII172332,Biella,2026-03-15,132.1429
MII172344,Bollate,2026-03-15,131.0971
MII172508,Bologna,2026-03-15,178.1513
MII172580,Bolzano,2026-03-15,113.6364
MII172592,Brescia Canton Monbello,2026-03-15,206.0440
MII172610,Brescia Verziano,2026-03-15,177.4648
MII172623,Brindisi,2026-03-15,174.6667
MII172814,Brissogne - Aosta,2026-03-15,83.8889
MII172320,Busto Arsizio,2026-03-15,203.7559
MII172835,Cagliari Uta,2026-03-15,131.0160
MII173006,Caltagirone,2026-03-15,120.2703
MII173063,Caltanissetta,2026-03-15,133.8798
MII173088,Campobasso,2026-03-15,170.5882
MII173101,Carinola,2026-03-15,114.1907
MII173114,Cassino,2026-03-15,167.7083
MII173237,Castelfranco Emilia,2026-03-15,63.7584
MII173259,Castelvetrano,2026-03-15,152.2727
MII173265,Castrovillari,2026-03-15,163.9344
MII173285,Catania Bicocca,2026-03-15,127.2727
MII173301,Catania Piazza Lanza,2026-03-15,171.9424
MII173311,Catanzaro,2026-03-15,108.2949
MII173356,Chiavari,2026-03-15,126.9231
MII173364,Chieti,2026-03-15,179.7468
MII173688,Civitavecchia Giuseppe Passerini,2026-03-15,59.0278
MII172208,Civitavecchia Nuovo Complesso,2026-03-15,178.3862
MII173712,Como,2026-03-15,166.2222
MII173341,Cosenza,2026-03-15,131.1927
MII173747,Cremona,2026-03-15,157.2178
MII173324,Crotone,2026-03-15,125.3968
MII173764,Cuneo,2026-03-15,103.1579
MII173784,Eboli,2026-03-15,77.7778
MII173813,Enna,2026-03-15,141.0959
MII173994,Favignana,2026-03-15,115.7303
MII174501,Fermo,2026-03-15,167.4419
MII174686,Ferrara,2026-03-15,168.7243
MII174825,Firenze Mario Gozzini,2026-03-15,137.8378
MII174720,Firenze Sollicciano,2026-03-15,160.9290
MII176375,Foggia,2026-03-15,218.8742
MII176403,Forlì,2026-03-15,121.2121
MII176414,Fossano,2026-03-15,81.6176
MII176424,Fossombrone,2026-03-15,103.2051
MII176437,Frosinone,2026-03-15,126.8245
MII176451,Gela,2026-03-15,152.0833
MII152284,Genova Marassi,2026-03-15,126.3551
MII176703,Genova Pontedecimo,2026-03-15,147.3118
MII176714,Giarre,2026-03-15,160.0000
MII176719,Gorizia,2026-03-15,123.8095
MII176743,Grosseto,2026-03-15,160.0000
MII176749,Imperia,2026-03-15,113.2075
MII176759,Isernia,2026-03-15,161.3636
MII176771,Isili,2026-03-15,118.6916
MII176781,Ivrea,2026-03-15,143.4286
MII177134,L'Aquila,2026-03-15,77.0270
MII176788,La Spezia,2026-03-15,139.7351
MII177107,Lanciano,2026-03-15,119.2825
MII177118,Lanusei,2026-03-15,103.0303
MII177323,Larino,2026-03-15,148.6239
MII177332,Latina,2026-03-15,188.3117
MII177346,Laureana di Borrello,2026-03-15,121.6216
MII177384,Lauro,2026-03-15,14.0000
MII177420,Lecce,2026-03-15,178.1955
MII177436,Lecco,2026-03-15,151.9231
MII177463,Livorno,2026-03-15,147.6510
MII177498,Livorno Gorgona,2026-03-15,137.0787
MII177996,Locri,2026-03-15,147.5000
MII178027,Lodi,2026-03-15,213.9535
MII178035,Lucca,2026-03-15,254.2857
MII178045,Lucera,2026-03-15,136.4341
MII178072,Mantova,2026-03-15,145.3608
MII178085,Massa,2026-03-15,166.2857
MII178115,Massa Marittima,2026-03-15,110.4167
MII178124,Matera,2026-03-15,158.1967
MII178141,Melfi,2026-03-15,150.7463
MII178148,Messina,2026-03-15,111.0092
MII158895,Milano San Vittore,2026-03-15,235.5742
MII178501,Milano San Vittore femminile,2026-03-15,176.0870
MII178638,Modena,2026-03-15,164.0669
MII178659,Monza,2026-03-15,183.2461
MII178666,Napoli Poggioreale,2026-03-15,170.7224
MII178672,Napoli Secondigliano,2026-03-15,141.5842
MII178681,Noto,2026-03-15,95.6250
MII178700,Novara,2026-03-15,112.1795
MII179224,Nuoro,2026-03-15,16.0584
MII178003,Onanì,2026-03-15,96.6507
MII179237,Opera,2026-03-15,152.9089
MII179274,Oristano,2026-03-15,101.1450
MII179280,Orvieto,2026-03-15,121.4286
MII179290,Padova,2026-03-15,128.1915
MII179299,Padova Nuovo Complesso,2026-03-15,155.7870
MII179306,Palermo Pagliarelli,2026-03-15,123.2452
MII179324,Palermo Ucciardone,2026-03-15,111.1111
MII179331,Paliano,2026-03-15,39.2157
MII179342,Palmi,2026-03-15,115.6028
MII179353,Paola,2026-03-15,131.4465
MII179364,Parma,2026-03-15,114.3541
MII182910,Pavia,2026-03-15,148.3366
MII179781,Perugia,2026-03-15,161.1111
MII179818,Pesaro,2026-03-15,174.3056
MII179830,Pescara,2026-03-15,163.3745
MII179842,Piacenza,2026-03-15,134.2995
MII179856,Piazza Armerina,2026-03-15,125.5319
MII182919,Pisa,2026-03-15,145.9893
MII179896,Pistoia,2026-03-15,114.4737
MII179913,Pordenone,2026-03-15,137.8378
MII179932,Porto Azzurro,2026-03-15,125.5452
MII179938,Potenza,2026-03-15,158.8785
MII179958,Prato,2026-03-15,110.7011
MII179965,Ragusa,2026-03-15,104.3716
MII179981,Ravenna,2026-03-15,183.6735
MII179988,Reggio Calabria Arghillà,2026-03-15,126.1194
MII179995,Reggio Calabria Giuseppe Panzera,2026-03-15,129.8137
MII182339,Reggio Emilia,2026-03-15,132.0513
MII169535,Rieti,2026-03-15,180.2768
MII180001,Rimini,2026-03-15,142.3729
MII180380,Roma Rebibbia,2026-03-15,111.2840
MII180348,Roma Rebibbia femminile,2026-03-15,156.5957
MII180356,Roma Rebibbia IIIª casa,2026-03-15,78.0303
MII180370,Roma Rebibbia Nuovo Complesso,2026-03-15,152.6217
MII180401,Roma Regina Coeli,2026-03-15,139.8601
MII180415,Rossano,2026-03-15,114.5038
MII180424,Rovigo,2026-03-15,137.0192
MII180426,Salerno,2026-03-15,157.7128
MII180437,Saluzzo,2026-03-15,85.4369
MII180451,San Cataldo,2026-03-15,82.0513
MII180458,San Gimignano,2026-03-15,145.9459
MII180476,San Severo,2026-03-15,142.6230
MII180465,Sanremo,2026-03-15,120.0913
MII181079,Sant'Angelo dei Lombardi,2026-03-15,157.2581
MII180487,Santa Maria Capua Vetere,2026-03-15,154.4379
MII181091,Sassari,2026-03-15,125.5459
MII181109,Sciacca,2026-03-15,115.0000
MII181115,Siena,2026-03-15,134.4828
MII181125,Siracusa,2026-03-15,118.3486
MII181346,Sondrio,2026-03-15,183.3333
MII181358,Spoleto,2026-03-15,115.1316
MII181371,Sulmona,2026-03-15,125.8126
MII181377,Taranto,2026-03-15,188.1395
MII181385,Tempio Pausania,2026-03-15,104.2945
MII181392,Teramo,2026-03-15,174.9004
MII181401,Termini Imerese,2026-03-15,112.6316
MII181407,Terni,2026-03-15,135.9338
MII181417,Tolmezzo,2026-03-15,123.6486
MII181424,Torino,2026-03-15,136.5050
MII181434,Trani,2026-03-15,141.0774
MII181440,Trani femminile,2026-03-15,121.8750
MII181625,Trapani,2026-03-15,118.8797
MII181636,Trento,2026-03-15,97.3810
MII181645,Treviso,2026-03-15,159.0909
MII181661,Trieste,2026-03-15,191.2000
MII181681,Turi,2026-03-15,171.2963
MII181672,Udine,2026-03-15,196.5517
MII181691,Vallo della Lucania,2026-03-15,142.5000
MII181703,Varese,2026-03-15,194.3396
MII181820,Vasto,2026-03-15,76.4398
MII181839,Velletri,2026-03-15,154.6632
MII181847,Venezia Giudecca,2026-03-15,93.0693
MII181863,Venezia Santa Maria Maggiore,2026-03-15,164.9682
MII181870,Verbania,2026-03-15,132.0755
MII181880,Vercelli,2026-03-15,164.3836
MII181891,Verona,2026-03-15,182.3353
MII181908,Vibo Valentia,2026-03-15,110.3571
MII181918,Vicenza,2026-03-15,142.8030
MII181924,Vigevano,2026-03-15,173.3333
MII181934,Viterbo,2026-03-15,163.4568
MII179733,Voghera,2026-03-15,124.7788
MII179876,Volterra,2026-03-15,95.7447
MII158910,Agrigento,2026-03-22,134.5725
MII157783,Alba,2026-03-22,87.2340
MII158919,"Alessandria Cantiello, Gaeta",2026-03-22,93.5345
MII158924,Alessandria San Michele,2026-03-22,50.8475
MII158935,Alghero,2026-03-22,108.9744
MII172277,Altamura,2026-03-22,179.5918
MII158944,Ancona Barcaglione,2026-03-22,102.0000
MII158941,Ancona Montacuto,2026-03-22,138.4314
MII158945,Arbus,2026-03-22,108.7302
MII158948,Arezzo,2026-03-22,168.1818
MII159053,Ariano Irpino,2026-03-22,134.2593
MII159060,Arienzo,2026-03-22,146.5517
MII159065,Ascoli Piceno,2026-03-22,151.0000
MII159069,Asti,2026-03-22,138.6139
MII159314,Augusta,2026-03-22,175.9531
MII172011,Avellino,2026-03-22,137.7637
MII172187,Aversa,2026-03-22,125.6410
MII182440,Avezzano,2026-03-22,149.0566
MII172222,Barcellona Pozzo di Gotto,2026-03-22,83.7037
MII181678,Bari,2026-03-22,162.9771
MII158901,Belluno,2026-03-22,129.2683
MII160204,Benevento,2026-03-22,153.2000
MII172827,Bergamo,2026-03-22,184.9530
MII172332,Biella,2026-03-22,131.1224
MII172344,Bollate,2026-03-22,126.5983
MII172508,Bologna,2026-03-22,178.5714
MII172580,Bolzano,2026-03-22,121.5909
MII172592,Brescia Canton Monbello,2026-03-22,207.6923
MII172610,Brescia Verziano,2026-03-22,180.2817
MII172623,Brindisi,2026-03-22,178.6667
MII172814,Brissogne - Aosta,2026-03-22,82.9545
MII172320,Busto Arsizio,2026-03-22,205.1643
MII172835,Cagliari Uta,2026-03-22,131.3725
MII173006,Caltagirone,2026-03-22,121.0811
MII173063,Caltanissetta,2026-03-22,135.5191
MII173088,Campobasso,2026-03-22,165.6863
MII173101,Carinola,2026-03-22,114.1907
MII173114,Cassino,2026-03-22,165.6250
MII173237,Castelfranco Emilia,2026-03-22,64.4295
MII173259,Castelvetrano,2026-03-22,154.5455
MII173265,Castrovillari,2026-03-22,147.5410
MII173285,Catania Bicocca,2026-03-22,125.7576
MII173301,Catania Piazza Lanza,2026-03-22,170.1439
MII173311,Catanzaro,2026-03-22,108.7558
MII173356,Chiavari,2026-03-22,126.9231
MII173364,Chieti,2026-03-22,175.9494
MII173688,Civitavecchia Giuseppe Passerini,2026-03-22,59.0278
MII172208,Civitavecchia Nuovo Complesso,2026-03-22,178.0980
MII173712,Como,2026-03-22,166.2222
MII173341,Cosenza,2026-03-22,129.5455
MII173747,Cremona,2026-03-22,158.5302
MII173324,Crotone,2026-03-22,126.9841
MII173764,Cuneo,2026-03-22,103.4211
MII173784,Eboli,2026-03-22,75.9259
MII173813,Enna,2026-03-22,138.3562
MII173994,Favignana,2026-03-22,119.1011
MII174501,Fermo,2026-03-22,162.7907
MII174686,Ferrara,2026-03-22,167.9012
MII174825,Firenze Mario Gozzini,2026-03-22,135.1351
MII174720,Firenze Sollicciano,2026-03-22,159.8361
MII176375,Foggia,2026-03-22,213.9073
MII176403,Forlì,2026-03-22,119.6970
MII176414,Fossano,2026-03-22,82.3529
MII176424,Fossombrone,2026-03-22,105.1282
MII176437,Frosinone,2026-03-22,126.0355
MII176451,Gela,2026-03-22,152.0833
MII152284,Genova Marassi,2026-03-22,127.4766
MII176703,Genova Pontedecimo,2026-03-22,151.0870
MII176714,Giarre,2026-03-22,162.2222
MII176719,Gorizia,2026-03-22,128.5714
MII176743,Grosseto,2026-03-22,153.3333
MII176749,Imperia,2026-03-22,113.2075
MII176759,Isernia,2026-03-22,159.0909
MII176771,Isili,2026-03-22,118.6916
MII176781,Ivrea,2026-03-22,144.0000
MII177134,L'Aquila,2026-03-22,82.2115
MII176788,La Spezia,2026-03-22,140.3974
MII177107,Lanciano,2026-03-22,120.6278
MII177118,Lanusei,2026-03-22,112.1212
MII177323,Larino,2026-03-22,146.7890
MII177332,Latina,2026-03-22,187.0130
MII177346,Laureana di Borrello,2026-03-22,118.9189
MII177384,Lauro,2026-03-22,12.0000
MII177420,Lecce,2026-03-22,177.4436
MII177436,Lecco,2026-03-22,155.7692
MII177463,Livorno,2026-03-22,152.3490
MII177498,Livorno Gorgona,2026-03-22,138.2022
MII177996,Locri,2026-03-22,147.5000
MII178027,Lodi,2026-03-22,216.2791
MII178035,Lucca,2026-03-22,257.1429
MII178045,Lucera,2026-03-22,139.5349
MII178072,Mantova,2026-03-22,141.2371
MII178085,Massa,2026-03-22,166.8571
MII178115,Massa Marittima,2026-03-22,108.3333
MII178124,Matera,2026-03-22,161.4754
MII178141,Melfi,2026-03-22,153.7313
MII178148,Messina,2026-03-22,111.9266
MII158895,Milano San Vittore,2026-03-22,183.8843
MII178501,Milano San Vittore femminile,2026-03-22,173.9130
MII178638,Modena,2026-03-22,161.2813
MII178659,Monza,2026-03-22,184.8564
MII178666,Napoli Poggioreale,2026-03-22,170.3422
MII178672,Napoli Secondigliano,2026-03-22,142.3942
MII178681,Noto,2026-03-22,94.3750
MII178700,Novara,2026-03-22,112.9032
MII179224,Nuoro,2026-03-22,15.6934
MII178003,Onanì,2026-03-22,95.6938
MII179237,Opera,2026-03-22,153.4066
MII179274,Oristano,2026-03-22,99.6183
MII179280,Orvieto,2026-03-22,122.4490
MII179290,Padova,2026-03-22,129.2553
MII179299,Padova Nuovo Complesso,2026-03-22,154.8611
MII179306,Palermo Pagliarelli,2026-03-22,122.6983
MII179324,Palermo Ucciardone,2026-03-22,110.8949
MII179331,Paliano,2026-03-22,39.8693
MII179342,Palmi,2026-03-22,116.3121
MII179353,Paola,2026-03-22,138.9937
MII179364,Parma,2026-03-22,117.5719
MII182910,Pavia,2026-03-22,147.7495
MII179781,Perugia,2026-03-22,158.8235
MII179818,Pesaro,2026-03-22,177.7778
MII179830,Pescara,2026-03-22,163.7860
MII179842,Piacenza,2026-03-22,138.1643
MII179856,Piazza Armerina,2026-03-22,131.9149
MII182919,Pisa,2026-03-22,149.1892
MII179896,Pistoia,2026-03-22,115.7895
MII179913,Pordenone,2026-03-22,132.4324
MII179932,Porto Azzurro,2026-03-22,124.2991
MII179938,Potenza,2026-03-22,155.1402
MII179958,Prato,2026-03-22,110.5166
MII179965,Ragusa,2026-03-22,101.6393
MII179981,Ravenna,2026-03-22,183.6735
MII179988,Reggio Calabria Arghillà,2026-03-22,126.4925
MII179995,Reggio Calabria Giuseppe Panzera,2026-03-22,130.4348
MII182339,Reggio Emilia,2026-03-22,132.9060
MII169535,Rieti,2026-03-22,179.9308
MII180001,Rimini,2026-03-22,146.6102
MII180380,Roma Rebibbia,2026-03-22,107.1698
MII180348,Roma Rebibbia femminile,2026-03-22,157.8723
MII180356,Roma Rebibbia IIIª casa,2026-03-22,78.0303
MII180370,Roma Rebibbia Nuovo Complesso,2026-03-22,153.3708
MII180401,Roma Regina Coeli,2026-03-22,140.3846
MII180415,Rossano,2026-03-22,117.1756
MII180424,Rovigo,2026-03-22,136.3636
MII180426,Salerno,2026-03-22,159.0426
MII180437,Saluzzo,2026-03-22,85.4369
MII180451,San Cataldo,2026-03-22,83.7607
MII180458,San Gimignano,2026-03-22,144.5946
MII180476,San Severo,2026-03-22,142.6230
MII180465,Sanremo,2026-03-22,118.2648
MII181079,Sant'Angelo dei Lombardi,2026-03-22,158.8710
MII180487,Santa Maria Capua Vetere,2026-03-22,154.7337
MII181091,Sassari,2026-03-22,124.2358
MII181109,Sciacca,2026-03-22,115.0000
MII181115,Siena,2026-03-22,129.3103
MII181125,Siracusa,2026-03-22,120.7339
MII181346,Sondrio,2026-03-22,179.1667
MII181358,Spoleto,2026-03-22,115.3509
MII181371,Sulmona,2026-03-22,125.0478
MII181377,Taranto,2026-03-22,187.2093
MII181385,Tempio Pausania,2026-03-22,104.2945
MII181392,Teramo,2026-03-22,174.5020
MII181401,Termini Imerese,2026-03-22,113.6842
MII181407,Terni,2026-03-22,140.5797
MII181417,Tolmezzo,2026-03-22,123.6486
MII181424,Torino,2026-03-22,136.0806
MII181434,Trani,2026-03-22,145.4545
MII181440,Trani femminile,2026-03-22,121.8750
MII181625,Trapani,2026-03-22,118.4647
MII181636,Trento,2026-03-22,98.5714
MII181645,Treviso,2026-03-22,156.8182
MII181661,Trieste,2026-03-22,187.2000
MII181681,Turi,2026-03-22,167.5926
MII181672,Udine,2026-03-22,194.2529
MII181691,Vallo della Lucania,2026-03-22,142.5000
MII181703,Varese,2026-03-22,184.9057
MII181820,Vasto,2026-03-22,76.4398
MII181839,Velletri,2026-03-22,153.8860
MII181847,Venezia Giudecca,2026-03-22,94.0594
MII181863,Venezia Santa Maria Maggiore,2026-03-22,167.7215
MII181870,Verbania,2026-03-22,137.7358
MII181880,Vercelli,2026-03-22,164.0909
MII181891,Verona,2026-03-22,183.5329
MII181908,Vibo Valentia,2026-03-22,110.7143
MII181918,Vicenza,2026-03-22,141.2879
MII181924,Vigevano,2026-03-22,160.0000
MII181934,Viterbo,2026-03-22,164.1975
MII179733,Voghera,2026-03-22,124.7788
MII179876,Volterra,2026-03-22,95.7447
MII158910,Agrigento,2026-03-28,136.0595
MII157783,Alba,2026-03-28,87.2340
MII158919,"Alessandria Cantiello, Gaeta",2026-03-28,100.4310
MII158924,Alessandria San Michele,2026-03-28,44.0678
MII158935,Alghero,2026-03-28,103.8462
MII172277,Altamura,2026-03-28,171.4286
MII158944,Ancona Barcaglione,2026-03-28,103.0000
MII158941,Ancona Montacuto,2026-03-28,140.0000
MII158945,Arbus,2026-03-28,107.1429
MII158948,Arezzo,2026-03-28,172.7273
MII159053,Ariano Irpino,2026-03-28,132.4074
MII159060,Arienzo,2026-03-28,146.5517
MII159065,Ascoli Piceno,2026-03-28,143.5644
MII159069,Asti,2026-03-28,138.0000
MII159314,Augusta,2026-03-28,174.4118
MII172011,Avellino,2026-03-28,136.4979
MII172187,Aversa,2026-03-28,126.0684
MII182440,Avezzano,2026-03-28,139.6226
MII172222,Barcellona Pozzo di Gotto,2026-03-28,84.4444
MII181678,Bari,2026-03-28,164.1221
MII158901,Belluno,2026-03-28,131.7073
MII160204,Benevento,2026-03-28,152.1912
MII172827,Bergamo,2026-03-28,182.4451
MII172332,Biella,2026-03-28,132.3980
MII172344,Bollate,2026-03-28,126.0458
MII172508,Bologna,2026-03-28,178.5714
MII172580,Bolzano,2026-03-28,123.8636
MII172592,Brescia Canton Monbello,2026-03-28,207.6923
MII172610,Brescia Verziano,2026-03-28,177.4648
MII172623,Brindisi,2026-03-28,176.9737
MII172814,Brissogne - Aosta,2026-03-28,84.7458
MII172320,Busto Arsizio,2026-03-28,199.5392
MII172835,Cagliari Uta,2026-03-28,132.2638
MII173006,Caltagirone,2026-03-28,122.1622
MII173063,Caltanissetta,2026-03-28,137.1585
MII173088,Campobasso,2026-03-28,165.6863
MII173101,Carinola,2026-03-28,114.6341
MII173114,Cassino,2026-03-28,170.9677
MII173237,Castelfranco Emilia,2026-03-28,69.7987
MII173259,Castelvetrano,2026-03-28,150.0000
MII173265,Castrovillari,2026-03-28,142.6230
MII173285,Catania Bicocca,2026-03-28,127.2727
MII173301,Catania Piazza Lanza,2026-03-28,174.4604
MII173311,Catanzaro,2026-03-28,107.6805
MII173356,Chiavari,2026-03-28,125.0000
MII173364,Chieti,2026-03-28,179.7468
MII173688,Civitavecchia Giuseppe Passerini,2026-03-28,59.0278
MII172208,Civitavecchia Nuovo Complesso,2026-03-28,178.6744
MII173712,Como,2026-03-28,165.7778
MII173341,Cosenza,2026-03-28,129.0909
MII173747,Cremona,2026-03-28,157.7428
MII173324,Crotone,2026-03-28,139.6825
MII173764,Cuneo,2026-03-28,102.1053
MII173784,Eboli,2026-03-28,77.7778
MII173813,Enna,2026-03-28,138.3562
MII173994,Favignana,2026-03-28,123.2558
MII174501,Fermo,2026-03-28,172.0930
MII174686,Ferrara,2026-03-28,167.9012
MII174825,Firenze Mario Gozzini,2026-03-28,139.1892
MII174720,Firenze Sollicciano,2026-03-28,158.7432
MII176375,Foggia,2026-03-28,216.5563
MII176403,Forlì,2026-03-28,122.7273
MII176414,Fossano,2026-03-28,83.8235
MII176424,Fossombrone,2026-03-28,105.1282
MII176437,Frosinone,2026-03-28,126.0355
MII176451,Gela,2026-03-28,156.2500
MII152284,Genova Marassi,2026-03-28,127.6636
MII176703,Genova Pontedecimo,2026-03-28,149.4505
MII176714,Giarre,2026-03-28,160.0000
MII176719,Gorizia,2026-03-28,125.3968
MII176743,Grosseto,2026-03-28,153.3333
MII176749,Imperia,2026-03-28,113.2075
MII176759,Isernia,2026-03-28,156.8182
MII176771,Isili,2026-03-28,118.6916
MII176781,Ivrea,2026-03-28,145.7143
MII177134,L'Aquila,2026-03-28,83.1731
MII176788,La Spezia,2026-03-28,138.4106
MII177107,Lanciano,2026-03-28,120.6278
MII177118,Lanusei,2026-03-28,109.0909
MII177323,Larino,2026-03-28,146.7890
MII177332,Latina,2026-03-28,194.8052
MII177346,Laureana di Borrello,2026-03-28,127.0270
MII177384,Lauro,2026-03-28,12.0000
MII177420,Lecce,2026-03-28,176.6917
MII177436,Lecco,2026-03-28,157.6923
MII177463,Livorno,2026-03-28,149.6644
MII177498,Livorno Gorgona,2026-03-28,138.2022
MII177996,Locri,2026-03-28,150.0000
MII178027,Lodi,2026-03-28,223.2558
MII178035,Lucca,2026-03-28,248.5714
MII178045,Lucera,2026-03-28,140.3101
MII178072,Mantova,2026-03-28,146.3918
MII178085,Massa,2026-03-28,168.5714
MII178115,Massa Marittima,2026-03-28,108.3333
MII178124,Matera,2026-03-28,156.5574
MII178141,Melfi,2026-03-28,149.2537
MII178148,Messina,2026-03-28,114.6789
MII158895,Milano San Vittore,2026-03-28,188.2231
MII178501,Milano San Vittore femminile,2026-03-28,169.5652
MII178638,Modena,2026-03-28,155.2408
MII178659,Monza,2026-03-28,184.8564
MII178666,Napoli Poggioreale,2026-03-28,170.1141
MII178672,Napoli Secondigliano,2026-03-28,141.7642
MII178681,Noto,2026-03-28,94.3750
MII178700,Novara,2026-03-28,110.8974
MII179224,Nuoro,2026-03-28,16.4234
MII178003,Onanì,2026-03-28,94.2857
MII179237,Opera,2026-03-28,153.9560
MII179274,Oristano,2026-03-28,100.3817
MII179280,Orvieto,2026-03-28,122.4490
MII179290,Padova,2026-03-28,124.4681
MII179299,Padova Nuovo Complesso,2026-03-28,154.1667
MII179306,Palermo Pagliarelli,2026-03-28,122.3336
MII179324,Palermo Ucciardone,2026-03-28,109.0385
MII179331,Paliano,2026-03-28,40.5229
MII179342,Palmi,2026-03-28,116.5468
MII179353,Paola,2026-03-28,139.6226
MII179364,Parma,2026-03-28,120.3200
MII182910,Pavia,2026-03-28,148.9237
MII179781,Perugia,2026-03-28,157.9805
MII179818,Pesaro,2026-03-28,181.9444
MII179830,Pescara,2026-03-28,162.9630
MII179842,Piacenza,2026-03-28,138.1643
MII179856,Piazza Armerina,2026-03-28,129.7872
MII182919,Pisa,2026-03-28,147.5676
MII179896,Pistoia,2026-03-28,110.5263
MII179913,Pordenone,2026-03-28,137.8378
MII179932,Porto Azzurro,2026-03-28,126.1682
MII179938,Potenza,2026-03-28,156.0748
MII179958,Prato,2026-03-28,111.2546
MII179965,Ragusa,2026-03-28,103.8251
MII179981,Ravenna,2026-03-28,175.5102
MII179988,Reggio Calabria Arghillà,2026-03-28,127.2388
MII179995,Reggio Calabria Giuseppe Panzera,2026-03-28,129.1925
MII182339,Reggio Emilia,2026-03-28,132.4786
MII169535,Rieti,2026-03-28,179.2388
MII180001,Rimini,2026-03-28,144.0678
MII180380,Roma Rebibbia,2026-03-28,106.4151
MII180348,Roma Rebibbia femminile,2026-03-28,158.7234
MII180356,Roma Rebibbia IIIª casa,2026-03-28,79.5455
MII180370,Roma Rebibbia Nuovo Complesso,2026-03-28,153.6517
MII180401,Roma Regina Coeli,2026-03-28,142.4825
MII180415,Rossano,2026-03-28,116.4122
MII180424,Rovigo,2026-03-28,136.3636
MII180426,Salerno,2026-03-28,157.7128
MII180437,Saluzzo,2026-03-28,84.9515
MII180451,San Cataldo,2026-03-28,88.0342
MII180458,San Gimignano,2026-03-28,143.0493
MII180476,San Severo,2026-03-28,139.3443
MII180465,Sanremo,2026-03-28,118.7215
MII181079,Sant'Angelo dei Lombardi,2026-03-28,155.6452
MII180487,Santa Maria Capua Vetere,2026-03-28,153.1065
MII181091,Sassari,2026-03-28,122.4891
MII181109,Sciacca,2026-03-28,120.0000
MII181115,Siena,2026-03-28,124.1379
MII181125,Siracusa,2026-03-28,122.5688
MII181346,Sondrio,2026-03-28,179.1667
MII181358,Spoleto,2026-03-28,115.7895
MII181371,Sulmona,2026-03-28,125.2390
MII181377,Taranto,2026-03-28,187.9070
MII181385,Tempio Pausania,2026-03-28,102.4540
MII181392,Teramo,2026-03-28,176.8924
MII181401,Termini Imerese,2026-03-28,114.7368
MII181407,Terni,2026-03-28,139.6135
MII181417,Tolmezzo,2026-03-28,122.9730
MII181424,Torino,2026-03-28,135.8059
MII181434,Trani,2026-03-28,145.4545
MII181440,Trani femminile,2026-03-28,118.7500
MII181625,Trapani,2026-03-28,118.2573
MII181636,Trento,2026-03-28,96.4286
MII181645,Treviso,2026-03-28,156.8182
MII181661,Trieste,2026-03-28,188.8000
MII181681,Turi,2026-03-28,166.6667
MII181672,Udine,2026-03-28,193.1034
MII181691,Vallo della Lucania,2026-03-28,145.0000
MII181703,Varese,2026-03-28,179.2453
MII181820,Vasto,2026-03-28,77.4869
MII181839,Velletri,2026-03-28,153.3679
MII181847,Venezia Giudecca,2026-03-28,95.0495
MII181863,Venezia Santa Maria Maggiore,2026-03-28,167.0886
MII181870,Verbania,2026-03-28,141.5094
MII181880,Vercelli,2026-03-28,164.5455
MII181891,Verona,2026-03-28,182.0359
MII181908,Vibo Valentia,2026-03-28,111.4286
MII181918,Vicenza,2026-03-28,139.0152
MII181924,Vigevano,2026-03-28,153.3333
MII181934,Viterbo,2026-03-28,165.1852
MII179733,Voghera,2026-03-28,125.9587
MII179876,Volterra,2026-03-28,95.7447
MII158910,Agrigento,2026-04-05,134.2007
MII157783,Alba,2026-04-05,85.1064
MII158919,"Alessandria Cantiello, Gaeta",2026-04-05,102.1552
MII158924,Alessandria San Michele,2026-04-05,44.0678
MII158935,Alghero,2026-04-05,104.5161
MII172277,Altamura,2026-04-05,181.6327
MII158944,Ancona Barcaglione,2026-04-05,97.0000
MII158941,Ancona Montacuto,2026-04-05,136.4706
MII158945,Arbus,2026-04-05,107.1429
MII158948,Arezzo,2026-04-05,172.7273
MII159053,Ariano Irpino,2026-04-05,132.8704
MII159060,Arienzo,2026-04-05,143.1034
MII159065,Ascoli Piceno,2026-04-05,143.6893
MII159069,Asti,2026-04-05,138.0000
MII159314,Augusta,2026-04-05,177.3529
MII172011,Avellino,2026-04-05,137.1308
MII172187,Aversa,2026-04-05,125.6410
MII182440,Avezzano,2026-04-05,143.3962
MII172222,Barcellona Pozzo di Gotto,2026-04-05,81.7518
MII181678,Bari,2026-04-05,166.4122
MII158901,Belluno,2026-04-05,128.0488
MII160204,Benevento,2026-04-05,153.6290
MII172827,Bergamo,2026-04-05,179.6238
MII172332,Biella,2026-04-05,135.9694
MII172344,Bollate,2026-04-05,126.6772
MII172508,Bologna,2026-04-05,177.3109
MII172580,Bolzano,2026-04-05,126.1364
MII172592,Brescia Canton Monbello,2026-04-05,208.7912
MII172610,Brescia Verziano,2026-04-05,174.6479
MII172623,Brindisi,2026-04-05,181.5789
MII172814,Brissogne - Aosta,2026-04-05,85.3107
MII172320,Busto Arsizio,2026-04-05,200.0000
MII172835,Cagliari Uta,2026-04-05,133.5116
MII173006,Caltagirone,2026-04-05,121.8919
MII173063,Caltanissetta,2026-04-05,134.9727
MII173088,Campobasso,2026-04-05,167.3267
MII173101,Carinola,2026-04-05,114.4124
MII173114,Cassino,2026-04-05,174.1935
MII173237,Castelfranco Emilia,2026-04-05,69.1275
MII173259,Castelvetrano,2026-04-05,147.7273
MII173265,Castrovillari,2026-04-05,139.3443
MII173285,Catania Bicocca,2026-04-05,125.7576
MII173301,Catania Piazza Lanza,2026-04-05,171.9424
MII173311,Catanzaro,2026-04-05,107.9877
MII173356,Chiavari,2026-04-05,126.9231
MII173364,Chieti,2026-04-05,183.5443
MII173688,Civitavecchia Giuseppe Passerini,2026-04-05,59.7222
MII172208,Civitavecchia Nuovo Complesso,2026-04-05,178.0980
MII173712,Como,2026-04-05,164.0000
MII173341,Cosenza,2026-04-05,125.0000
MII173747,Cremona,2026-04-05,157.2178
MII173324,Crotone,2026-04-05,139.6825
MII173764,Cuneo,2026-04-05,103.9370
MII173784,Eboli,2026-04-05,74.0741
MII173813,Enna,2026-04-05,141.0959
MII173994,Favignana,2026-04-05,123.2558
MII174501,Fermo,2026-04-05,169.7674
MII174686,Ferrara,2026-04-05,168.7243
MII174825,Firenze Mario Gozzini,2026-04-05,139.1892
MII174720,Firenze Sollicciano,2026-04-05,157.3770
MII176375,Foggia,2026-04-05,220.4698
MII176403,Forlì,2026-04-05,121.9697
MII176414,Fossano,2026-04-05,82.3529
MII176424,Fossombrone,2026-04-05,105.7692
MII176437,Frosinone,2026-04-05,127.4162
MII176451,Gela,2026-04-05,162.5000
MII152284,Genova Marassi,2026-04-05,127.1028
MII176703,Genova Pontedecimo,2026-04-05,153.8462
MII176714,Giarre,2026-04-05,157.7778
MII176719,Gorizia,2026-04-05,126.9841
MII176743,Grosseto,2026-04-05,160.0000
MII176749,Imperia,2026-04-05,111.3208
MII176759,Isernia,2026-04-05,161.3636
MII176771,Isili,2026-04-05,119.6262
MII176781,Ivrea,2026-04-05,140.0000
MII177134,L'Aquila,2026-04-05,82.6923
MII176788,La Spezia,2026-04-05,139.7351
MII177107,Lanciano,2026-04-05,119.7309
MII177118,Lanusei,2026-04-05,109.0909
MII177323,Larino,2026-04-05,146.7890
MII177332,Latina,2026-04-05,197.4026
MII177346,Laureana di Borrello,2026-04-05,132.4324
MII177384,Lauro,2026-04-05,12.0000
MII177420,Lecce,2026-04-05,174.4361
MII177436,Lecco,2026-04-05,151.9231
MII177463,Livorno,2026-04-05,153.0201
MII177498,Livorno Gorgona,2026-04-05,138.2022
MII177996,Locri,2026-04-05,142.5000
MII178027,Lodi,2026-04-05,206.9767
MII178035,Lucca,2026-04-05,242.8571
MII178045,Lucera,2026-04-05,137.2093
MII178072,Mantova,2026-04-05,143.2990
MII178085,Massa,2026-04-05,169.1429
MII178115,Massa Marittima,2026-04-05,112.5000
MII178124,Matera,2026-04-05,163.9344
MII178141,Melfi,2026-04-05,146.2687
MII178148,Messina,2026-04-05,108.6364
MII158895,Milano San Vittore,2026-04-05,196.2343
MII178501,Milano San Vittore femminile,2026-04-05,180.4348
MII178638,Modena,2026-04-05,165.6347
MII178659,Monza,2026-04-05,181.8182
MII178666,Napoli Poggioreale,2026-04-05,171.3526
MII178672,Napoli Secondigliano,2026-04-05,141.0441
MII178681,Noto,2026-04-05,93.7500
MII178700,Novara,2026-04-05,110.8974
MII179224,Nuoro,2026-04-05,16.0584
MII178003,Onanì,2026-04-05,94.2857
MII179237,Opera,2026-04-05,153.5165
MII179274,Oristano,2026-04-05,98.8372
MII179280,Orvieto,2026-04-05,124.4898
MII179290,Padova,2026-04-05,123.9362
MII179299,Padova Nuovo Complesso,2026-04-05,153.4722
MII179306,Palermo Pagliarelli,2026-04-05,122.6071
MII179324,Palermo Ucciardone,2026-04-05,110.7692
MII179331,Paliano,2026-04-05,39.8693
MII179342,Palmi,2026-04-05,116.5468
MII179353,Paola,2026-04-05,139.6226
MII179364,Parma,2026-04-05,120.0000
MII182910,Pavia,2026-04-05,149.3151
MII179781,Perugia,2026-04-05,158.6885
MII179818,Pesaro,2026-04-05,181.2500
MII179830,Pescara,2026-04-05,162.5514
MII179842,Piacenza,2026-04-05,137.2881
MII179856,Piazza Armerina,2026-04-05,134.0426
MII182919,Pisa,2026-04-05,149.7297
MII179896,Pistoia,2026-04-05,115.7895
MII179913,Pordenone,2026-04-05,140.5405
MII179932,Porto Azzurro,2026-04-05,124.9221
MII179938,Potenza,2026-04-05,148.5981
MII179958,Prato,2026-04-05,110.7011
MII179965,Ragusa,2026-04-05,104.3716
MII179981,Ravenna,2026-04-05,172.9167
MII179988,Reggio Calabria Arghillà,2026-04-05,123.4432
MII179995,Reggio Calabria Giuseppe Panzera,2026-04-05,127.5000
MII182339,Reggio Emilia,2026-04-05,133.3333
MII169535,Rieti,2026-04-05,183.3910
MII180001,Rimini,2026-04-05,149.1525
MII180380,Roma Rebibbia,2026-04-05,109.0566
MII180348,Roma Rebibbia femminile,2026-04-05,155.3191
MII180356,Roma Rebibbia IIIª casa,2026-04-05,77.2727
MII180370,Roma Rebibbia Nuovo Complesso,2026-04-05,152.3408
MII180401,Roma Regina Coeli,2026-04-05,141.6084
MII180415,Rossano,2026-04-05,115.9696
MII180424,Rovigo,2026-04-05,136.8421
MII180426,Salerno,2026-04-05,157.4468
MII180437,Saluzzo,2026-04-05,84.4660
MII180451,San Cataldo,2026-04-05,88.0342
MII180458,San Gimignano,2026-04-05,143.0493
MII180476,San Severo,2026-04-05,145.9016
MII180465,Sanremo,2026-04-05,118.2648
MII181079,Sant'Angelo dei Lombardi,2026-04-05,152.4194
MII180487,Santa Maria Capua Vetere,2026-04-05,154.8817
MII181091,Sassari,2026-04-05,123.1441
MII181109,Sciacca,2026-04-05,120.0000
MII181115,Siena,2026-04-05,125.8621
MII181125,Siracusa,2026-04-05,124.4037
MII181346,Sondrio,2026-04-05,175.0000
MII181358,Spoleto,2026-04-05,115.5702
MII181371,Sulmona,2026-04-05,124.4742
MII181377,Taranto,2026-04-05,189.7674
MII181385,Tempio Pausania,2026-04-05,103.0675
MII181392,Teramo,2026-04-05,178.4861
MII181401,Termini Imerese,2026-04-05,114.7368
MII181407,Terni,2026-04-05,137.6812
MII181417,Tolmezzo,2026-04-05,124.3243
MII181424,Torino,2026-04-05,136.0806
MII181434,Trani,2026-04-05,146.1279
MII181440,Trani femminile,2026-04-05,115.6250
MII181625,Trapani,2026-04-05,116.8050
MII181636,Trento,2026-04-05,97.8571
MII181645,Treviso,2026-04-05,162.1212
MII181661,Trieste,2026-04-05,186.4000
MII181681,Turi,2026-04-05,166.6667
MII181672,Udine,2026-04-05,190.8046
MII181691,Vallo della Lucania,2026-04-05,147.5000
MII181703,Varese,2026-04-05,181.1321
MII181820,Vasto,2026-04-05,79.0576
MII181839,Velletri,2026-04-05,152.0725
MII181847,Venezia Giudecca,2026-04-05,89.0909
MII181863,Venezia Santa Maria Maggiore,2026-04-05,167.7215
MII181870,Verbania,2026-04-05,145.2830
MII181880,Vercelli,2026-04-05,160.0000
MII181891,Verona,2026-04-05,183.5329
MII181908,Vibo Valentia,2026-04-05,111.7857
MII181918,Vicenza,2026-04-05,136.9811
MII181924,Vigevano,2026-04-05,146.6667
MII181934,Viterbo,2026-04-05,166.9136
MII179733,Voghera,2026-04-05,125.5814
MII179876,Volterra,2026-04-05,95.7447
MII158910,Agrigento,2026-04-09,131.9703
MII157783,Alba,2026-04-09,85.1064
MII158919,"Alessandria Cantiello, Gaeta",2026-04-09,102.5862
MII158924,Alessandria San Michele,2026-04-09,44.0678
MII158935,Alghero,2026-04-09,103.8710
MII172277,Altamura,2026-04-09,187.7551
MII158944,Ancona Barcaglione,2026-04-09,96.0000
MII158941,Ancona Montacuto,2026-04-09,136.4706
MII158945,Arbus,2026-04-09,104.7619
MII158948,Arezzo,2026-04-09,172.7273
MII159053,Ariano Irpino,2026-04-09,133.3333
MII159060,Arienzo,2026-04-09,143.1034
MII159065,Ascoli Piceno,2026-04-09,145.0980
MII159069,Asti,2026-04-09,138.3085
MII159314,Augusta,2026-04-09,177.7126
MII172011,Avellino,2026-04-09,137.1308
MII172187,Aversa,2026-04-09,125.2137
MII182440,Avezzano,2026-04-09,143.3962
MII172222,Barcellona Pozzo di Gotto,2026-04-09,81.3869
MII181678,Bari,2026-04-09,166.4122
MII158901,Belluno,2026-04-09,126.8293
MII160204,Benevento,2026-04-09,152.0161
MII172827,Bergamo,2026-04-09,178.9969
MII172332,Biella,2026-04-09,135.9694
MII172344,Bollate,2026-04-09,126.6772
MII172508,Bologna,2026-04-09,178.3158
MII172580,Bolzano,2026-04-09,120.4545
MII172592,Brescia Canton Monbello,2026-04-09,204.9451
MII172610,Brescia Verziano,2026-04-09,176.0563
MII172623,Brindisi,2026-04-09,181.5789
MII172814,Brissogne - Aosta,2026-04-09,82.5843
MII172320,Busto Arsizio,2026-04-09,199.0741
MII172835,Cagliari Uta,2026-04-09,132.4421
MII173006,Caltagirone,2026-04-09,120.2703
MII173063,Caltanissetta,2026-04-09,134.9727
MII173088,Campobasso,2026-04-09,166.3366
MII173101,Carinola,2026-04-09,114.8559
MII173114,Cassino,2026-04-09,174.1935
MII173237,Castelfranco Emilia,2026-04-09,68.4564
MII173259,Castelvetrano,2026-04-09,147.7273
MII173265,Castrovillari,2026-04-09,130.3279
MII173285,Catania Bicocca,2026-04-09,126.5152
MII173301,Catania Piazza Lanza,2026-04-09,174.8201
MII173311,Catanzaro,2026-04-09,108.7558
MII173356,Chiavari,2026-04-09,126.9231
MII173364,Chieti,2026-04-09,184.8101
MII173688,Civitavecchia Giuseppe Passerini,2026-04-09,59.0278
MII172208,Civitavecchia Nuovo Complesso,2026-04-09,179.7101
MII173712,Como,2026-04-09,164.2857
MII173341,Cosenza,2026-04-09,130.9091
MII173747,Cremona,2026-04-09,156.4304
MII173324,Crotone,2026-04-09,142.8571
MII173764,Cuneo,2026-04-09,104.1995
MII173784,Eboli,2026-04-09,74.0741
MII173813,Enna,2026-04-09,141.3793
MII173994,Favignana,2026-04-09,122.0930
MII174501,Fermo,2026-04-09,169.7674
MII174686,Ferrara,2026-04-09,169.1358
MII174825,Firenze Mario Gozzini,2026-04-09,140.5405
MII174720,Firenze Sollicciano,2026-04-09,155.1913
MII176375,Foggia,2026-04-09,220.7358
MII176403,Forlì,2026-04-09,119.6970
MII176414,Fossano,2026-04-09,83.8235
MII176424,Fossombrone,2026-04-09,105.1282
MII176437,Frosinone,2026-04-09,126.0355
MII176451,Gela,2026-04-09,160.4167
MII152284,Genova Marassi,2026-04-09,127.1028
MII176703,Genova Pontedecimo,2026-04-09,157.1429
MII176714,Giarre,2026-04-09,157.7778
MII176719,Gorizia,2026-04-09,120.6349
MII176743,Grosseto,2026-04-09,160.0000
MII176749,Imperia,2026-04-09,105.6604
MII176759,Isernia,2026-04-09,165.9091
MII176771,Isili,2026-04-09,119.6262
MII176781,Ivrea,2026-04-09,141.7143
MII177134,L'Aquila,2026-04-09,84.1346
MII176788,La Spezia,2026-04-09,139.7351
MII177107,Lanciano,2026-04-09,118.3857
MII177118,Lanusei,2026-04-09,112.1212
MII177323,Larino,2026-04-09,146.7890
MII177332,Latina,2026-04-09,205.1948
MII177346,Laureana di Borrello,2026-04-09,135.1351
MII177384,Lauro,2026-04-09,10.0000
MII177420,Lecce,2026-04-09,174.5614
MII177436,Lecco,2026-04-09,148.0769
MII177463,Livorno,2026-04-09,152.3490
MII177498,Livorno Gorgona,2026-04-09,135.9551
MII177996,Locri,2026-04-09,146.7532
MII178027,Lodi,2026-04-09,206.9767
MII178035,Lucca,2026-04-09,254.2857
MII178045,Lucera,2026-04-09,137.2093
MII178072,Mantova,2026-04-09,138.1443
MII178085,Massa,2026-04-09,171.4286
MII178115,Massa Marittima,2026-04-09,112.5000
MII178124,Matera,2026-04-09,159.8361
MII178141,Melfi,2026-04-09,146.2687
MII178148,Messina,2026-04-09,109.0909
MII158895,Milano San Vittore,2026-04-09,197.7083
MII178501,Milano San Vittore femminile,2026-04-09,180.4348
MII178638,Modena,2026-04-09,165.3251
MII178659,Monza,2026-04-09,180.7292
MII178666,Napoli Poggioreale,2026-04-09,170.7447
MII178672,Napoli Secondigliano,2026-04-09,140.3240
MII178681,Noto,2026-04-09,95.0000
MII178700,Novara,2026-04-09,112.8205
MII179224,Nuoro,2026-04-09,16.4234
MII178003,Onanì,2026-04-09,94.2857
MII179237,Opera,2026-04-09,153.2967
MII179274,Oristano,2026-04-09,96.9466
MII179280,Orvieto,2026-04-09,122.4490
MII179290,Padova,2026-04-09,126.3441
MII179299,Padova Nuovo Complesso,2026-04-09,153.2407
MII179306,Palermo Pagliarelli,2026-04-09,123.3364
MII179324,Palermo Ucciardone,2026-04-09,110.9195
MII179331,Paliano,2026-04-09,40.5229
MII179342,Palmi,2026-04-09,120.1439
MII179353,Paola,2026-04-09,138.9937
MII179364,Parma,2026-04-09,120.4762
MII182910,Pavia,2026-04-09,147.9452
MII179781,Perugia,2026-04-09,156.6343
MII179818,Pesaro,2026-04-09,183.3333
MII179830,Pescara,2026-04-09,162.1399
MII179842,Piacenza,2026-04-09,136.3196
MII179856,Piazza Armerina,2026-04-09,138.2979
MII182919,Pisa,2026-04-09,152.4324
MII179896,Pistoia,2026-04-09,119.7368
MII179913,Pordenone,2026-04-09,140.5405
MII179932,Porto Azzurro,2026-04-09,124.9221
MII179938,Potenza,2026-04-09,150.4673
MII179958,Prato,2026-04-09,110.1476
MII179965,Ragusa,2026-04-09,104.3716
MII179981,Ravenna,2026-04-09,172.9167
MII179988,Reggio Calabria Arghillà,2026-04-09,123.4432
MII179995,Reggio Calabria Giuseppe Panzera,2026-04-09,130.4348
MII182339,Reggio Emilia,2026-04-09,133.3333
MII169535,Rieti,2026-04-09,182.0069
MII180001,Rimini,2026-04-09,145.7627
MII180380,Roma Rebibbia,2026-04-09,108.3019
MII180348,Roma Rebibbia femminile,2026-04-09,153.6170
MII180356,Roma Rebibbia IIIª casa,2026-04-09,76.5152
MII180370,Roma Rebibbia Nuovo Complesso,2026-04-09,152.7154
MII180401,Roma Regina Coeli,2026-04-09,141.4336
MII180415,Rossano,2026-04-09,115.9696
MII180424,Rovigo,2026-04-09,138.2775
MII180426,Salerno,2026-04-09,157.7128
MII180437,Saluzzo,2026-04-09,84.4660
MII180451,San Cataldo,2026-04-09,88.0342
MII180458,San Gimignano,2026-04-09,143.4978
MII180476,San Severo,2026-04-09,139.3443
MII180465,Sanremo,2026-04-09,119.1781
MII181079,Sant'Angelo dei Lombardi,2026-04-09,152.4194
MII180487,Santa Maria Capua Vetere,2026-04-09,153.6982
MII181091,Sassari,2026-04-09,123.5808
MII181109,Sciacca,2026-04-09,120.0000
MII181115,Siena,2026-04-09,124.1379
MII181125,Siracusa,2026-04-09,123.4862
MII181346,Sondrio,2026-04-09,179.1667
MII181358,Spoleto,2026-04-09,116.0088
MII181371,Sulmona,2026-04-09,124.8566
MII181377,Taranto,2026-04-09,190.6977
MII181385,Tempio Pausania,2026-04-09,103.6810
MII181392,Teramo,2026-04-09,178.0876
MII181401,Termini Imerese,2026-04-09,114.7368
MII181407,Terni,2026-04-09,133.3333
MII181417,Tolmezzo,2026-04-09,125.0000
MII181424,Torino,2026-04-09,136.7216
MII181434,Trani,2026-04-09,146.4646
MII181440,Trani femminile,2026-04-09,118.7500
MII181625,Trapani,2026-04-09,116.5975
MII181636,Trento,2026-04-09,98.0952
MII181645,Treviso,2026-04-09,162.8788
MII181661,Trieste,2026-04-09,190.4000
MII181681,Turi,2026-04-09,166.6667
MII181672,Udine,2026-04-09,187.3563
MII181691,Vallo della Lucania,2026-04-09,142.5000
MII181703,Varese,2026-04-09,186.7925
MII181820,Vasto,2026-04-09,78.5340
MII181839,Velletri,2026-04-09,152.5907
MII181847,Venezia Giudecca,2026-04-09,85.7143
MII181863,Venezia Santa Maria Maggiore,2026-04-09,169.6203
MII181870,Verbania,2026-04-09,145.0980
MII181880,Vercelli,2026-04-09,161.3636
MII181891,Verona,2026-04-09,183.2335
MII181908,Vibo Valentia,2026-04-09,116.0714
MII181918,Vicenza,2026-04-09,136.9811
MII181924,Vigevano,2026-04-09,146.6667
MII181934,Viterbo,2026-04-09,166.6667
MII179733,Voghera,2026-04-09,125.2907
MII179876,Volterra,2026-04-09,95.2128
MII158910,Agrigento,2026-04-19,133.4572
MII157783,Alba,2026-04-19,85.1064
MII158919,"Alessandria Cantiello, Gaeta",2026-04-19,105.5794
MII158924,Alessandria San Michele,2026-04-19,42.3729
MII158935,Alghero,2026-04-19,103.2258
MII172277,Altamura,2026-04-19,191.8367
MII158944,Ancona Barcaglione,2026-04-19,94.0000
MII158941,Ancona Montacuto,2026-04-19,135.2941
MII158945,Arbus,2026-04-19,102.3810
MII158948,Arezzo,2026-04-19,186.3636
MII159053,Ariano Irpino,2026-04-19,134.2593
MII159060,Arienzo,2026-04-19,139.6552
MII159065,Ascoli Piceno,2026-04-19,141.1765
MII159069,Asti,2026-04-19,137.8109
MII159314,Augusta,2026-04-19,179.7654
MII172011,Avellino,2026-04-19,140.7173
MII172187,Aversa,2026-04-19,124.3590
MII182440,Avezzano,2026-04-19,156.6038
MII172222,Barcellona Pozzo di Gotto,2026-04-19,81.0219
MII181678,Bari,2026-04-19,163.7405
MII158901,Belluno,2026-04-19,124.3902
MII160204,Benevento,2026-04-19,154.8387
MII172827,Bergamo,2026-04-19,180.8777
MII172332,Biella,2026-04-19,138.5204
MII172344,Bollate,2026-04-19,126.3615
MII172508,Bologna,2026-04-19,179.7468
MII172580,Bolzano,2026-04-19,130.6818
MII172592,Brescia Canton Monbello,2026-04-19,209.8901
MII172610,Brescia Verziano,2026-04-19,174.6479
MII172623,Brindisi,2026-04-19,181.5789
MII172814,Brissogne - Aosta,2026-04-19,84.2697
MII172320,Busto Arsizio,2026-04-19,198.1481
MII172835,Cagliari Uta,2026-04-19,131.3725
MII173006,Caltagirone,2026-04-19,122.4324
MII173063,Caltanissetta,2026-04-19,136.0656
MII173088,Campobasso,2026-04-19,165.6863
MII173101,Carinola,2026-04-19,115.7080
MII173114,Cassino,2026-04-19,177.1739
MII173237,Castelfranco Emilia,2026-04-19,67.1141
MII173259,Castelvetrano,2026-04-19,145.4545
MII173265,Castrovillari,2026-04-19,103.2787
MII173285,Catania Bicocca,2026-04-19,124.2424
MII173301,Catania Piazza Lanza,2026-04-19,172.0430
MII173311,Catanzaro,2026-04-19,110.9231
MII173356,Chiavari,2026-04-19,136.5385
MII173364,Chieti,2026-04-19,179.7468
MII173688,Civitavecchia Giuseppe Passerini,2026-04-19,57.6389
MII172208,Civitavecchia Nuovo Complesso,2026-04-19,179.4203
MII173712,Como,2026-04-19,166.6667
MII173341,Cosenza,2026-04-19,127.7273
MII173747,Cremona,2026-04-19,157.2178
MII173324,Crotone,2026-04-19,146.0317
MII173764,Cuneo,2026-04-19,101.5748
MII173784,Eboli,2026-04-19,74.0741
MII173813,Enna,2026-04-19,141.3793
MII173994,Favignana,2026-04-19,126.7442
MII174501,Fermo,2026-04-19,172.0930
MII174686,Ferrara,2026-04-19,172.4280
MII174825,Firenze Mario Gozzini,2026-04-19,143.2432
MII174720,Firenze Sollicciano,2026-04-19,159.2896
MII176375,Foggia,2026-04-19,218.6047
MII176403,Forlì,2026-04-19,119.8473
MII176414,Fossano,2026-04-19,83.8235
MII176424,Fossombrone,2026-04-19,102.5641
MII176437,Frosinone,2026-04-19,127.2189
MII176451,Gela,2026-04-19,166.6667
MII152284,Genova Marassi,2026-04-19,124.8598
MII176703,Genova Pontedecimo,2026-04-19,156.2500
MII176714,Giarre,2026-04-19,169.7674
MII176719,Gorizia,2026-04-19,122.2222
MII176743,Grosseto,2026-04-19,206.6667
MII176749,Imperia,2026-04-19,111.3208
MII176759,Isernia,2026-04-19,175.0000
MII176771,Isili,2026-04-19,118.6916
MII176781,Ivrea,2026-04-19,146.8571
MII177134,L'Aquila,2026-04-19,81.7308
MII176788,La Spezia,2026-04-19,141.7219
MII177107,Lanciano,2026-04-19,117.4888
MII177118,Lanusei,2026-04-19,118.1818
MII177323,Larino,2026-04-19,148.6239
MII177332,Latina,2026-04-19,193.5065
MII177346,Laureana di Borrello,2026-04-19,127.0270
MII177384,Lauro,2026-04-19,16.0000
MII177420,Lecce,2026-04-19,178.5714
MII177436,Lecco,2026-04-19,150.0000
MII177463,Livorno,2026-04-19,153.6913
MII177498,Livorno Gorgona,2026-04-19,129.2135
MII177996,Locri,2026-04-19,148.7500
MII178027,Lodi,2026-04-19,206.9767
MII178035,Lucca,2026-04-19,257.1429
MII178045,Lucera,2026-04-19,138.7597
MII178072,Mantova,2026-04-19,143.6170
MII178085,Massa,2026-04-19,169.1429
MII178115,Massa Marittima,2026-04-19,114.5833
MII178124,Matera,2026-04-19,167.2131
MII178141,Melfi,2026-04-19,150.7463
MII178148,Messina,2026-04-19,109.0909
MII158895,Milano San Vittore,2026-04-19,205.9917
MII178501,Milano San Vittore femminile,2026-04-19,180.4348
MII178638,Modena,2026-04-19,160.8696
MII178659,Monza,2026-04-19,180.8786
MII178666,Napoli Poggioreale,2026-04-19,173.0038
MII178672,Napoli Secondigliano,2026-04-19,141.5842
MII178681,Noto,2026-04-19,93.7500
MII178700,Novara,2026-04-19,114.7436
MII179224,Nuoro,2026-04-19,16.7883
MII178003,Onanì,2026-04-19,91.9048
MII179237,Opera,2026-04-19,152.8571
MII179274,Oristano,2026-04-19,95.7854
MII179280,Orvieto,2026-04-19,126.5306
MII179290,Padova,2026-04-19,125.2747
MII179299,Padova Nuovo Complesso,2026-04-19,154.7786
MII179306,Palermo Pagliarelli,2026-04-19,122.8806
MII179324,Palermo Ucciardone,2026-04-19,107.4144
MII179331,Paliano,2026-04-19,41.0959
MII179342,Palmi,2026-04-19,121.9858
MII179353,Paola,2026-04-19,143.3962
MII179364,Parma,2026-04-19,119.1589
MII182910,Pavia,2026-04-19,146.9667
MII179781,Perugia,2026-04-19,158.3607
MII179818,Pesaro,2026-04-19,181.9444
MII179830,Pescara,2026-04-19,161.3169
MII179842,Piacenza,2026-04-19,137.1359
MII179856,Piazza Armerina,2026-04-19,142.5532
MII182919,Pisa,2026-04-19,154.5946
MII179896,Pistoia,2026-04-19,114.4737
MII179913,Pordenone,2026-04-19,145.9459
MII179932,Porto Azzurro,2026-04-19,123.3645
MII179938,Potenza,2026-04-19,154.2056
MII179958,Prato,2026-04-19,112.7306
MII179965,Ragusa,2026-04-19,108.1967
MII179981,Ravenna,2026-04-19,175.0000
MII179988,Reggio Calabria Arghillà,2026-04-19,126.7399
MII179995,Reggio Calabria Giuseppe Panzera,2026-04-19,128.9308
MII182339,Reggio Emilia,2026-04-19,135.0427
MII169535,Rieti,2026-04-19,185.1211
MII180001,Rimini,2026-04-19,148.3051
MII180380,Roma Rebibbia,2026-04-19,108.3019
MII180348,Roma Rebibbia femminile,2026-04-19,155.1282
MII180356,Roma Rebibbia IIIª casa,2026-04-19,77.2727
MII180370,Roma Rebibbia Nuovo Complesso,2026-04-19,155.8989
MII180401,Roma Regina Coeli,2026-04-19,145.4545
MII180415,Rossano,2026-04-19,119.7719
MII180424,Rovigo,2026-04-19,138.7560
MII180426,Salerno,2026-04-19,157.9787
MII180437,Saluzzo,2026-04-19,84.2233
MII180451,San Cataldo,2026-04-19,86.3248
MII180458,San Gimignano,2026-04-19,144.3946
MII180476,San Severo,2026-04-19,147.5410
MII180465,Sanremo,2026-04-19,120.5479
MII181079,Sant'Angelo dei Lombardi,2026-04-19,145.9677
MII180487,Santa Maria Capua Vetere,2026-04-19,151.7751
MII181091,Sassari,2026-04-19,124.2358
MII181109,Sciacca,2026-04-19,125.0000
MII181115,Siena,2026-04-19,125.8621
MII181125,Siracusa,2026-04-19,124.7706
MII181346,Sondrio,2026-04-19,166.6667
MII181358,Spoleto,2026-04-19,116.2281
MII181371,Sulmona,2026-04-19,124.4742
MII181377,Taranto,2026-04-19,190.4651
MII181385,Tempio Pausania,2026-04-19,103.6810
MII181392,Teramo,2026-04-19,181.6733
MII181401,Termini Imerese,2026-04-19,119.5652
MII181407,Terni,2026-04-19,134.2790
MII181417,Tolmezzo,2026-04-19,125.6757
MII181424,Torino,2026-04-19,135.2617
MII181434,Trani,2026-04-19,145.4545
MII181440,Trani femminile,2026-04-19,118.7500
MII181625,Trapani,2026-04-19,114.9378
MII181636,Trento,2026-04-19,99.2857
MII181645,Treviso,2026-04-19,163.6364
MII181661,Trieste,2026-04-19,191.2000
MII181681,Turi,2026-04-19,169.4444
MII181672,Udine,2026-04-19,202.2989
MII181691,Vallo della Lucania,2026-04-19,142.5000
MII181703,Varese,2026-04-19,190.5660
MII181820,Vasto,2026-04-19,76.1658
MII181839,Velletri,2026-04-19,153.8860
MII181847,Venezia Giudecca,2026-04-19,85.7143
MII181863,Venezia Santa Maria Maggiore,2026-04-19,168.3544
MII181870,Verbania,2026-04-19,154.1667
MII181880,Vercelli,2026-04-19,162.2727
MII181891,Verona,2026-04-19,185.0299
MII181908,Vibo Valentia,2026-04-19,116.8459
MII181918,Vicenza,2026-04-19,138.8679
MII181924,Vigevano,2026-04-19,140.0000
MII181934,Viterbo,2026-04-19,165.9259
MII179733,Voghera,2026-04-19,125.5814
MII179876,Volterra,2026-04-19,95.7447
MII158910,Agrigento,2026-04-26,135.6877
MII157783,Alba,2026-04-26,87.2340
MII158919,"Alessandria Cantiello, Gaeta",2026-04-26,106.4378
MII158924,Alessandria San Michele,2026-04-26,41.5254
MII158935,Alghero,2026-04-26,101.2821
MII172277,Altamura,2026-04-26,187.7551
MII158944,Ancona Barcaglione,2026-04-26,93.0000
MII158941,Ancona Montacuto,2026-04-26,135.6863
MII158945,Arbus,2026-04-26,106.3492
MII158948,Arezzo,2026-04-26,177.2727
MII159053,Ariano Irpino,2026-04-26,137.9630
MII159060,Arienzo,2026-04-26,139.6552
MII159065,Ascoli Piceno,2026-04-26,139.2157
MII159069,Asti,2026-04-26,137.3134
MII159314,Augusta,2026-04-26,178.5924
MII172011,Avellino,2026-04-26,140.0844
MII172187,Aversa,2026-04-26,125.6410
MII182440,Avezzano,2026-04-26,145.2830
MII172222,Barcellona Pozzo di Gotto,2026-04-26,83.2117
MII181678,Bari,2026-04-26,165.2672
MII158901,Belluno,2026-04-26,123.1707
MII160204,Benevento,2026-04-26,154.8387
MII172827,Bergamo,2026-04-26,180.8777
MII172332,Biella,2026-04-26,138.5204
MII172344,Bollate,2026-04-26,125.3354
MII172508,Bologna,2026-04-26,180.5907
MII172580,Bolzano,2026-04-26,127.2727
MII172592,Brescia Canton Monbello,2026-04-26,209.3407
MII172610,Brescia Verziano,2026-04-26,180.2817
MII172623,Brindisi,2026-04-26,182.8947
MII172814,Brissogne - Aosta,2026-04-26,84.8315
MII172320,Busto Arsizio,2026-04-26,198.6111
MII172835,Cagliari Uta,2026-04-26,132.6203
MII173006,Caltagirone,2026-04-26,122.1622
MII173063,Caltanissetta,2026-04-26,139.8907
MII173088,Campobasso,2026-04-26,165.6863
MII173101,Carinola,2026-04-26,113.7168
MII173114,Cassino,2026-04-26,176.0870
MII173237,Castelfranco Emilia,2026-04-26,66.4430
MII173259,Castelvetrano,2026-04-26,150.0000
MII173265,Castrovillari,2026-04-26,109.4340
MII173285,Catania Bicocca,2026-04-26,128.0303
MII173301,Catania Piazza Lanza,2026-04-26,173.4767
MII173311,Catanzaro,2026-04-26,111.0769
MII173356,Chiavari,2026-04-26,138.4615
MII173364,Chieti,2026-04-26,178.4810
MII173688,Civitavecchia Giuseppe Passerini,2026-04-26,56.9444
MII172208,Civitavecchia Nuovo Complesso,2026-04-26,177.2334
MII173712,Como,2026-04-26,170.6667
MII173341,Cosenza,2026-04-26,128.6364
MII173747,Cremona,2026-04-26,157.0313
MII173324,Crotone,2026-04-26,146.0317
MII173764,Cuneo,2026-04-26,102.0997
MII173784,Eboli,2026-04-26,77.7778
MII173813,Enna,2026-04-26,141.3793
MII173994,Favignana,2026-04-26,124.4186
MII174501,Fermo,2026-04-26,179.0698
MII174686,Ferrara,2026-04-26,172.4280
MII174825,Firenze Mario Gozzini,2026-04-26,148.6486
MII174720,Firenze Sollicciano,2026-04-26,160.3825
MII176375,Foggia,2026-04-26,222.1854
MII176403,Forlì,2026-04-26,119.0840
MII176414,Fossano,2026-04-26,83.8235
MII176424,Fossombrone,2026-04-26,103.8462
MII176437,Frosinone,2026-04-26,127.6134
MII176451,Gela,2026-04-26,172.9167
MII152284,Genova Marassi,2026-04-26,126.1682
MII176703,Genova Pontedecimo,2026-04-26,153.1250
MII176714,Giarre,2026-04-26,165.1163
MII176719,Gorizia,2026-04-26,125.3968
MII176743,Grosseto,2026-04-26,200.0000
MII176749,Imperia,2026-04-26,113.2075
MII176759,Isernia,2026-04-26,181.8182
MII176771,Isili,2026-04-26,115.8879
MII176781,Ivrea,2026-04-26,148.2759
MII177134,L'Aquila,2026-04-26,83.1731
MII176788,La Spezia,2026-04-26,143.0464
MII177107,Lanciano,2026-04-26,117.0404
MII177118,Lanusei,2026-04-26,109.0909
MII177323,Larino,2026-04-26,148.6239
MII177332,Latina,2026-04-26,207.7922
MII177346,Laureana di Borrello,2026-04-26,129.7297
MII177384,Lauro,2026-04-26,18.0000
MII177420,Lecce,2026-04-26,178.0612
MII177436,Lecco,2026-04-26,149.0196
MII177463,Livorno,2026-04-26,152.3490
MII177498,Livorno Gorgona,2026-04-26,130.3371
MII177996,Locri,2026-04-26,147.5000
MII178027,Lodi,2026-04-26,204.6512
MII178035,Lucca,2026-04-26,251.4286
MII178045,Lucera,2026-04-26,137.9845
MII178072,Mantova,2026-04-26,145.7447
MII178085,Massa,2026-04-26,165.7143
MII178115,Massa Marittima,2026-04-26,112.5000
MII178124,Matera,2026-04-26,166.3934
MII178141,Melfi,2026-04-26,149.2537
MII178148,Messina,2026-04-26,107.7273
MII158895,Milano San Vittore,2026-04-26,209.7107
MII178501,Milano San Vittore femminile,2026-04-26,189.1304
MII178638,Modena,2026-04-26,162.2291
MII178659,Monza,2026-04-26,166.7476
MII178666,Napoli Poggioreale,2026-04-26,171.0486
MII178672,Napoli Secondigliano,2026-04-26,141.3141
MII178681,Noto,2026-04-26,93.7500
MII178700,Novara,2026-04-26,112.1795
MII179224,Nuoro,2026-04-26,16.7883
MII178003,Onanì,2026-04-26,92.3810
MII179237,Opera,2026-04-26,153.1868
MII179274,Oristano,2026-04-26,94.6768
MII179280,Orvieto,2026-04-26,125.5102
MII179290,Padova,2026-04-26,126.3736
MII179299,Padova Nuovo Complesso,2026-04-26,152.5463
MII179306,Palermo Pagliarelli,2026-04-26,125.1595
MII179324,Palermo Ucciardone,2026-04-26,107.2243
MII179331,Paliano,2026-04-26,41.0959
MII179342,Palmi,2026-04-26,119.8582
MII179353,Paola,2026-04-26,145.2830
MII179364,Parma,2026-04-26,120.0935
MII182910,Pavia,2026-04-26,146.1840
MII179781,Perugia,2026-04-26,158.3062
MII179818,Pesaro,2026-04-26,179.8611
MII179830,Pescara,2026-04-26,158.4362
MII179842,Piacenza,2026-04-26,137.8641
MII179856,Piazza Armerina,2026-04-26,146.8085
MII182919,Pisa,2026-04-26,158.3784
MII179896,Pistoia,2026-04-26,121.0526
MII179913,Pordenone,2026-04-26,145.9459
MII179932,Porto Azzurro,2026-04-26,123.3645
MII179938,Potenza,2026-04-26,157.0093
MII179958,Prato,2026-04-26,113.8376
MII179965,Ragusa,2026-04-26,107.6503
MII179981,Ravenna,2026-04-26,179.1667
MII179988,Reggio Calabria Arghillà,2026-04-26,126.3736
MII179995,Reggio Calabria Giuseppe Panzera,2026-04-26,128.9308
MII182339,Reggio Emilia,2026-04-26,134.1880
MII169535,Rieti,2026-04-26,184.4291
MII180001,Rimini,2026-04-26,144.0678
MII180380,Roma Rebibbia,2026-04-26,107.2243
MII180348,Roma Rebibbia femminile,2026-04-26,154.7009
MII180356,Roma Rebibbia IIIª casa,2026-04-26,76.5152
MII180370,Roma Rebibbia Nuovo Complesso,2026-04-26,155.9925
MII180401,Roma Regina Coeli,2026-04-26,146.8531
MII180415,Rossano,2026-04-26,118.6312
MII180424,Rovigo,2026-04-26,136.8421
MII180426,Salerno,2026-04-26,160.2667
MII180437,Saluzzo,2026-04-26,84.2233
MII180451,San Cataldo,2026-04-26,87.1795
MII180458,San Gimignano,2026-04-26,147.0852
MII180476,San Severo,2026-04-26,142.6230
MII180465,Sanremo,2026-04-26,120.5479
MII181079,Sant'Angelo dei Lombardi,2026-04-26,154.7826
MII180487,Santa Maria Capua Vetere,2026-04-26,151.9231
MII181091,Sassari,2026-04-26,124.2358
MII181109,Sciacca,2026-04-26,130.0000
MII181115,Siena,2026-04-26,129.3103
MII181125,Siracusa,2026-04-26,125.5046
MII181346,Sondrio,2026-04-26,170.8333
MII181358,Spoleto,2026-04-26,116.4474
MII181371,Sulmona,2026-04-26,125.3846
MII181377,Taranto,2026-04-26,190.2326
MII181385,Tempio Pausania,2026-04-26,104.2945
MII181392,Teramo,2026-04-26,180.5556
MII181401,Termini Imerese,2026-04-26,114.1304
MII181407,Terni,2026-04-26,134.9882
MII181417,Tolmezzo,2026-04-26,127.7027
MII181424,Torino,2026-04-26,136.2718
MII181434,Trani,2026-04-26,147.1380
MII181440,Trani femminile,2026-04-26,128.1250
MII181625,Trapani,2026-04-26,114.9378
MII181636,Trento,2026-04-26,100.2381
MII181645,Treviso,2026-04-26,163.6364
MII181661,Trieste,2026-04-26,193.6000
MII181681,Turi,2026-04-26,168.5185
MII181672,Udine,2026-04-26,208.1395
MII181691,Vallo della Lucania,2026-04-26,142.5000
MII181703,Varese,2026-04-26,192.4528
MII181820,Vasto,2026-04-26,75.3846
MII181839,Velletri,2026-04-26,154.4041
MII181847,Venezia Giudecca,2026-04-26,87.5000
MII181863,Venezia Santa Maria Maggiore,2026-04-26,169.6203
MII181870,Verbania,2026-04-26,158.3333
MII181880,Vercelli,2026-04-26,164.0909
MII181891,Verona,2026-04-26,186.8263
MII181908,Vibo Valentia,2026-04-26,117.9211
MII181918,Vicenza,2026-04-26,136.2264
MII181924,Vigevano,2026-04-26,140.0000
MII181934,Viterbo,2026-04-26,164.9383
MII179733,Voghera,2026-04-26,124.1279
MII179876,Volterra,2026-04-26,95.2128
MII158910,Agrigento,2026-05-03,137.9699
MII157783,Alba,2026-05-03,91.4894
MII158919,"Alessandria Cantiello, Gaeta",2026-05-03,106.0086
MII158924,Alessandria San Michele,2026-05-03,39.8305
MII158935,Alghero,2026-05-03,100.0000
MII172277,Altamura,2026-05-03,187.7551
MII158944,Ancona Barcaglione,2026-05-03,94.0000
MII158941,Ancona Montacuto,2026-05-03,135.6863
MII158945,Arbus,2026-05-03,105.5556
MII158948,Arezzo,2026-05-03,172.7273
MII159053,Ariano Irpino,2026-05-03,139.3519
MII159060,Arienzo,2026-05-03,137.9310
MII159065,Ascoli Piceno,2026-05-03,138.2353
MII159069,Asti,2026-05-03,133.3333
MII159314,Augusta,2026-05-03,178.0059
MII172011,Avellino,2026-05-03,140.9283
MII172187,Aversa,2026-05-03,128.6325
MII182440,Avezzano,2026-05-03,150.9434
MII172222,Barcellona Pozzo di Gotto,2026-05-03,83.9416
MII181678,Bari,2026-05-03,167.1756
MII158901,Belluno,2026-05-03,126.8293
MII160204,Benevento,2026-05-03,157.2581
MII172827,Bergamo,2026-05-03,182.7586
MII172332,Biella,2026-05-03,139.2857
MII172344,Bollate,2026-05-03,125.4144
MII172508,Bologna,2026-05-03,181.3953
MII172580,Bolzano,2026-05-03,129.5455
MII172592,Brescia Canton Monbello,2026-05-03,210.4396
MII172610,Brescia Verziano,2026-05-03,180.2817
MII172623,Brindisi,2026-05-03,176.3158
MII172814,Brissogne - Aosta,2026-05-03,85.9551
MII172320,Busto Arsizio,2026-05-03,198.1818
MII172835,Cagliari Uta,2026-05-03,131.5508
MII173006,Caltagirone,2026-05-03,123.2432
MII173063,Caltanissetta,2026-05-03,140.4372
MII173088,Campobasso,2026-05-03,167.6471
MII173101,Carinola,2026-05-03,115.4867
MII173114,Cassino,2026-05-03,177.1739
MII173237,Castelfranco Emilia,2026-05-03,63.7584
MII173259,Castelvetrano,2026-05-03,150.0000
MII173265,Castrovillari,2026-05-03,111.7647
MII173285,Catania Bicocca,2026-05-03,128.0303
MII173301,Catania Piazza Lanza,2026-05-03,174.9104
MII173311,Catanzaro,2026-05-03,111.3846
MII173356,Chiavari,2026-05-03,138.4615
MII173364,Chieti,2026-05-03,188.6076
MII173688,Civitavecchia Giuseppe Passerini,2026-05-03,56.9444
MII172208,Civitavecchia Nuovo Complesso,2026-05-03,180.9798
MII173712,Como,2026-05-03,174.2222
MII173341,Cosenza,2026-05-03,131.6038
MII173747,Cremona,2026-05-03,156.5104
MII173324,Crotone,2026-05-03,139.6825
MII173764,Cuneo,2026-05-03,104.1995
MII173784,Eboli,2026-05-03,77.7778
MII173813,Enna,2026-05-03,142.0690
MII173994,Favignana,2026-05-03,120.2247
MII174501,Fermo,2026-05-03,172.0930
MII174686,Ferrara,2026-05-03,172.0165
MII174825,Firenze Mario Gozzini,2026-05-03,151.3514
MII174720,Firenze Sollicciano,2026-05-03,164.7541
MII176375,Foggia,2026-05-03,224.5033
MII176403,Forlì,2026-05-03,116.7939
MII176414,Fossano,2026-05-03,83.8235
MII176424,Fossombrone,2026-05-03,104.4872
MII176437,Frosinone,2026-05-03,130.5720
MII176451,Gela,2026-05-03,177.0833
MII152284,Genova Marassi,2026-05-03,128.5981
MII176703,Genova Pontedecimo,2026-05-03,154.1667
MII176714,Giarre,2026-05-03,158.1395
MII176719,Gorizia,2026-05-03,125.3968
MII176743,Grosseto,2026-05-03,213.3333
MII176749,Imperia,2026-05-03,118.8679
MII176759,Isernia,2026-05-03,181.8182
MII176771,Isili,2026-05-03,116.8224
MII176781,Ivrea,2026-05-03,144.8276
MII177134,L'Aquila,2026-05-03,82.6923
MII176788,La Spezia,2026-05-03,143.0464
MII177107,Lanciano,2026-05-03,115.6951
MII177118,Lanusei,2026-05-03,106.0606
MII177323,Larino,2026-05-03,147.7064
MII177332,Latina,2026-05-03,203.8961
MII177346,Laureana di Borrello,2026-05-03,132.4324
MII177384,Lauro,2026-05-03,18.0000
MII177420,Lecce,2026-05-03,178.5714
MII177436,Lecco,2026-05-03,156.8627
MII177463,Livorno,2026-05-03,152.3490
MII177498,Livorno Gorgona,2026-05-03,128.0899
MII177996,Locri,2026-05-03,147.5000
MII178027,Lodi,2026-05-03,211.6279
MII178035,Lucca,2026-05-03,240.0000
MII178045,Lucera,2026-05-03,137.9845
MII178072,Mantova,2026-05-03,140.8602
MII178085,Massa,2026-05-03,168.5714
MII178115,Massa Marittima,2026-05-03,120.8333
MII178124,Matera,2026-05-03,166.3934
MII178141,Melfi,2026-05-03,147.7612
MII178148,Messina,2026-05-03,106.3636
MII158895,Milano San Vittore,2026-05-03,209.5041
MII178501,Milano San Vittore femminile,2026-05-03,191.3043
MII178638,Modena,2026-05-03,164.9068
MII178659,Monza,2026-05-03,165.2913
MII178666,Napoli Poggioreale,2026-05-03,171.7871
MII178672,Napoli Secondigliano,2026-05-03,141.3141
MII178681,Noto,2026-05-03,95.6250
MII178700,Novara,2026-05-03,114.1026
MII179224,Nuoro,2026-05-03,17.5182
MII178003,Onanì,2026-05-03,91.4286
MII179237,Opera,2026-05-03,153.7445
MII179274,Oristano,2026-05-03,95.4373
MII179280,Orvieto,2026-05-03,125.5102
MII179290,Padova,2026-05-03,124.7253
MII179299,Padova Nuovo Complesso,2026-05-03,152.3148
MII179306,Palermo Pagliarelli,2026-05-03,126.0711
MII179324,Palermo Ucciardone,2026-05-03,108.1749
MII179331,Paliano,2026-05-03,41.7808
MII179342,Palmi,2026-05-03,115.6028
MII179353,Paola,2026-05-03,147.7987
MII179364,Parma,2026-05-03,120.5607
MII182910,Pavia,2026-05-03,146.0938
MII179781,Perugia,2026-05-03,159.2834
MII179818,Pesaro,2026-05-03,176.3889
MII179830,Pescara,2026-05-03,157.6132
MII179842,Piacenza,2026-05-03,139.9510
MII179856,Piazza Armerina,2026-05-03,146.8085
MII182919,Pisa,2026-05-03,160.0000
MII179896,Pistoia,2026-05-03,119.7368
MII179913,Pordenone,2026-05-03,148.6486
MII179932,Porto Azzurro,2026-05-03,123.9875
MII179938,Potenza,2026-05-03,161.6822
MII179958,Prato,2026-05-03,114.0221
MII179965,Ragusa,2026-05-03,106.0109
MII179981,Ravenna,2026-05-03,185.4167
MII179988,Reggio Calabria Arghillà,2026-05-03,127.8388
MII179995,Reggio Calabria Giuseppe Panzera,2026-05-03,113.8365
MII182339,Reggio Emilia,2026-05-03,132.4786
MII169535,Rieti,2026-05-03,184.4291
MII180001,Rimini,2026-05-03,150.0000
MII180380,Roma Rebibbia,2026-05-03,107.2243
MII180348,Roma Rebibbia femminile,2026-05-03,155.9829
MII180356,Roma Rebibbia IIIª casa,2026-05-03,81.0606
MII180370,Roma Rebibbia Nuovo Complesso,2026-05-03,155.1498
MII180401,Roma Regina Coeli,2026-05-03,150.6993
MII180415,Rossano,2026-05-03,119.7719
MII180424,Rovigo,2026-05-03,135.4067
MII180426,Salerno,2026-05-03,163.8298
MII180437,Saluzzo,2026-05-03,84.4660
MII180451,San Cataldo,2026-05-03,89.7436
MII180458,San Gimignano,2026-05-03,147.9821
MII180476,San Severo,2026-05-03,134.4262
MII180465,Sanremo,2026-05-03,122.3744
MII181079,Sant'Angelo dei Lombardi,2026-05-03,161.7391
MII180487,Santa Maria Capua Vetere,2026-05-03,151.6272
MII181091,Sassari,2026-05-03,124.4541
MII181109,Sciacca,2026-05-03,130.0000
MII181115,Siena,2026-05-03,131.0345
MII181125,Siracusa,2026-05-03,126.9725
MII181346,Sondrio,2026-05-03,166.6667
MII181358,Spoleto,2026-05-03,116.4474
MII181371,Sulmona,2026-05-03,125.3846
MII181377,Taranto,2026-05-03,191.6279
MII181385,Tempio Pausania,2026-05-03,104.9080
MII181392,Teramo,2026-05-03,178.9683
MII181401,Termini Imerese,2026-05-03,113.0435
MII181407,Terni,2026-05-03,134.5154
MII181417,Tolmezzo,2026-05-03,127.7027
MII181424,Torino,2026-05-03,136.8228
MII181434,Trani,2026-05-03,147.8114
MII181440,Trani femminile,2026-05-03,125.0000
MII181625,Trapani,2026-05-03,115.3527
MII181636,Trento,2026-05-03,99.7619
MII181645,Treviso,2026-05-03,165.1515
MII181661,Trieste,2026-05-03,194.4000
MII181681,Turi,2026-05-03,167.5926
MII181672,Udine,2026-05-03,210.4651
MII181691,Vallo della Lucania,2026-05-03,147.5000
MII181703,Varese,2026-05-03,196.2264
MII181820,Vasto,2026-05-03,76.9231
MII181839,Velletri,2026-05-03,152.5907
MII181847,Venezia Giudecca,2026-05-03,87.5000
MII181863,Venezia Santa Maria Maggiore,2026-05-03,169.6203
MII181870,Verbania,2026-05-03,156.2500
MII181880,Vercelli,2026-05-03,165.0000
MII181891,Verona,2026-05-03,189.5210
MII181908,Vibo Valentia,2026-05-03,117.8182
MII181918,Vicenza,2026-05-03,135.0943
MII181924,Vigevano,2026-05-03,133.3333
MII181934,Viterbo,2026-05-03,165.9259
MII179733,Voghera,2026-05-03,124.7093
MII179876,Volterra,2026-05-03,95.2128
MII158910,Agrigento,2026-05-10,137.2180
MII157783,Alba,2026-05-10,87.2340
MII158919,"Alessandria Cantiello, Gaeta",2026-05-10,107.2961
MII158924,Alessandria San Michele,2026-05-10,39.8305
MII158935,Alghero,2026-05-10,97.4359
MII172277,Altamura,2026-05-10,181.6327
MII158944,Ancona Barcaglione,2026-05-10,92.0000
MII158941,Ancona Montacuto,2026-05-10,134.9020
MII158945,Arbus,2026-05-10,104.7619
MII158948,Arezzo,2026-05-10,163.6364
MII159053,Ariano Irpino,2026-05-10,142.1296
MII159060,Arienzo,2026-05-10,137.9310
MII159065,Ascoli Piceno,2026-05-10,134.9515
MII159069,Asti,2026-05-10,134.8259
MII159314,Augusta,2026-05-10,176.2463
MII172011,Avellino,2026-05-10,139.4904
MII172187,Aversa,2026-05-10,129.9145
MII182440,Avezzano,2026-05-10,156.6038
MII172222,Barcellona Pozzo di Gotto,2026-05-10,85.4015
MII181678,Bari,2026-05-10,166.7939
MII158901,Belluno,2026-05-10,128.0488
MII160204,Benevento,2026-05-10,158.0645
MII172827,Bergamo,2026-05-10,183.0721
MII172332,Biella,2026-05-10,139.7959
MII172344,Bollate,2026-05-10,124.7830
MII172508,Bologna,2026-05-10,178.8584
MII172580,Bolzano,2026-05-10,130.6818
MII172592,Brescia Canton Monbello,2026-05-10,213.1868
MII172610,Brescia Verziano,2026-05-10,177.4648
MII172623,Brindisi,2026-05-10,171.7105
MII172814,Brissogne - Aosta,2026-05-10,85.8757
MII172320,Busto Arsizio,2026-05-10,198.1735
MII172835,Cagliari Uta,2026-05-10,131.9073
MII173006,Caltagirone,2026-05-10,122.3118
MII173063,Caltanissetta,2026-05-10,143.1694
MII173088,Campobasso,2026-05-10,176.2376
MII173101,Carinola,2026-05-10,115.9292
MII173114,Cassino,2026-05-10,176.3441
MII173237,Castelfranco Emilia,2026-05-10,64.4295
MII173259,Castelvetrano,2026-05-10,156.8182
MII173265,Castrovillari,2026-05-10,111.7647
MII173285,Catania Bicocca,2026-05-10,125.7576
MII173301,Catania Piazza Lanza,2026-05-10,166.6667
MII173311,Catanzaro,2026-05-10,111.3846
MII173356,Chiavari,2026-05-10,132.6923
MII173364,Chieti,2026-05-10,181.0127
MII173688,Civitavecchia Giuseppe Passerini,2026-05-10,55.5556
MII172208,Civitavecchia Nuovo Complesso,2026-05-10,181.8444
MII173712,Como,2026-05-10,174.2222
MII173341,Cosenza,2026-05-10,127.6995
MII173747,Cremona,2026-05-10,153.9063
MII173324,Crotone,2026-05-10,131.7460
MII173764,Cuneo,2026-05-10,104.9869
MII173784,Eboli,2026-05-10,77.7778
MII173813,Enna,2026-05-10,140.0000
MII173994,Favignana,2026-05-10,120.4545
MII174501,Fermo,2026-05-10,169.7674
MII174686,Ferrara,2026-05-10,169.9588
MII174825,Firenze Mario Gozzini,2026-05-10,151.3514
MII174720,Firenze Sollicciano,2026-05-10,163.9344
MII176375,Foggia,2026-05-10,226.1589
MII176403,Forlì,2026-05-10,110.6870
MII176414,Fossano,2026-05-10,83.8235
MII176424,Fossombrone,2026-05-10,115.3846
MII176437,Frosinone,2026-05-10,128.5714
MII176451,Gela,2026-05-10,181.2500
MII152284,Genova Marassi,2026-05-10,130.0935
MII176703,Genova Pontedecimo,2026-05-10,154.1667
MII176714,Giarre,2026-05-10,158.1395
MII176719,Gorizia,2026-05-10,126.9841
MII176743,Grosseto,2026-05-10,200.0000
MII176749,Imperia,2026-05-10,130.1887
MII176759,Isernia,2026-05-10,165.9091
MII176771,Isili,2026-05-10,115.8879
MII176781,Ivrea,2026-05-10,148.5714
MII177134,L'Aquila,2026-05-10,82.6923
MII176788,La Spezia,2026-05-10,143.0464
MII177107,Lanciano,2026-05-10,116.1435
MII177118,Lanusei,2026-05-10,109.0909
MII177323,Larino,2026-05-10,144.0367
MII177332,Latina,2026-05-10,198.7013
MII177346,Laureana di Borrello,2026-05-10,148.6486
MII177384,Lauro,2026-05-10,20.0000
MII177420,Lecce,2026-05-10,178.9541
MII177436,Lecco,2026-05-10,153.8462
MII177463,Livorno,2026-05-10,154.3624
MII177498,Livorno Gorgona,2026-05-10,132.5843
MII177996,Locri,2026-05-10,147.5000
MII178027,Lodi,2026-05-10,213.9535
MII178035,Lucca,2026-05-10,228.5714
MII178045,Lucera,2026-05-10,135.6589
MII178072,Mantova,2026-05-10,136.1702
MII178085,Massa,2026-05-10,169.1429
MII178115,Massa Marittima,2026-05-10,125.0000
MII178124,Matera,2026-05-10,166.3934
MII178141,Melfi,2026-05-10,152.2388
MII178148,Messina,2026-05-10,110.4545
MII158895,Milano San Vittore,2026-05-10,213.2231
MII178501,Milano San Vittore femminile,2026-05-10,195.6522
MII178638,Modena,2026-05-10,162.1118
MII178659,Monza,2026-05-10,166.5037
MII178666,Napoli Poggioreale,2026-05-10,172.3954
MII178672,Napoli Secondigliano,2026-05-10,141.7642
MII178681,Noto,2026-05-10,98.1250
MII178700,Novara,2026-05-10,108.9744
MII179224,Nuoro,2026-05-10,19.3431
MII178003,Onanì,2026-05-10,90.9524
MII179237,Opera,2026-05-10,154.0749
MII179274,Oristano,2026-05-10,96.1686
MII179280,Orvieto,2026-05-10,126.5306
MII179290,Padova,2026-05-10,129.7753
MII179299,Padova Nuovo Complesso,2026-05-10,151.3889
MII179306,Palermo Pagliarelli,2026-05-10,127.3059
MII179324,Palermo Ucciardone,2026-05-10,107.9848
MII179331,Paliano,2026-05-10,41.0959
MII179342,Palmi,2026-05-10,111.3475
MII179353,Paola,2026-05-10,145.2830
MII179364,Parma,2026-05-10,120.3077
MII182910,Pavia,2026-05-10,145.3125
MII179781,Perugia,2026-05-10,158.3062
MII179818,Pesaro,2026-05-10,180.5556
MII179830,Pescara,2026-05-10,160.0823
MII179842,Piacenza,2026-05-10,139.1198
MII179856,Piazza Armerina,2026-05-10,148.9362
MII182919,Pisa,2026-05-10,160.0000
MII179896,Pistoia,2026-05-10,117.1053
MII179913,Pordenone,2026-05-10,145.9459
MII179932,Porto Azzurro,2026-05-10,120.6587
MII179938,Potenza,2026-05-10,162.6168
MII179958,Prato,2026-05-10,114.3911
MII179965,Ragusa,2026-05-10,105.4645
MII179981,Ravenna,2026-05-10,185.4167
MII179988,Reggio Calabria Arghillà,2026-05-10,129.8182
MII179995,Reggio Calabria Giuseppe Panzera,2026-05-10,89.3082
MII182339,Reggio Emilia,2026-05-10,129.9145
MII169535,Rieti,2026-05-10,183.7370
MII180001,Rimini,2026-05-10,149.1525
MII180380,Roma Rebibbia,2026-05-10,105.7034
MII180348,Roma Rebibbia femminile,2026-05-10,155.1282
MII180356,Roma Rebibbia IIIª casa,2026-05-10,80.3030
MII180370,Roma Rebibbia Nuovo Complesso,2026-05-10,157.5843
MII180401,Roma Regina Coeli,2026-05-10,155.7692
MII180415,Rossano,2026-05-10,120.5323
MII180424,Rovigo,2026-05-10,130.6220
MII180426,Salerno,2026-05-10,164.0957
MII180437,Saluzzo,2026-05-10,83.9806
MII180451,San Cataldo,2026-05-10,88.8889
MII180458,San Gimignano,2026-05-10,148.8789
MII180476,San Severo,2026-05-10,144.2623
MII180465,Sanremo,2026-05-10,121.0046
MII181079,Sant'Angelo dei Lombardi,2026-05-10,156.5217
MII180487,Santa Maria Capua Vetere,2026-05-10,151.6272
MII181091,Sassari,2026-05-10,125.1092
MII181109,Sciacca,2026-05-10,135.0000
MII181115,Siena,2026-05-10,125.8621
MII181125,Siracusa,2026-05-10,126.9725
MII181346,Sondrio,2026-05-10,175.0000
MII181358,Spoleto,2026-05-10,115.1316
MII181371,Sulmona,2026-05-10,127.1511
MII181377,Taranto,2026-05-10,192.3256
MII181385,Tempio Pausania,2026-05-10,105.5215
MII181392,Teramo,2026-05-10,178.9683
MII181401,Termini Imerese,2026-05-10,111.9565
MII181407,Terni,2026-05-10,136.4066
MII181417,Tolmezzo,2026-05-10,127.0270
MII181424,Torino,2026-05-10,136.1800
MII181434,Trani,2026-05-10,148.1481
MII181440,Trani femminile,2026-05-10,128.1250
MII181625,Trapani,2026-05-10,115.3527
MII181636,Trento,2026-05-10,99.0521
MII181645,Treviso,2026-05-10,165.1515
MII181661,Trieste,2026-05-10,190.4000
MII181681,Turi,2026-05-10,169.4444
MII181672,Udine,2026-05-10,203.4884
MII181691,Vallo della Lucania,2026-05-10,152.5000
MII181703,Varese,2026-05-10,198.1132
MII181820,Vasto,2026-05-10,77.9487
MII181839,Velletri,2026-05-10,151.0363
MII181847,Venezia Giudecca,2026-05-10,86.6071
MII181863,Venezia Santa Maria Maggiore,2026-05-10,172.1519
MII181870,Verbania,2026-05-10,170.8333
MII181880,Vercelli,2026-05-10,168.6364
MII181891,Verona,2026-05-10,188.6228
MII181908,Vibo Valentia,2026-05-10,115.5797
MII181918,Vicenza,2026-05-10,133.2075
MII181924,Vigevano,2026-05-10,126.6667
MII181934,Viterbo,2026-05-10,164.6914
MII179733,Voghera,2026-05-10,123.1884
MII179876,Volterra,2026-05-10,96.2766
MII158910,Agrigento,2026-05-17,138.4906
MII157783,Alba,2026-05-17,87.2340
MII158919,"Alessandria Cantiello, Gaeta",2026-05-17,108.1545
MII158924,Alessandria San Michele,2026-05-17,38.9831
MII158935,Alghero,2026-05-17,98.0769
MII172277,Altamura,2026-05-17,181.6327
MII158944,Ancona Barcaglione,2026-05-17,89.0000
MII158941,Ancona Montacuto,2026-05-17,135.6863
MII158945,Arbus,2026-05-17,103.1746
MII158948,Arezzo,2026-05-17,190.9091
MII159053,Ariano Irpino,2026-05-17,143.0556
MII159060,Arienzo,2026-05-17,136.2069
MII159065,Ascoli Piceno,2026-05-17,139.8058
MII159069,Asti,2026-05-17,130.8458
MII159314,Augusta,2026-05-17,174.4868
MII172011,Avellino,2026-05-17,140.2570
MII172187,Aversa,2026-05-17,131.1966
MII182440,Avezzano,2026-05-17,141.5094
MII172222,Barcellona Pozzo di Gotto,2026-05-17,86.4964
MII181678,Bari,2026-05-17,163.3205
MII158901,Belluno,2026-05-17,134.1463
MII160204,Benevento,2026-05-17,157.0850
MII172827,Bergamo,2026-05-17,185.2665
MII172332,Biella,2026-05-17,141.5816
MII172344,Bollate,2026-05-17,125.2565
MII172508,Bologna,2026-05-17,175.0529
MII172580,Bolzano,2026-05-17,145.4545
MII172592,Brescia Canton Monbello,2026-05-17,213.7363
MII172610,Brescia Verziano,2026-05-17,177.4648
MII172623,Brindisi,2026-05-17,174.3421
MII172814,Brissogne - Aosta,2026-05-17,85.8757
MII172320,Busto Arsizio,2026-05-17,200.0000
MII172835,Cagliari Uta,2026-05-17,131.9073
MII173006,Caltagirone,2026-05-17,119.8925
MII173063,Caltanissetta,2026-05-17,139.8907
MII173088,Campobasso,2026-05-17,172.5490
MII173101,Carinola,2026-05-17,118.5841
MII173114,Cassino,2026-05-17,168.8172
MII173237,Castelfranco Emilia,2026-05-17,64.4295
MII173259,Castelvetrano,2026-05-17,156.8182
MII173265,Castrovillari,2026-05-17,165.7143
MII173285,Catania Bicocca,2026-05-17,122.7273
MII173301,Catania Piazza Lanza,2026-05-17,169.5341
MII173311,Catanzaro,2026-05-17,111.6564
MII173356,Chiavari,2026-05-17,132.6923
MII173364,Chieti,2026-05-17,184.8101
MII173688,Civitavecchia Giuseppe Passerini,2026-05-17,54.8611
MII172208,Civitavecchia Nuovo Complesso,2026-05-17,181.5562
MII173712,Como,2026-05-17,178.6667
MII173341,Cosenza,2026-05-17,128.6385
MII173747,Cremona,2026-05-17,157.5521
MII173324,Crotone,2026-05-17,138.0952
MII173764,Cuneo,2026-05-17,104.7244
MII173784,Eboli,2026-05-17,77.7778
MII173813,Enna,2026-05-17,140.0000
MII173994,Favignana,2026-05-17,122.7273
MII174501,Fermo,2026-05-17,179.0698
MII174686,Ferrara,2026-05-17,169.1358
MII174825,Firenze Mario Gozzini,2026-05-17,150.0000
MII174720,Firenze Sollicciano,2026-05-17,167.7596
MII176375,Foggia,2026-05-17,220.1987
MII176403,Forlì,2026-05-17,115.2672
MII176414,Fossano,2026-05-17,83.0882
MII176424,Fossombrone,2026-05-17,116.6667
MII176437,Frosinone,2026-05-17,132.8094
MII176451,Gela,2026-05-17,175.0000
MII152284,Genova Marassi,2026-05-17,129.5880
MII176703,Genova Pontedecimo,2026-05-17,158.3333
MII176714,Giarre,2026-05-17,155.8140
MII176719,Gorizia,2026-05-17,128.5714
MII176743,Grosseto,2026-05-17,213.3333
MII176749,Imperia,2026-05-17,124.5283
MII176759,Isernia,2026-05-17,175.0000
MII176771,Isili,2026-05-17,114.9533
MII176781,Ivrea,2026-05-17,145.7143
MII177134,L'Aquila,2026-05-17,83.1731
MII176788,La Spezia,2026-05-17,142.3841
MII177107,Lanciano,2026-05-17,116.5919
MII177118,Lanusei,2026-05-17,112.1212
MII177323,Larino,2026-05-17,146.7890
MII177332,Latina,2026-05-17,197.4026
MII177346,Laureana di Borrello,2026-05-17,154.0541
MII177384,Lauro,2026-05-17,16.0000
MII177420,Lecce,2026-05-17,180.3571
MII177436,Lecco,2026-05-17,159.6154
MII177463,Livorno,2026-05-17,152.3490
MII177498,Livorno Gorgona,2026-05-17,131.4607
MII177996,Locri,2026-05-17,161.2500
MII178027,Lodi,2026-05-17,206.9767
MII178035,Lucca,2026-05-17,235.1351
MII178045,Lucera,2026-05-17,137.2093
MII178072,Mantova,2026-05-17,146.6667
MII178085,Massa,2026-05-17,168.5714
MII178115,Massa Marittima,2026-05-17,122.9167
MII178124,Matera,2026-05-17,168.0328
MII178141,Melfi,2026-05-17,156.7164
MII178148,Messina,2026-05-17,112.1495
MII158895,Milano San Vittore,2026-05-17,210.5809
MII178501,Milano San Vittore femminile,2026-05-17,184.7826
MII178638,Modena,2026-05-17,161.9195
MII178659,Monza,2026-05-17,168.7961
MII178666,Napoli Poggioreale,2026-05-17,169.0760
MII178672,Napoli Secondigliano,2026-05-17,141.0441
MII178681,Noto,2026-05-17,96.2500
MII178700,Novara,2026-05-17,108.3333
MII179224,Nuoro,2026-05-17,19.3431
MII178003,Onanì,2026-05-17,90.0000
MII179237,Opera,2026-05-17,154.6256
MII179274,Oristano,2026-05-17,95.4023
MII179280,Orvieto,2026-05-17,125.5102
MII179290,Padova,2026-05-17,130.3371
MII179299,Padova Nuovo Complesso,2026-05-17,151.1574
MII179306,Palermo Pagliarelli,2026-05-17,126.5753
MII179324,Palermo Ucciardone,2026-05-17,107.2106
MII179331,Paliano,2026-05-17,41.7808
MII179342,Palmi,2026-05-17,106.6667
MII179353,Paola,2026-05-17,146.5409
MII179364,Parma,2026-05-17,122.1880
MII182910,Pavia,2026-05-17,144.7266
MII179781,Perugia,2026-05-17,158.3062
MII179818,Pesaro,2026-05-17,179.8611
MII179830,Pescara,2026-05-17,162.1399
MII179842,Piacenza,2026-05-17,141.1765
MII179856,Piazza Armerina,2026-05-17,136.1702
MII182919,Pisa,2026-05-17,158.9189
MII179896,Pistoia,2026-05-17,107.8947
MII179913,Pordenone,2026-05-17,143.2432
MII179932,Porto Azzurro,2026-05-17,124.5509
MII179938,Potenza,2026-05-17,162.6168
MII179958,Prato,2026-05-17,114.3911
MII179965,Ragusa,2026-05-17,107.1038
MII179981,Ravenna,2026-05-17,159.1837
MII179988,Reggio Calabria Arghillà,2026-05-17,132.7273
MII179995,Reggio Calabria Giuseppe Panzera,2026-05-17,85.5346
MII182339,Reggio Emilia,2026-05-17,127.3504
MII169535,Rieti,2026-05-17,182.0069
MII180001,Rimini,2026-05-17,141.5254
MII180380,Roma Rebibbia,2026-05-17,111.4068
MII180348,Roma Rebibbia femminile,2026-05-17,158.5470
MII180356,Roma Rebibbia IIIª casa,2026-05-17,80.3030
MII180370,Roma Rebibbia Nuovo Complesso,2026-05-17,154.2135
MII180401,Roma Regina Coeli,2026-05-17,165.9091
MII180415,Rossano,2026-05-17,120.5323
MII180424,Rovigo,2026-05-17,132.5359
MII180426,Salerno,2026-05-17,159.8404
MII180437,Saluzzo,2026-05-17,84.4660
MII180451,San Cataldo,2026-05-17,88.0342
MII180458,San Gimignano,2026-05-17,147.9821
MII180476,San Severo,2026-05-17,145.9016
MII180465,Sanremo,2026-05-17,123.7443
MII181079,Sant'Angelo dei Lombardi,2026-05-17,155.6522
MII180487,Santa Maria Capua Vetere,2026-05-17,152.2189
MII181091,Sassari,2026-05-17,125.9825
MII181109,Sciacca,2026-05-17,130.0000
MII181115,Siena,2026-05-17,122.4138
MII181125,Siracusa,2026-05-17,125.6881
MII181346,Sondrio,2026-05-17,166.6667
MII181358,Spoleto,2026-05-17,114.4737
MII181371,Sulmona,2026-05-17,127.3423
MII181377,Taranto,2026-05-17,195.8140
MII181385,Tempio Pausania,2026-05-17,104.2945
MII181392,Teramo,2026-05-17,179.3651
MII181401,Termini Imerese,2026-05-17,113.0435
MII181407,Terni,2026-05-17,135.6974
MII181417,Tolmezzo,2026-05-17,127.0270
MII181424,Torino,2026-05-17,136.6880
MII181434,Trani,2026-05-17,150.1684
MII181440,Trani femminile,2026-05-17,137.5000
MII181625,Trapani,2026-05-17,114.1079
MII181636,Trento,2026-05-17,98.8152
MII181645,Treviso,2026-05-17,165.1515
MII181661,Trieste,2026-05-17,178.5185
MII181681,Turi,2026-05-17,170.3704
MII181672,Udine,2026-05-17,194.1860
MII181691,Vallo della Lucania,2026-05-17,152.5000
MII181703,Varese,2026-05-17,209.4340
MII181820,Vasto,2026-05-17,78.9744
MII181839,Velletri,2026-05-17,151.9481
MII181847,Venezia Giudecca,2026-05-17,87.5000
MII181863,Venezia Santa Maria Maggiore,2026-05-17,169.6203
MII181870,Verbania,2026-05-17,158.3333
MII181880,Vercelli,2026-05-17,165.0000
MII181891,Verona,2026-05-17,189.2216
MII181908,Vibo Valentia,2026-05-17,118.1818
MII181918,Vicenza,2026-05-17,132.8302
MII181924,Vigevano,2026-05-17,113.3333
MII181934,Viterbo,2026-05-17,168.9394
MII179733,Voghera,2026-05-17,122.0290
MII179876,Volterra,2026-05-17,96.2766
MII158910,Agrigento,2026-05-24,135.6061
MII157783,Alba,2026-05-24,83.6735
MII158919,"Alessandria Cantiello, Gaeta",2026-05-24,109.0129
MII158924,Alessandria San Michele,2026-05-24,34.7458
MII158935,Alghero,2026-05-24,98.7179
MII172277,Altamura,2026-05-24,191.8367
MII158944,Ancona Barcaglione,2026-05-24,87.0000
MII158941,Ancona Montacuto,2026-05-24,135.2941
MII158945,Arbus,2026-05-24,100.0000
MII158948,Arezzo,2026-05-24,186.3636
MII159053,Ariano Irpino,2026-05-24,143.0556
MII159060,Arienzo,2026-05-24,134.4828
MII159065,Ascoli Piceno,2026-05-24,139.8058
MII159069,Asti,2026-05-24,134.3284
MII159314,Augusta,2026-05-24,165.1026
MII172011,Avellino,2026-05-24,140.1274
MII172187,Aversa,2026-05-24,130.3419
MII182440,Avezzano,2026-05-24,143.3962
MII172222,Barcellona Pozzo di Gotto,2026-05-24,86.4964
MII181678,Bari,2026-05-24,166.7954
MII158901,Belluno,2026-05-24,132.9268
MII160204,Benevento,2026-05-24,155.0607
MII172827,Bergamo,2026-05-24,185.8934
MII172332,Biella,2026-05-24,143.8776
MII172344,Bollate,2026-05-24,125.5722
MII172508,Bologna,2026-05-24,176.3214
MII172580,Bolzano,2026-05-24,129.5455
MII172592,Brescia Canton Monbello,2026-05-24,205.4945
MII172610,Brescia Verziano,2026-05-24,180.2817
MII172623,Brindisi,2026-05-24,175.0000
MII172814,Brissogne - Aosta,2026-05-24,88.0000
MII172320,Busto Arsizio,2026-05-24,204.1475
MII172835,Cagliari Uta,2026-05-24,132.2004
MII173006,Caltagirone,2026-05-24,122.0430
MII173063,Caltanissetta,2026-05-24,142.0765
MII173088,Campobasso,2026-05-24,180.1980
MII173101,Carinola,2026-05-24,117.6991
MII173114,Cassino,2026-05-24,175.2809
MII173237,Castelfranco Emilia,2026-05-24,64.4295
MII173259,Castelvetrano,2026-05-24,154.5455
MII173265,Castrovillari,2026-05-24,162.8571
MII173285,Catania Bicocca,2026-05-24,126.5152
MII173301,Catania Piazza Lanza,2026-05-24,166.6667
MII173311,Catanzaro,2026-05-24,109.4656
MII173356,Chiavari,2026-05-24,134.6154
MII173364,Chieti,2026-05-24,186.0759
MII173688,Civitavecchia Giuseppe Passerini,2026-05-24,56.9444
MII172208,Civitavecchia Nuovo Complesso,2026-05-24,179.8271
MII173712,Como,2026-05-24,176.0000
MII173341,Cosenza,2026-05-24,128.1106
MII173747,Cremona,2026-05-24,159.3750
MII173324,Crotone,2026-05-24,131.7460
MII173764,Cuneo,2026-05-24,106.8241
MII173784,Eboli,2026-05-24,77.7778
MII173813,Enna,2026-05-24,144.8276
MII173994,Favignana,2026-05-24,121.5909
MII174501,Fermo,2026-05-24,176.7442
MII174686,Ferrara,2026-05-24,168.7243
MII174825,Firenze Mario Gozzini,2026-05-24,151.3514
MII174720,Firenze Sollicciano,2026-05-24,169.3989
MII176375,Foggia,2026-05-24,221.1921
MII176403,Forlì,2026-05-24,116.7939
MII176414,Fossano,2026-05-24,83.0882
MII176424,Fossombrone,2026-05-24,116.6667
MII176437,Frosinone,2026-05-24,134.3874
MII176451,Gela,2026-05-24,170.8333
MII152284,Genova Marassi,2026-05-24,123.9700
MII176703,Genova Pontedecimo,2026-05-24,157.2917
MII176714,Giarre,2026-05-24,153.4884
MII176719,Gorizia,2026-05-24,126.9841
MII176743,Grosseto,2026-05-24,200.0000
MII176749,Imperia,2026-05-24,120.7547
MII176759,Isernia,2026-05-24,179.5455
MII176771,Isili,2026-05-24,113.0841
MII176781,Ivrea,2026-05-24,145.7143
MII177134,L'Aquila,2026-05-24,83.6538
MII176788,La Spezia,2026-05-24,148.3444
MII177107,Lanciano,2026-05-24,117.4888
MII177118,Lanusei,2026-05-24,106.0606
MII177323,Larino,2026-05-24,149.5413
MII177332,Latina,2026-05-24,198.7013
MII177346,Laureana di Borrello,2026-05-24,151.3514
MII177384,Lauro,2026-05-24,20.0000
MII177420,Lecce,2026-05-24,180.0508
MII177436,Lecco,2026-05-24,167.3077
MII177463,Livorno,2026-05-24,152.3490
MII177498,Livorno Gorgona,2026-05-24,128.0899
MII177996,Locri,2026-05-24,160.0000
MII178027,Lodi,2026-05-24,209.7561
MII178035,Lucca,2026-05-24,240.5405
MII178045,Lucera,2026-05-24,136.4341
MII178072,Mantova,2026-05-24,152.1739
MII178085,Massa,2026-05-24,166.8571
MII178115,Massa Marittima,2026-05-24,120.8333
MII178124,Matera,2026-05-24,168.0328
MII178141,Melfi,2026-05-24,159.7015
MII178148,Messina,2026-05-24,112.7358
MII158895,Milano San Vittore,2026-05-24,209.7510
MII178501,Milano San Vittore femminile,2026-05-24,191.3043
MII178638,Modena,2026-05-24,162.2291
MII178659,Monza,2026-05-24,167.8832
MII178666,Napoli Poggioreale,2026-05-24,169.2767
MII178672,Napoli Secondigliano,2026-05-24,141.7642
MII178681,Noto,2026-05-24,96.2500
MII178700,Novara,2026-05-24,112.1795
MII179224,Nuoro,2026-05-24,18.2482
MII178003,Onanì,2026-05-24,89.5238
MII179237,Opera,2026-05-24,153.4141
MII179274,Oristano,2026-05-24,96.9349
MII179280,Orvieto,2026-05-24,124.4898
MII179290,Padova,2026-05-24,129.2135
MII179299,Padova Nuovo Complesso,2026-05-24,152.7778
MII179306,Palermo Pagliarelli,2026-05-24,127.8539
MII179324,Palermo Ucciardone,2026-05-24,107.0076
MII179331,Paliano,2026-05-24,41.7808
MII179342,Palmi,2026-05-24,106.6667
MII179353,Paola,2026-05-24,151.8750
MII179364,Parma,2026-05-24,123.1951
MII182910,Pavia,2026-05-24,144.3359
MII179781,Perugia,2026-05-24,158.9577
MII179818,Pesaro,2026-05-24,180.5556
MII179830,Pescara,2026-05-24,163.3745
MII179842,Piacenza,2026-05-24,138.1068
MII179856,Piazza Armerina,2026-05-24,157.4468
MII182919,Pisa,2026-05-24,158.3784
MII179896,Pistoia,2026-05-24,114.4737
MII179913,Pordenone,2026-05-24,137.8378
MII179932,Porto Azzurro,2026-05-24,123.3533
MII179938,Potenza,2026-05-24,159.8131
MII179958,Prato,2026-05-24,113.4686
MII179965,Ragusa,2026-05-24,112.5683
MII179981,Ravenna,2026-05-24,163.2653
MII179988,Reggio Calabria Arghillà,2026-05-24,132.7273
MII179995,Reggio Calabria Giuseppe Panzera,2026-05-24,86.7925
MII182339,Reggio Emilia,2026-05-24,132.4786
MII169535,Rieti,2026-05-24,182.3529
MII180001,Rimini,2026-05-24,142.3729
MII180380,Roma Rebibbia,2026-05-24,110.2662
MII180348,Roma Rebibbia femminile,2026-05-24,158.1197
MII180356,Roma Rebibbia IIIª casa,2026-05-24,76.5152
MII180370,Roma Rebibbia Nuovo Complesso,2026-05-24,152.7154
MII180401,Roma Regina Coeli,2026-05-24,171.8531
MII180415,Rossano,2026-05-24,123.5741
MII180424,Rovigo,2026-05-24,130.6220
MII180426,Salerno,2026-05-24,159.5745
MII180437,Saluzzo,2026-05-24,87.8641
MII180451,San Cataldo,2026-05-24,89.7436
MII180458,San Gimignano,2026-05-24,147.0852
MII180476,San Severo,2026-05-24,145.9016
MII180465,Sanremo,2026-05-24,122.3744
MII181079,Sant'Angelo dei Lombardi,2026-05-24,154.7826
MII180487,Santa Maria Capua Vetere,2026-05-24,152.3669
MII181091,Sassari,2026-05-24,126.4192
MII181109,Sciacca,2026-05-24,125.0000
MII181115,Siena,2026-05-24,125.8621
MII181125,Siracusa,2026-05-24,126.2385
MII181346,Sondrio,2026-05-24,162.5000
MII181358,Spoleto,2026-05-24,113.3772
MII181371,Sulmona,2026-05-24,129.2543
MII181377,Taranto,2026-05-24,197.6744
MII181385,Tempio Pausania,2026-05-24,104.2945
MII181392,Teramo,2026-05-24,182.5397
MII181401,Termini Imerese,2026-05-24,115.2174
MII181407,Terni,2026-05-24,134.9882
MII181417,Tolmezzo,2026-05-24,122.2973
MII181424,Torino,2026-05-24,138.1868
MII181434,Trani,2026-05-24,149.4949
MII181440,Trani femminile,2026-05-24,137.5000
MII181625,Trapani,2026-05-24,115.9751
MII181636,Trento,2026-05-24,100.4739
MII181645,Treviso,2026-05-24,168.9394
MII181661,Trieste,2026-05-24,188.8889
MII181681,Turi,2026-05-24,172.2222
MII181672,Udine,2026-05-24,190.6977
MII181691,Vallo della Lucania,2026-05-24,155.0000
MII181703,Varese,2026-05-24,198.1132
MII181820,Vasto,2026-05-24,75.3846
MII181839,Velletri,2026-05-24,152.3316
MII181847,Venezia Giudecca,2026-05-24,85.7143
MII181863,Venezia Santa Maria Maggiore,2026-05-24,166.4557
MII181870,Verbania,2026-05-24,170.8333
MII181880,Vercelli,2026-05-24,167.2727
MII181891,Verona,2026-05-24,189.2216
MII181908,Vibo Valentia,2026-05-24,118.2482
MII181918,Vicenza,2026-05-24,134.8485
MII181924,Vigevano,2026-05-24,106.6667
MII181934,Viterbo,2026-05-24,166.4141
MII179733,Voghera,2026-05-24,118.2609
MII179876,Volterra,2026-05-24,96.2766
MII158910,Agrigento,2026-05-31,137.1212
MII157783,Alba,2026-05-31,87.7551
MII158919,"Alessandria Cantiello, Gaeta",2026-05-31,106.8670
MII158924,Alessandria San Michele,2026-05-31,34.7458
MII158935,Alghero,2026-05-31,98.0769
MII172277,Altamura,2026-05-31,183.6735
MII158944,Ancona Barcaglione,2026-05-31,87.0000
MII158941,Ancona Montacuto,2026-05-31,135.6863
MII158945,Arbus,2026-05-31,100.0000
MII158948,Arezzo,2026-05-31,168.1818
MII159053,Ariano Irpino,2026-05-31,143.9815
MII159060,Arienzo,2026-05-31,124.1379
MII159065,Ascoli Piceno,2026-05-31,145.6311
MII159069,Asti,2026-05-31,134.3284
MII159314,Augusta,2026-05-31,149.5601
MII172011,Avellino,2026-05-31,141.1890
MII172187,Aversa,2026-05-31,130.3419
MII182440,Avezzano,2026-05-31,149.0566
MII172222,Barcellona Pozzo di Gotto,2026-05-31,86.8613
MII181678,Bari,2026-05-31,161.4504
MII158901,Belluno,2026-05-31,131.7073
MII160204,Benevento,2026-05-31,156.6802
MII172827,Bergamo,2026-05-31,185.2665
MII172332,Biella,2026-05-31,145.4082
MII172344,Bollate,2026-05-31,125.8879
MII172508,Bologna,2026-05-31,177.9915
MII172580,Bolzano,2026-05-31,133.3333
MII172592,Brescia Canton Monbello,2026-05-31,207.1429
MII172610,Brescia Verziano,2026-05-31,178.8732
MII172623,Brindisi,2026-05-31,176.3158
MII172814,Brissogne - Aosta,2026-05-31,86.9318
MII172320,Busto Arsizio,2026-05-31,205.5300
MII172835,Cagliari Uta,2026-05-31,131.3059
MII173006,Caltagirone,2026-05-31,123.1183
MII173063,Caltanissetta,2026-05-31,141.5301
MII173088,Campobasso,2026-05-31,173.7864
MII173101,Carinola,2026-05-31,116.5929
MII173114,Cassino,2026-05-31,174.1573
MII173237,Castelfranco Emilia,2026-05-31,61.7450
MII173259,Castelvetrano,2026-05-31,154.5455
MII173265,Castrovillari,2026-05-31,152.8571
MII173285,Catania Bicocca,2026-05-31,132.5758
MII173301,Catania Piazza Lanza,2026-05-31,165.9420
MII173311,Catanzaro,2026-05-31,109.6330
MII173356,Chiavari,2026-05-31,134.6154
MII173364,Chieti,2026-05-31,189.8734
MII173688,Civitavecchia Giuseppe Passerini,2026-05-31,56.9444
MII172208,Civitavecchia Nuovo Complesso,2026-05-31,178.0980
MII173712,Como,2026-05-31,173.7778
MII173341,Cosenza,2026-05-31,129.4931
MII173747,Cremona,2026-05-31,158.3333
MII173324,Crotone,2026-05-31,131.7460
MII173764,Cuneo,2026-05-31,107.8740
MII173784,Eboli,2026-05-31,75.9259
MII173813,Enna,2026-05-31,147.5862
MII173994,Favignana,2026-05-31,125.5814
MII174501,Fermo,2026-05-31,174.4186
MII174686,Ferrara,2026-05-31,167.0782
MII174825,Firenze Mario Gozzini,2026-05-31,150.0000
MII174720,Firenze Sollicciano,2026-05-31,172.1311
MII176375,Foggia,2026-05-31,220.1987
MII176403,Forlì,2026-05-31,121.3740
MII176414,Fossano,2026-05-31,83.8235
MII176424,Fossombrone,2026-05-31,117.9487
MII176437,Frosinone,2026-05-31,133.7945
MII176451,Gela,2026-05-31,168.7500
MII152284,Genova Marassi,2026-05-31,123.0337
MII176703,Genova Pontedecimo,2026-05-31,154.1667
MII176714,Giarre,2026-05-31,158.1395
MII176719,Gorizia,2026-05-31,128.5714
MII176743,Grosseto,2026-05-31,206.6667
MII176749,Imperia,2026-05-31,115.0943
MII176759,Isernia,2026-05-31,175.0000
MII176771,Isili,2026-05-31,114.0187
MII176781,Ivrea,2026-05-31,149.1429
MII177134,L'Aquila,2026-05-31,84.6154
MII176788,La Spezia,2026-05-31,145.3947
MII177107,Lanciano,2026-05-31,116.1435
MII177118,Lanusei,2026-05-31,109.0909
MII177323,Larino,2026-05-31,147.7064
MII177332,Latina,2026-05-31,196.1039
MII177346,Laureana di Borrello,2026-05-31,148.6486
MII177384,Lauro,2026-05-31,22.0000
MII177420,Lecce,2026-05-31,181.5287
MII177436,Lecco,2026-05-31,159.6154
MII177463,Livorno,2026-05-31,154.3624
MII177498,Livorno Gorgona,2026-05-31,130.3371
MII177996,Locri,2026-05-31,165.0000
MII178027,Lodi,2026-05-31,207.3171
MII178035,Lucca,2026-05-31,248.6486
MII178045,Lucera,2026-05-31,133.3333
MII178072,Mantova,2026-05-31,138.5417
MII178085,Massa,2026-05-31,168.5714
MII178115,Massa Marittima,2026-05-31,120.8333
MII178124,Matera,2026-05-31,168.0328
MII178141,Melfi,2026-05-31,158.2090
MII178148,Messina,2026-05-31,112.2642
MII158895,Milano San Vittore,2026-05-31,210.9504
MII178501,Milano San Vittore femminile,2026-05-31,184.7826
MII178638,Modena,2026-05-31,158.5139
MII178659,Monza,2026-05-31,169.1932
MII178666,Napoli Poggioreale,2026-05-31,167.8466
MII178672,Napoli Secondigliano,2026-05-31,141.7642
MII178681,Noto,2026-05-31,96.2500
MII178700,Novara,2026-05-31,113.4615
MII179224,Nuoro,2026-05-31,18.2482
MII178003,Onanì,2026-05-31,88.5714
MII179237,Opera,2026-05-31,153.7445
MII179274,Oristano,2026-05-31,95.0192
MII179280,Orvieto,2026-05-31,122.4490
MII179290,Padova,2026-05-31,126.9663
MII179299,Padova Nuovo Complesso,2026-05-31,155.5556
MII179306,Palermo Pagliarelli,2026-05-31,127.6712
MII179324,Palermo Ucciardone,2026-05-31,110.0379
MII179331,Paliano,2026-05-31,41.0959
MII179342,Palmi,2026-05-31,106.6667
MII179353,Paola,2026-05-31,150.0000
MII179364,Parma,2026-05-31,123.5023
MII182910,Pavia,2026-05-31,144.9219
MII179781,Perugia,2026-05-31,160.2606
MII179818,Pesaro,2026-05-31,179.8611
MII179830,Pescara,2026-05-31,165.0206
MII179842,Piacenza,2026-05-31,138.1068
MII179856,Piazza Armerina,2026-05-31,161.7021
MII182919,Pisa,2026-05-31,153.5135
MII179896,Pistoia,2026-05-31,111.8421
MII179913,Pordenone,2026-05-31,145.9459
MII179932,Porto Azzurro,2026-05-31,123.3533
MII179938,Potenza,2026-05-31,164.4860
MII179958,Prato,2026-05-31,113.4686
MII179965,Ragusa,2026-05-31,116.9399
MII179981,Ravenna,2026-05-31,161.2245
MII179988,Reggio Calabria Arghillà,2026-05-31,135.2727
MII179995,Reggio Calabria Giuseppe Panzera,2026-05-31,92.4528
MII182339,Reggio Emilia,2026-05-31,130.3419
MII169535,Rieti,2026-05-31,182.6990
MII180001,Rimini,2026-05-31,138.9831
MII180380,Roma Rebibbia,2026-05-31,109.1255
MII180348,Roma Rebibbia femminile,2026-05-31,161.9658
MII180356,Roma Rebibbia IIIª casa,2026-05-31,79.5455
MII180370,Roma Rebibbia Nuovo Complesso,2026-05-31,151.1236
MII180401,Roma Regina Coeli,2026-05-31,175.3497
MII180415,Rossano,2026-05-31,123.5741
MII180424,Rovigo,2026-05-31,130.1435
MII180426,Salerno,2026-05-31,159.8404
MII180437,Saluzzo,2026-05-31,88.1068
MII180451,San Cataldo,2026-05-31,88.8889
MII180458,San Gimignano,2026-05-31,146.6368
MII180476,San Severo,2026-05-31,145.9016
MII180465,Sanremo,2026-05-31,123.2877
MII181079,Sant'Angelo dei Lombardi,2026-05-31,158.2609
MII180487,Santa Maria Capua Vetere,2026-05-31,152.8107
MII181091,Sassari,2026-05-31,127.2926
MII181109,Sciacca,2026-05-31,125.0000
MII181115,Siena,2026-05-31,131.0345
MII181125,Siracusa,2026-05-31,126.7890
MII181346,Sondrio,2026-05-31,179.1667
MII181358,Spoleto,2026-05-31,113.8158
MII181371,Sulmona,2026-05-31,129.6367
MII181377,Taranto,2026-05-31,199.7674
MII181385,Tempio Pausania,2026-05-31,104.9080
MII181392,Teramo,2026-05-31,183.7302
MII181401,Termini Imerese,2026-05-31,110.8696
MII181407,Terni,2026-05-31,134.0426
MII181417,Tolmezzo,2026-05-31,120.9459
MII181424,Torino,2026-05-31,139.1384
MII181434,Trani,2026-05-31,151.1785
MII181440,Trani femminile,2026-05-31,131.2500
MII181625,Trapani,2026-05-31,117.2199
MII181636,Trento,2026-05-31,100.0000
MII181645,Treviso,2026-05-31,164.3939
MII181661,Trieste,2026-05-31,185.1852
MII181681,Turi,2026-05-31,169.4444
MII181672,Udine,2026-05-31,186.0465
MII181691,Vallo della Lucania,2026-05-31,152.5000
MII181703,Varese,2026-05-31,205.6604
MII181820,Vasto,2026-05-31,76.9231
MII181839,Velletri,2026-05-31,152.0725
MII181847,Venezia Giudecca,2026-05-31,86.6071
MII181863,Venezia Santa Maria Maggiore,2026-05-31,165.1899
MII181870,Verbania,2026-05-31,141.5094
MII181880,Vercelli,2026-05-31,165.4545
MII181891,Verona,2026-05-31,189.8204
MII181908,Vibo Valentia,2026-05-31,118.9781
MII181918,Vicenza,2026-05-31,134.4697
MII181924,Vigevano,2026-05-31,106.6667
MII181934,Viterbo,2026-05-31,169.1919
MII179733,Voghera,2026-05-31,115.6522
MII179876,Volterra,2026-05-31,95.7447
MII158910,Agrigento,2026-06-07,136.7424
MII157783,Alba,2026-06-07,91.8367
MII158919,"Alessandria Cantiello, Gaeta",2026-06-07,107.7253
MII158924,Alessandria San Michele,2026-06-07,33.8983
MII158935,Alghero,2026-06-07,98.0769
MII172277,Altamura,2026-06-07,187.7551
MII158944,Ancona Barcaglione,2026-06-07,85.0000
MII158941,Ancona Montacuto,2026-06-07,136.0784
MII158945,Arbus,2026-06-07,100.7937
MII158948,Arezzo,2026-06-07,154.5455
MII159053,Ariano Irpino,2026-06-07,143.5185
MII159060,Arienzo,2026-06-07,125.8621
MII159065,Ascoli Piceno,2026-06-07,152.4272
MII159069,Asti,2026-06-07,134.8259
MII159314,Augusta,2026-06-07,147.2141
MII172011,Avellino,2026-06-07,140.3805
MII172187,Aversa,2026-06-07,130.3419
MII182440,Avezzano,2026-06-07,147.1698
MII172222,Barcellona Pozzo di Gotto,2026-06-07,87.2263
MII181678,Bari,2026-06-07,166.0232
MII158901,Belluno,2026-06-07,130.4878
MII160204,Benevento,2026-06-07,156.6802
MII172827,Bergamo,2026-06-07,185.5799
MII172332,Biella,2026-06-07,145.6633
MII172344,Bollate,2026-06-07,125.8879
MII172508,Bologna,2026-06-07,177.1368
MII172580,Bolzano,2026-06-07,132.1839
MII172592,Brescia Canton Monbello,2026-06-07,207.6923
MII172610,Brescia Verziano,2026-06-07,177.4648
MII172623,Brindisi,2026-06-07,180.2632
MII172814,Brissogne - Aosta,2026-06-07,86.4407
MII172320,Busto Arsizio,2026-06-07,207.3733
MII172835,Cagliari Uta,2026-06-07,131.6637
MII173006,Caltagirone,2026-06-07,123.6559
MII173063,Caltanissetta,2026-06-07,142.0765
MII173088,Campobasso,2026-06-07,174.7573
MII173101,Carinola,2026-06-07,116.1504
MII173114,Cassino,2026-06-07,180.8989
MII173237,Castelfranco Emilia,2026-06-07,61.0738
MII173259,Castelvetrano,2026-06-07,159.0909
MII173265,Castrovillari,2026-06-07,160.0000
MII173285,Catania Bicocca,2026-06-07,131.0606
MII173301,Catania Piazza Lanza,2026-06-07,166.3043
MII173311,Catanzaro,2026-06-07,110.7034
MII173356,Chiavari,2026-06-07,134.6154
MII173364,Chieti,2026-06-07,188.6076
MII173688,Civitavecchia Giuseppe Passerini,2026-06-07,57.6389
MII172208,Civitavecchia Nuovo Complesso,2026-06-07,177.8098
MII173712,Como,2026-06-07,173.3333
MII173341,Cosenza,2026-06-07,127.6498
MII173747,Cremona,2026-06-07,159.3750
MII173324,Crotone,2026-06-07,138.0952
MII173764,Cuneo,2026-06-07,107.3491
MII173784,Eboli,2026-06-07,75.9259
MII173813,Enna,2026-06-07,146.2069
MII173994,Favignana,2026-06-07,126.7442
MII174501,Fermo,2026-06-07,179.0698
MII174686,Ferrara,2026-06-07,166.6667
MII174825,Firenze Mario Gozzini,2026-06-07,148.6486
MII174720,Firenze Sollicciano,2026-06-07,171.3896
MII176375,Foggia,2026-06-07,223.1788
MII176403,Forlì,2026-06-07,122.9008
MII176414,Fossano,2026-06-07,83.0882
MII176424,Fossombrone,2026-06-07,118.5897
MII176437,Frosinone,2026-06-07,134.1897
MII176451,Gela,2026-06-07,170.8333
MII152284,Genova Marassi,2026-06-07,124.7191
MII176703,Genova Pontedecimo,2026-06-07,156.2500
MII176714,Giarre,2026-06-07,165.1163
MII176719,Gorizia,2026-06-07,130.1587
MII176743,Grosseto,2026-06-07,213.3333
MII176749,Imperia,2026-06-07,113.2075
MII176759,Isernia,2026-06-07,168.1818
MII176771,Isili,2026-06-07,113.0841
MII176781,Ivrea,2026-06-07,147.4286
MII177134,L'Aquila,2026-06-07,84.1346
MII176788,La Spezia,2026-06-07,144.7368
MII177107,Lanciano,2026-06-07,116.5919
MII177118,Lanusei,2026-06-07,106.0606
MII177323,Larino,2026-06-07,148.6239
MII177332,Latina,2026-06-07,197.4026
MII177346,Laureana di Borrello,2026-06-07,148.6486
MII177384,Lauro,2026-06-07,24.0000
MII177420,Lecce,2026-06-07,182.9299
MII177436,Lecco,2026-06-07,155.7692
MII177463,Livorno,2026-06-07,157.0470
MII177498,Livorno Gorgona,2026-06-07,126.9663
MII177996,Locri,2026-06-07,165.8228
MII178027,Lodi,2026-06-07,209.3023
MII178035,Lucca,2026-06-07,248.6486
MII178045,Lucera,2026-06-07,134.8837
MII178072,Mantova,2026-06-07,145.8333
MII178085,Massa,2026-06-07,168.5714
MII178115,Massa Marittima,2026-06-07,120.8333
MII178124,Matera,2026-06-07,165.5738
MII178141,Melfi,2026-06-07,153.7313
MII178148,Messina,2026-06-07,109.9057
MII158895,Milano San Vittore,2026-06-07,215.2893
MII178501,Milano San Vittore femminile,2026-06-07,178.2609
MII178638,Modena,2026-06-07,159.7523
MII178659,Monza,2026-06-07,169.6078
MII178666,Napoli Poggioreale,2026-06-07,167.1091
MII178672,Napoli Secondigliano,2026-06-07,142.1242
MII178681,Noto,2026-06-07,99.3750
MII178700,Novara,2026-06-07,114.7436
MII179224,Nuoro,2026-06-07,18.6131
MII178003,Onanì,2026-06-07,91.4286
MII179237,Opera,2026-06-07,152.7533
MII179274,Oristano,2026-06-07,94.9807
MII179280,Orvieto,2026-06-07,124.4898
MII179290,Padova,2026-06-07,128.0899
MII179299,Padova Nuovo Complesso,2026-06-07,154.3981
MII179306,Palermo Pagliarelli,2026-06-07,126.8493
MII179324,Palermo Ucciardone,2026-06-07,110.3970
MII179331,Paliano,2026-06-07,40.4110
MII179342,Palmi,2026-06-07,104.1667
MII179353,Paola,2026-06-07,148.1250
MII179364,Parma,2026-06-07,124.1486
MII182910,Pavia,2026-06-07,143.3594
MII179781,Perugia,2026-06-07,158.1169
MII179818,Pesaro,2026-06-07,175.6944
MII179830,Pescara,2026-06-07,166.6667
MII179842,Piacenza,2026-06-07,137.3786
MII179856,Piazza Armerina,2026-06-07,161.7021
MII182919,Pisa,2026-06-07,151.8919
MII179896,Pistoia,2026-06-07,109.2105
MII179913,Pordenone,2026-06-07,151.3514
MII179932,Porto Azzurro,2026-06-07,123.0539
MII179938,Potenza,2026-06-07,158.8785
MII179958,Prato,2026-06-07,113.6531
MII179965,Ragusa,2026-06-07,118.5792
MII179981,Ravenna,2026-06-07,169.3878
MII179988,Reggio Calabria Arghillà,2026-06-07,133.2130
MII179995,Reggio Calabria Giuseppe Panzera,2026-06-07,91.1950
MII182339,Reggio Emilia,2026-06-07,132.0513
MII169535,Rieti,2026-06-07,183.3910
MII180001,Rimini,2026-06-07,139.8305
MII180380,Roma Rebibbia,2026-06-07,110.2662
MII180348,Roma Rebibbia femminile,2026-06-07,164.1026
MII180356,Roma Rebibbia IIIª casa,2026-06-07,78.0303
MII180370,Roma Rebibbia Nuovo Complesso,2026-06-07,149.6255
MII180401,Roma Regina Coeli,2026-06-07,177.6224
MII180415,Rossano,2026-06-07,124.3346
MII180424,Rovigo,2026-06-07,130.1435
MII180426,Salerno,2026-06-07,160.8579
MII180437,Saluzzo,2026-06-07,87.8641
MII180451,San Cataldo,2026-06-07,90.5983
MII180458,San Gimignano,2026-06-07,144.3946
MII180476,San Severo,2026-06-07,147.5410
MII180465,Sanremo,2026-06-07,124.6575
MII181079,Sant'Angelo dei Lombardi,2026-06-07,157.3913
MII180487,Santa Maria Capua Vetere,2026-06-07,153.5503
MII181091,Sassari,2026-06-07,124.4541
MII181109,Sciacca,2026-06-07,140.0000
MII181115,Siena,2026-06-07,132.7586
MII181125,Siracusa,2026-06-07,127.8899
MII181346,Sondrio,2026-06-07,170.8333
MII181358,Spoleto,2026-06-07,112.9386
MII181371,Sulmona,2026-06-07,130.2103
MII181377,Taranto,2026-06-07,199.5349
MII181385,Tempio Pausania,2026-06-07,106.1350
MII181392,Teramo,2026-06-07,180.1587
MII181401,Termini Imerese,2026-06-07,110.8696
MII181407,Terni,2026-06-07,135.4610
MII181417,Tolmezzo,2026-06-07,121.6216
MII181424,Torino,2026-06-07,139.1384
MII181434,Trani,2026-06-07,151.5152
MII181440,Trani femminile,2026-06-07,131.2500
MII181625,Trapani,2026-06-07,116.8050
MII181636,Trento,2026-06-07,100.7109
MII181645,Treviso,2026-06-07,165.1515
MII181661,Trieste,2026-06-07,185.1852
MII181681,Turi,2026-06-07,171.2963
MII181672,Udine,2026-06-07,182.3529
MII181691,Vallo della Lucania,2026-06-07,152.5000
MII181703,Varese,2026-06-07,190.5660
MII181820,Vasto,2026-06-07,78.8660
MII181839,Velletri,2026-06-07,151.5544
MII181847,Venezia Giudecca,2026-06-07,87.5000
MII181863,Venezia Santa Maria Maggiore,2026-06-07,166.4557
MII181870,Verbania,2026-06-07,135.8491
MII181880,Vercelli,2026-06-07,165.9091
MII181891,Verona,2026-06-07,190.7186
MII181908,Vibo Valentia,2026-06-07,120.5882
MII181918,Vicenza,2026-06-07,135.2273
MII181924,Vigevano,2026-06-07,153.3333
MII181934,Viterbo,2026-06-07,169.9495
MII179733,Voghera,2026-06-07,116.2319
MII179876,Volterra,2026-06-07,95.7447
MII158910,Agrigento,2026-06-14,138.2576
MII157783,Alba,2026-06-14,91.8367
MII158919,"Alessandria Cantiello, Gaeta",2026-06-14,107.7253
MII158924,Alessandria San Michele,2026-06-14,33.8983
MII158935,Alghero,2026-06-14,98.7179
MII172277,Altamura,2026-06-14,187.7551
MII158944,Ancona Barcaglione,2026-06-14,83.0000
MII158941,Ancona Montacuto,2026-06-14,134.9020
MII158945,Arbus,2026-06-14,98.4127
MII158948,Arezzo,2026-06-14,159.0909
MII159053,Ariano Irpino,2026-06-14,146.7593
MII159060,Arienzo,2026-06-14,125.8621
MII159065,Ascoli Piceno,2026-06-14,148.5437
MII159069,Asti,2026-06-14,137.3134
MII159314,Augusta,2026-06-14,137.5367
MII172011,Avellino,2026-06-14,139.8734
MII172187,Aversa,2026-06-14,130.7692
MII182440,Avezzano,2026-06-14,145.2830
MII172222,Barcellona Pozzo di Gotto,2026-06-14,87.5912
MII181678,Bari,2026-06-14,169.0196
MII158901,Belluno,2026-06-14,126.8293
MII160204,Benevento,2026-06-14,156.4516
MII172827,Bergamo,2026-06-14,185.5799
MII172332,Biella,2026-06-14,148.7245
MII172344,Bollate,2026-06-14,127.0718
MII172508,Bologna,2026-06-14,177.7302
MII172580,Bolzano,2026-06-14,132.9545
MII172592,Brescia Canton Monbello,2026-06-14,206.0440
MII172610,Brescia Verziano,2026-06-14,180.2817
MII172623,Brindisi,2026-06-14,176.9737
MII172814,Brissogne - Aosta,2026-06-14,84.8315
MII172320,Busto Arsizio,2026-06-14,205.5300
MII172835,Cagliari Uta,2026-06-14,131.4848
MII173006,Caltagirone,2026-06-14,122.8495
MII173063,Caltanissetta,2026-06-14,140.9836
MII173088,Campobasso,2026-06-14,170.8738
MII173101,Carinola,2026-06-14,117.1806
MII173114,Cassino,2026-06-14,174.1573
MII173237,Castelfranco Emilia,2026-06-14,62.4161
MII173259,Castelvetrano,2026-06-14,165.9091
MII173265,Castrovillari,2026-06-14,165.7143
MII173285,Catania Bicocca,2026-06-14,143.1818
MII173301,Catania Piazza Lanza,2026-06-14,169.9275
MII173311,Catanzaro,2026-06-14,112.1951
MII173356,Chiavari,2026-06-14,128.8462
MII173364,Chieti,2026-06-14,181.0127
MII173688,Civitavecchia Giuseppe Passerini,2026-06-14,58.3333
MII172208,Civitavecchia Nuovo Complesso,2026-06-14,180.1153
MII173712,Como,2026-06-14,171.5556
MII173341,Cosenza,2026-06-14,129.0323
MII173747,Cremona,2026-06-14,157.0313
MII173324,Crotone,2026-06-14,136.5079
MII173764,Cuneo,2026-06-14,108.1365
MII173784,Eboli,2026-06-14,75.9259
MII173813,Enna,2026-06-14,148.9655
MII173994,Favignana,2026-06-14,125.5814
MII174501,Fermo,2026-06-14,179.0698
MII174686,Ferrara,2026-06-14,166.2551
MII174825,Firenze Mario Gozzini,2026-06-14,147.2973
MII174720,Firenze Sollicciano,2026-06-14,173.4417
MII176375,Foggia,2026-06-14,225.4967
MII176403,Forlì,2026-06-14,126.7176
MII176414,Fossano,2026-06-14,82.3529
MII176424,Fossombrone,2026-06-14,119.2308
MII176437,Frosinone,2026-06-14,133.9921
MII176451,Gela,2026-06-14,170.8333
MII152284,Genova Marassi,2026-06-14,126.5918
MII176703,Genova Pontedecimo,2026-06-14,155.2083
MII176714,Giarre,2026-06-14,165.1163
MII176719,Gorizia,2026-06-14,130.1587
MII176743,Grosseto,2026-06-14,226.6667
MII176749,Imperia,2026-06-14,116.9811
MII176759,Isernia,2026-06-14,168.1818
MII176771,Isili,2026-06-14,113.0841
MII176781,Ivrea,2026-06-14,152.6012
MII177134,L'Aquila,2026-06-14,83.6538
MII176788,La Spezia,2026-06-14,140.1316
MII177107,Lanciano,2026-06-14,113.9013
MII177118,Lanusei,2026-06-14,103.0303
MII177323,Larino,2026-06-14,146.7890
MII177332,Latina,2026-06-14,198.7013
MII177346,Laureana di Borrello,2026-06-14,151.3514
MII177384,Lauro,2026-06-14,26.0000
MII177420,Lecce,2026-06-14,181.7834
MII177436,Lecco,2026-06-14,163.4615
MII177463,Livorno,2026-06-14,158.3893
MII177498,Livorno Gorgona,2026-06-14,128.0899
MII177996,Locri,2026-06-14,157.5000
MII178027,Lodi,2026-06-14,220.9302
MII178035,Lucca,2026-06-14,245.9459
MII178045,Lucera,2026-06-14,135.6589
MII178072,Mantova,2026-06-14,143.7500
MII178085,Massa,2026-06-14,167.4286
MII178115,Massa Marittima,2026-06-14,116.6667
MII178124,Matera,2026-06-14,168.0328
MII178141,Melfi,2026-06-14,152.2388
MII178148,Messina,2026-06-14,110.3774
MII158895,Milano San Vittore,2026-06-14,217.9752
MII178501,Milano San Vittore femminile,2026-06-14,211.1111
MII178638,Modena,2026-06-14,141.7790
MII178659,Monza,2026-06-14,173.7745
MII178666,Napoli Poggioreale,2026-06-14,165.0442
MII178672,Napoli Secondigliano,2026-06-14,141.9442
MII178681,Noto,2026-06-14,97.5000
MII178700,Novara,2026-06-14,112.8205
MII179224,Nuoro,2026-06-14,17.8832
MII178003,Onanì,2026-06-14,91.9048
MII179237,Opera,2026-06-14,152.8634
MII179274,Oristano,2026-06-14,95.3668
MII179280,Orvieto,2026-06-14,123.4694
MII179290,Padova,2026-06-14,128.3333
MII179299,Padova Nuovo Complesso,2026-06-14,156.0185
MII179306,Palermo Pagliarelli,2026-06-14,128.9498
MII179324,Palermo Ucciardone,2026-06-14,110.5860
MII179331,Paliano,2026-06-14,40.4110
MII179342,Palmi,2026-06-14,101.6667
MII179353,Paola,2026-06-14,148.1250
MII179364,Parma,2026-06-14,124.6130
MII182910,Pavia,2026-06-14,143.4185
MII179781,Perugia,2026-06-14,159.2834
MII179818,Pesaro,2026-06-14,178.4722
MII179830,Pescara,2026-06-14,169.1358
MII179842,Piacenza,2026-06-14,135.1942
MII179856,Piazza Armerina,2026-06-14,163.8298
MII182919,Pisa,2026-06-14,152.4324
MII179896,Pistoia,2026-06-14,118.4211
MII179913,Pordenone,2026-06-14,140.5405
MII179932,Porto Azzurro,2026-06-14,123.9521
MII179938,Potenza,2026-06-14,157.9439
MII179958,Prato,2026-06-14,112.1771
MII179965,Ragusa,2026-06-14,118.5792
MII179981,Ravenna,2026-06-14,157.1429
MII179988,Reggio Calabria Arghillà,2026-06-14,132.2464
MII179995,Reggio Calabria Giuseppe Panzera,2026-06-14,91.1950
MII182339,Reggio Emilia,2026-06-14,133.7607
MII169535,Rieti,2026-06-14,182.3529
MII180001,Rimini,2026-06-14,141.5254
MII180380,Roma Rebibbia,2026-06-14,109.5057
MII180348,Roma Rebibbia femminile,2026-06-14,162.5000
MII180356,Roma Rebibbia IIIª casa,2026-06-14,78.7879
MII180370,Roma Rebibbia Nuovo Complesso,2026-06-14,148.5955
MII180401,Roma Regina Coeli,2026-06-14,180.2448
MII180415,Rossano,2026-06-14,126.2357
MII180424,Rovigo,2026-06-14,132.5359
MII180426,Salerno,2026-06-14,159.5174
MII180437,Saluzzo,2026-06-14,87.6214
MII180451,San Cataldo,2026-06-14,88.8889
MII180458,San Gimignano,2026-06-14,147.9821
MII180476,San Severo,2026-06-14,150.8197
MII180465,Sanremo,2026-06-14,124.6575
MII181079,Sant'Angelo dei Lombardi,2026-06-14,161.7391
MII180487,Santa Maria Capua Vetere,2026-06-14,155.6213
MII181091,Sassari,2026-06-14,125.3275
MII181109,Sciacca,2026-06-14,130.0000
MII181115,Siena,2026-06-14,129.3103
MII181125,Siracusa,2026-06-14,130.6422
MII181346,Sondrio,2026-06-14,166.6667
MII181358,Spoleto,2026-06-14,111.8421
MII181371,Sulmona,2026-06-14,130.2103
MII181377,Taranto,2026-06-14,198.6047
MII181385,Tempio Pausania,2026-06-14,103.6810
MII181392,Teramo,2026-06-14,180.5556
MII181401,Termini Imerese,2026-06-14,111.9565
MII181407,Terni,2026-06-14,137.1158
MII181417,Tolmezzo,2026-06-14,120.2703
MII181424,Torino,2026-06-14,139.4689
MII181434,Trani,2026-06-14,152.1886
MII181440,Trani femminile,2026-06-14,131.2500
MII181625,Trapani,2026-06-14,116.0752
MII181636,Trento,2026-06-14,100.2370
MII181645,Treviso,2026-06-14,165.9091
MII181661,Trieste,2026-06-14,185.1852
MII181681,Turi,2026-06-14,172.2222
MII181672,Udine,2026-06-14,176.4706
MII181691,Vallo della Lucania,2026-06-14,152.5000
MII181703,Varese,2026-06-14,184.9057
MII181820,Vasto,2026-06-14,76.2887
MII181839,Velletri,2026-06-14,148.7047
MII181847,Venezia Giudecca,2026-06-14,89.2857
MII181863,Venezia Santa Maria Maggiore,2026-06-14,165.8228
MII181870,Verbania,2026-06-14,143.3962
MII181880,Vercelli,2026-06-14,165.4545
MII181891,Verona,2026-06-14,188.9222
MII181908,Vibo Valentia,2026-06-14,118.3824
MII181918,Vicenza,2026-06-14,137.1212
MII181924,Vigevano,2026-06-14,206.6667
MII181934,Viterbo,2026-06-14,170.9596
MII179733,Voghera,2026-06-14,114.4928
MII179876,Volterra,2026-06-14,96.2766
MII158910,Agrigento,2026-06-15,138.2576
MII157783,Alba,2026-06-15,91.8367
MII158919,"Alessandria Cantiello, Gaeta",2026-06-15,107.7253
MII158924,Alessandria San Michele,2026-06-15,33.8983
MII158935,Alghero,2026-06-15,98.7179
MII172277,Altamura,2026-06-15,187.7551
MII158944,Ancona Barcaglione,2026-06-15,83.0000
MII158941,Ancona Montacuto,2026-06-15,134.9020
MII158945,Arbus,2026-06-15,98.4127
MII158948,Arezzo,2026-06-15,159.0909
MII159053,Ariano Irpino,2026-06-15,147.2222
MII159060,Arienzo,2026-06-15,132.7586
MII159065,Ascoli Piceno,2026-06-15,146.6019
MII159069,Asti,2026-06-15,137.8109
MII159314,Augusta,2026-06-15,136.9501
MII172011,Avellino,2026-06-15,140.2954
MII172187,Aversa,2026-06-15,134.6154
MII182440,Avezzano,2026-06-15,147.1698
MII172222,Barcellona Pozzo di Gotto,2026-06-15,90.6015
MII181678,Bari,2026-06-15,167.0588
MII158901,Belluno,2026-06-15,124.3902
MII160204,Benevento,2026-06-15,156.4516
MII172827,Bergamo,2026-06-15,185.2665
MII172332,Biella,2026-06-15,148.9796
MII172344,Bollate,2026-06-15,126.9929
MII172508,Bologna,2026-06-15,178.3726
MII172580,Bolzano,2026-06-15,130.6818
MII172592,Brescia Canton Monbello,2026-06-15,205.4945
MII172610,Brescia Verziano,2026-06-15,185.9155
MII172623,Brindisi,2026-06-15,176.9737
MII172814,Brissogne - Aosta,2026-06-15,84.8315
MII172320,Busto Arsizio,2026-06-15,205.5300
MII172835,Cagliari Uta,2026-06-15,131.4848
MII173006,Caltagirone,2026-06-15,122.5806
MII173063,Caltanissetta,2026-06-15,140.4372
MII173088,Campobasso,2026-06-15,172.5490
MII173101,Carinola,2026-06-15,117.4009
MII173114,Cassino,2026-06-15,171.9101
MII173237,Castelfranco Emilia,2026-06-15,62.4161
MII173259,Castelvetrano,2026-06-15,165.9091
MII173265,Castrovillari,2026-06-15,165.7143
MII173285,Catania Bicocca,2026-06-15,143.1818
MII173301,Catania Piazza Lanza,2026-06-15,169.2029
MII173311,Catanzaro,2026-06-15,112.3476
MII173356,Chiavari,2026-06-15,128.8462
MII173364,Chieti,2026-06-15,179.7468
MII173688,Civitavecchia Giuseppe Passerini,2026-06-15,58.3333
MII172208,Civitavecchia Nuovo Complesso,2026-06-15,180.1153
MII173712,Como,2026-06-15,172.0000
MII173341,Cosenza,2026-06-15,128.5714
MII173747,Cremona,2026-06-15,156.7708
MII173324,Crotone,2026-06-15,134.9206
MII173764,Cuneo,2026-06-15,107.6115
MII173784,Eboli,2026-06-15,75.9259
MII173813,Enna,2026-06-15,148.9655
MII173994,Favignana,2026-06-15,124.4186
MII174501,Fermo,2026-06-15,174.4186
MII174686,Ferrara,2026-06-15,166.6667
MII174825,Firenze Mario Gozzini,2026-06-15,147.2973
MII174720,Firenze Sollicciano,2026-06-15,173.7127
MII176375,Foggia,2026-06-15,225.1656
MII176403,Forlì,2026-06-15,124.4275
MII176414,Fossano,2026-06-15,82.3529
MII176424,Fossombrone,2026-06-15,119.2308
MII176437,Frosinone,2026-06-15,133.7945
MII176451,Gela,2026-06-15,170.8333
MII152284,Genova Marassi,2026-06-15,126.5918
MII176703,Genova Pontedecimo,2026-06-15,155.2083
MII176714,Giarre,2026-06-15,165.1163
MII176719,Gorizia,2026-06-15,130.1587
MII176743,Grosseto,2026-06-15,220.0000
MII176749,Imperia,2026-06-15,118.8679
MII176759,Isernia,2026-06-15,170.4545
MII176771,Isili,2026-06-15,113.0841
MII176781,Ivrea,2026-06-15,153.1792
MII177134,L'Aquila,2026-06-15,83.6538
MII176788,La Spezia,2026-06-15,140.1316
MII177107,Lanciano,2026-06-15,113.4529
MII177118,Lanusei,2026-06-15,103.0303
MII177323,Larino,2026-06-15,145.8716
MII177332,Latina,2026-06-15,202.5974
MII177346,Laureana di Borrello,2026-06-15,151.3514
MII177384,Lauro,2026-06-15,26.0000
MII177420,Lecce,2026-06-15,181.4013
MII177436,Lecco,2026-06-15,161.5385
MII177463,Livorno,2026-06-15,159.0604
MII177498,Livorno Gorgona,2026-06-15,128.0899
MII177996,Locri,2026-06-15,156.2500
MII178027,Lodi,2026-06-15,218.6047
MII178035,Lucca,2026-06-15,243.2432
MII178045,Lucera,2026-06-15,135.6589
MII178072,Mantova,2026-06-15,144.7917
MII178085,Massa,2026-06-15,167.4286
MII178115,Massa Marittima,2026-06-15,116.6667
MII178124,Matera,2026-06-15,168.8525
MII178141,Melfi,2026-06-15,152.2388
MII178148,Messina,2026-06-15,111.7925
MII158895,Milano San Vittore,2026-06-15,220.4545
MII178501,Milano San Vittore femminile,2026-06-15,200.0000
MII178638,Modena,2026-06-15,142.3181
MII178659,Monza,2026-06-15,173.5294
MII178666,Napoli Poggioreale,2026-06-15,164.6018
MII178672,Napoli Secondigliano,2026-06-15,141.9442
MII178681,Noto,2026-06-15,97.5000
MII178700,Novara,2026-06-15,111.5385
MII179224,Nuoro,2026-06-15,17.8832
MII178003,Onanì,2026-06-15,91.9048
MII179237,Opera,2026-06-15,152.7533
MII179274,Oristano,2026-06-15,94.9807
MII179280,Orvieto,2026-06-15,122.4490
MII179290,Padova,2026-06-15,125.5556
MII179299,Padova Nuovo Complesso,2026-06-15,156.7130
MII179306,Palermo Pagliarelli,2026-06-15,129.4977
MII179324,Palermo Ucciardone,2026-06-15,110.7750
MII179331,Paliano,2026-06-15,40.4110
MII179342,Palmi,2026-06-15,102.5000
MII179353,Paola,2026-06-15,148.1250
MII179364,Parma,2026-06-15,123.8390
MII182910,Pavia,2026-06-15,142.6326
MII179781,Perugia,2026-06-15,158.9577
MII179818,Pesaro,2026-06-15,177.7778
MII179830,Pescara,2026-06-15,169.1358
MII179842,Piacenza,2026-06-15,134.2233
MII179856,Piazza Armerina,2026-06-15,163.8298
MII182919,Pisa,2026-06-15,152.4324
MII179896,Pistoia,2026-06-15,119.7368
MII179913,Pordenone,2026-06-15,140.5405
MII179932,Porto Azzurro,2026-06-15,123.3533
MII179938,Potenza,2026-06-15,157.9439
MII179958,Prato,2026-06-15,112.3616
MII179965,Ragusa,2026-06-15,119.1257
MII179981,Ravenna,2026-06-15,157.1429
MII179988,Reggio Calabria Arghillà,2026-06-15,132.9710
MII179995,Reggio Calabria Giuseppe Panzera,2026-06-15,90.5660
MII182339,Reggio Emilia,2026-06-15,133.3333
MII169535,Rieti,2026-06-15,179.9308
MII180001,Rimini,2026-06-15,140.6780
MII180380,Roma Rebibbia,2026-06-15,109.8859
MII180348,Roma Rebibbia femminile,2026-06-15,162.0690
MII180356,Roma Rebibbia IIIª casa,2026-06-15,78.7879
MII180370,Roma Rebibbia Nuovo Complesso,2026-06-15,148.3146
MII180401,Roma Regina Coeli,2026-06-15,180.7692
MII180415,Rossano,2026-06-15,126.2357
MII180424,Rovigo,2026-06-15,132.5359
MII180426,Salerno,2026-06-15,158.4450
MII180437,Saluzzo,2026-06-15,87.3786
MII180451,San Cataldo,2026-06-15,88.0342
MII180458,San Gimignano,2026-06-15,148.4305
MII180476,San Severo,2026-06-15,152.4590
MII180465,Sanremo,2026-06-15,123.2877
MII181079,Sant'Angelo dei Lombardi,2026-06-15,161.7391
MII180487,Santa Maria Capua Vetere,2026-06-15,155.7692
MII181091,Sassari,2026-06-15,124.8908
MII181109,Sciacca,2026-06-15,130.0000
MII181115,Siena,2026-06-15,129.3103
MII181125,Siracusa,2026-06-15,129.9083
MII181346,Sondrio,2026-06-15,162.5000
MII181358,Spoleto,2026-06-15,112.0614
MII181371,Sulmona,2026-06-15,130.0191
MII181377,Taranto,2026-06-15,197.9070
MII181385,Tempio Pausania,2026-06-15,103.6810
MII181392,Teramo,2026-06-15,180.5556
MII181401,Termini Imerese,2026-06-15,111.9565
MII181407,Terni,2026-06-15,137.1158
MII181417,Tolmezzo,2026-06-15,120.2703
MII181424,Torino,2026-06-15,139.6520
MII181434,Trani,2026-06-15,151.8519
MII181440,Trani femminile,2026-06-15,131.2500
MII181625,Trapani,2026-06-15,116.4927
MII181636,Trento,2026-06-15,100.7109
MII181645,Treviso,2026-06-15,166.6667
MII181661,Trieste,2026-06-15,183.7037
MII181681,Turi,2026-06-15,174.0741
MII181672,Udine,2026-06-15,176.4706
MII181691,Vallo della Lucania,2026-06-15,152.5000
MII181703,Varese,2026-06-15,183.0189
MII181820,Vasto,2026-06-15,76.2887
MII181839,Velletri,2026-06-15,148.9637
MII181847,Venezia Giudecca,2026-06-15,89.2857
MII181863,Venezia Santa Maria Maggiore,2026-06-15,166.4557
MII181870,Verbania,2026-06-15,143.3962
MII181880,Vercelli,2026-06-15,165.0000
MII181891,Verona,2026-06-15,188.9222
MII181908,Vibo Valentia,2026-06-15,118.0147
MII181918,Vicenza,2026-06-15,137.1212
MII181924,Vigevano,2026-06-15,206.6667
MII181934,Viterbo,2026-06-15,169.9495
MII179733,Voghera,2026-06-15,114.2029
MII179876,Volterra,2026-06-15,96.8085
MII158910,Agrigento,2026-06-28,138.6364
MII157783,Alba,2026-06-28,89.7959
MII158919,"Alessandria Cantiello, Gaeta",2026-06-28,109.6070
MII158924,Alessandria San Michele,2026-06-28,33.0508
MII158935,Alghero,2026-06-28,96.7949
MII172277,Altamura,2026-06-28,189.7959
MII158944,Ancona Barcaglione,2026-06-28,82.0000
MII158941,Ancona Montacuto,2026-06-28,133.7255
MII158945,Arbus,2026-06-28,97.6190
MII158948,Arezzo,2026-06-28,163.6364
MII159053,Ariano Irpino,2026-06-28,144.4444
MII159060,Arienzo,2026-06-28,127.5862
MII159065,Ascoli Piceno,2026-06-28,150.4854
MII159069,Asti,2026-06-28,138.3085
MII159314,Augusta,2026-06-28,137.2434
MII172011,Avellino,2026-06-28,142.6160
MII172187,Aversa,2026-06-28,132.0513
MII182440,Avezzano,2026-06-28,141.5094
MII172222,Barcellona Pozzo di Gotto,2026-06-28,87.2180
MII181678,Bari,2026-06-28,165.5039
MII158901,Belluno,2026-06-28,121.9512
MII160204,Benevento,2026-06-28,155.6452
MII172827,Bergamo,2026-06-28,181.1912
MII172332,Biella,2026-06-28,151.2755
MII172344,Bollate,2026-06-28,126.0458
MII172508,Bologna,2026-06-28,178.2979
MII172580,Bolzano,2026-06-28,134.0909
MII172592,Brescia Canton Monbello,2026-06-28,210.9890
MII172610,Brescia Verziano,2026-06-28,178.8732
MII172623,Brindisi,2026-06-28,178.1457
MII172814,Brissogne - Aosta,2026-06-28,83.6158
MII172320,Busto Arsizio,2026-06-28,201.8265
MII172835,Cagliari Uta,2026-06-28,131.4848
MII173006,Caltagirone,2026-06-28,120.1613
MII173063,Caltanissetta,2026-06-28,138.2514
MII173088,Campobasso,2026-06-28,177.4510
MII173101,Carinola,2026-06-28,117.1806
MII173114,Cassino,2026-06-28,177.5281
MII173237,Castelfranco Emilia,2026-06-28,59.7315
MII173259,Castelvetrano,2026-06-28,161.3636
MII173265,Castrovillari,2026-06-28,167.1429
MII173285,Catania Bicocca,2026-06-28,138.6364
MII173301,Catania Piazza Lanza,2026-06-28,168.8406
MII173311,Catanzaro,2026-06-28,113.4146
MII173356,Chiavari,2026-06-28,126.9231
MII173364,Chieti,2026-06-28,181.0127
MII173688,Civitavecchia Giuseppe Passerini,2026-06-28,56.9444
MII172208,Civitavecchia Nuovo Complesso,2026-06-28,179.2507
MII173712,Como,2026-06-28,179.3722
MII173341,Cosenza,2026-06-28,127.6498
MII173747,Cremona,2026-06-28,157.5521
MII173324,Crotone,2026-06-28,139.6825
MII173764,Cuneo,2026-06-28,97.1129
MII173784,Eboli,2026-06-28,74.0741
MII173813,Enna,2026-06-28,148.9655
MII173994,Favignana,2026-06-28,119.7674
MII174501,Fermo,2026-06-28,174.4186
MII174686,Ferrara,2026-06-28,167.4897
MII174825,Firenze Mario Gozzini,2026-06-28,144.5946
MII174720,Firenze Sollicciano,2026-06-28,162.1701
MII176375,Foggia,2026-06-28,220.5298
MII176403,Forlì,2026-06-28,122.9008
MII176414,Fossano,2026-06-28,82.3529
MII176424,Fossombrone,2026-06-28,116.0256
MII176437,Frosinone,2026-06-28,134.3874
MII176451,Gela,2026-06-28,170.8333
MII152284,Genova Marassi,2026-06-28,126.7790
MII176703,Genova Pontedecimo,2026-06-28,158.3333
MII176714,Giarre,2026-06-28,167.4419
MII176719,Gorizia,2026-06-28,130.1587
MII176743,Grosseto,2026-06-28,200.0000
MII176749,Imperia,2026-06-28,120.7547
MII176759,Isernia,2026-06-28,172.7273
MII176771,Isili,2026-06-28,111.2150
MII176781,Ivrea,2026-06-28,143.9306
MII177134,L'Aquila,2026-06-28,84.1346
MII176788,La Spezia,2026-06-28,142.7632
MII177107,Lanciano,2026-06-28,113.9013
MII177118,Lanusei,2026-06-28,100.0000
MII177323,Larino,2026-06-28,147.7064
MII177332,Latina,2026-06-28,205.1948
MII177346,Laureana di Borrello,2026-06-28,156.7568
MII177384,Lauro,2026-06-28,28.0000
MII177420,Lecce,2026-06-28,181.3776
MII177436,Lecco,2026-06-28,159.6154
MII177463,Livorno,2026-06-28,163.0872
MII177498,Livorno Gorgona,2026-06-28,125.8427
MII177996,Locri,2026-06-28,151.2500
MII178027,Lodi,2026-06-28,216.2791
MII178035,Lucca,2026-06-28,248.6486
MII178045,Lucera,2026-06-28,137.9845
MII178072,Mantova,2026-06-28,152.0833
MII178085,Massa,2026-06-28,168.5714
MII178115,Massa Marittima,2026-06-28,129.1667
MII178124,Matera,2026-06-28,171.3115
MII178141,Melfi,2026-06-28,147.7612
MII178148,Messina,2026-06-28,114.1509
MII158895,Milano San Vittore,2026-06-28,221.9008
MII178501,Milano San Vittore femminile,2026-06-28,222.2222
MII178638,Modena,2026-06-28,149.3261
MII178659,Monza,2026-06-28,184.4560
MII178666,Napoli Poggioreale,2026-06-28,165.5859
MII178672,Napoli Secondigliano,2026-06-28,139.7840
MII178681,Noto,2026-06-28,98.1250
MII178700,Novara,2026-06-28,70.5128
MII179224,Nuoro,2026-06-28,17.8832
MII178003,Onanì,2026-06-28,88.5714
MII179237,Opera,2026-06-28,152.8115
MII179274,Oristano,2026-06-28,96.9112
MII179280,Orvieto,2026-06-28,120.4082
MII179290,Padova,2026-06-28,121.8579
MII179299,Padova Nuovo Complesso,2026-06-28,156.4815
MII179306,Palermo Pagliarelli,2026-06-28,130.3196
MII179324,Palermo Ucciardone,2026-06-28,109.4518
MII179331,Paliano,2026-06-28,39.7260
MII179342,Palmi,2026-06-28,107.5630
MII179353,Paola,2026-06-28,150.9317
MII179364,Parma,2026-06-28,123.4206
MII182910,Pavia,2026-06-28,141.9417
MII179781,Perugia,2026-06-28,157.9805
MII179818,Pesaro,2026-06-28,178.4722
MII179830,Pescara,2026-06-28,165.0206
MII179842,Piacenza,2026-06-28,134.4660
MII179856,Piazza Armerina,2026-06-28,155.3191
MII182919,Pisa,2026-06-28,161.6216
MII179896,Pistoia,2026-06-28,118.4211
MII179913,Pordenone,2026-06-28,145.9459
MII179932,Porto Azzurro,2026-06-28,127.5449
MII179938,Potenza,2026-06-28,165.4206
MII179958,Prato,2026-06-28,115.8672
MII179965,Ragusa,2026-06-28,115.3005
MII179981,Ravenna,2026-06-28,157.1429
MII179988,Reggio Calabria Arghillà,2026-06-28,128.7719
MII179995,Reggio Calabria Giuseppe Panzera,2026-06-28,88.8199
MII182339,Reggio Emilia,2026-06-28,128.7554
MII169535,Rieti,2026-06-28,177.1626
MII180001,Rimini,2026-06-28,141.5254
MII180380,Roma Rebibbia,2026-06-28,108.3650
MII180348,Roma Rebibbia femminile,2026-06-28,162.0690
MII180356,Roma Rebibbia IIIª casa,2026-06-28,81.0606
MII180370,Roma Rebibbia Nuovo Complesso,2026-06-28,145.0375
MII180401,Roma Regina Coeli,2026-06-28,191.1190
MII180415,Rossano,2026-06-28,126.9962
MII180424,Rovigo,2026-06-28,129.6651
MII180426,Salerno,2026-06-28,153.0997
MII180437,Saluzzo,2026-06-28,90.0485
MII180451,San Cataldo,2026-06-28,89.7436
MII180458,San Gimignano,2026-06-28,149.3274
MII180476,San Severo,2026-06-28,157.3770
MII180465,Sanremo,2026-06-28,122.8311
MII181079,Sant'Angelo dei Lombardi,2026-06-28,161.7391
MII180487,Santa Maria Capua Vetere,2026-06-28,154.4379
MII181091,Sassari,2026-06-28,124.6725
MII181109,Sciacca,2026-06-28,135.0000
MII181115,Siena,2026-06-28,129.3103
MII181125,Siracusa,2026-06-28,131.3761
MII181346,Sondrio,2026-06-28,154.1667
MII181358,Spoleto,2026-06-28,111.4035
MII181371,Sulmona,2026-06-28,129.8279
MII181377,Taranto,2026-06-28,197.4419
MII181385,Tempio Pausania,2026-06-28,105.5215
MII181392,Teramo,2026-06-28,179.7619
MII181401,Termini Imerese,2026-06-28,110.7527
MII181407,Terni,2026-06-28,137.3522
MII181417,Tolmezzo,2026-06-28,113.5135
MII181424,Torino,2026-06-28,138.4475
MII181434,Trani,2026-06-28,151.8519
MII181440,Trani femminile,2026-06-28,128.1250
MII181625,Trapani,2026-06-28,114.4050
MII181636,Trento,2026-06-28,100.9479
MII181645,Treviso,2026-06-28,166.6667
MII181661,Trieste,2026-06-28,184.4444
MII181681,Turi,2026-06-28,173.1481
MII181672,Udine,2026-06-28,179.7619
MII181691,Vallo della Lucania,2026-06-28,160.0000
MII181703,Varese,2026-06-28,192.4528
MII181820,Vasto,2026-06-28,73.7113
MII181839,Velletri,2026-06-28,147.9275
MII181847,Venezia Giudecca,2026-06-28,87.5000
MII181863,Venezia Santa Maria Maggiore,2026-06-28,172.1519
MII181870,Verbania,2026-06-28,133.9623
MII181880,Vercelli,2026-06-28,167.2727
MII181891,Verona,2026-06-28,188.4146
MII181908,Vibo Valentia,2026-06-28,114.8551
MII181918,Vicenza,2026-06-28,133.8346
MII181924,Vigevano,2026-06-28,106.7114
MII181934,Viterbo,2026-06-28,171.7172
MII179733,Voghera,2026-06-28,115.3623
MII179876,Volterra,2026-06-28,98.4043
MII158910,Agrigento,2026-07-05,140.9091
MII157783,Alba,2026-07-05,85.7143
MII158919,"Alessandria Cantiello, Gaeta",2026-07-05,109.6070
MII158924,Alessandria San Michele,2026-07-05,71.6667
MII158935,Alghero,2026-07-05,94.2308
MII172277,Altamura,2026-07-05,195.9184
MII158944,Ancona Barcaglione,2026-07-05,81.0000
MII158941,Ancona Montacuto,2026-07-05,133.3333
MII158945,Arbus,2026-07-05,98.4127
MII158948,Arezzo,2026-07-05,172.7273
MII159053,Ariano Irpino,2026-07-05,143.5185
MII159060,Arienzo,2026-07-05,122.4138
MII159065,Ascoli Piceno,2026-07-05,150.4854
MII159069,Asti,2026-07-05,137.8109
MII159314,Augusta,2026-07-05,136.9501
MII172011,Avellino,2026-07-05,141.5612
MII172187,Aversa,2026-07-05,130.7692
MII182440,Avezzano,2026-07-05,135.8491
MII172222,Barcellona Pozzo di Gotto,2026-07-05,88.7218
MII181678,Bari,2026-07-05,167.8295
MII158901,Belluno,2026-07-05,124.3902
MII160204,Benevento,2026-07-05,153.6290
MII172827,Bergamo,2026-07-05,179.6238
MII172332,Biella,2026-07-05,151.2755
MII172344,Bollate,2026-07-05,126.0458
MII172508,Bologna,2026-07-05,179.3617
MII172580,Bolzano,2026-07-05,128.4091
MII172592,Brescia Canton Monbello,2026-07-05,212.7072
MII172610,Brescia Verziano,2026-07-05,176.0563
MII172623,Brindisi,2026-07-05,178.2895
MII172814,Brissogne - Aosta,2026-07-05,82.4859
MII172320,Busto Arsizio,2026-07-05,198.6364
MII172835,Cagliari Uta,2026-07-05,130.7692
MII173006,Caltagirone,2026-07-05,125.1412
MII173063,Caltanissetta,2026-07-05,139.8907
MII173088,Campobasso,2026-07-05,178.6408
MII173101,Carinola,2026-07-05,117.9825
MII173114,Cassino,2026-07-05,182.0225
MII173237,Castelfranco Emilia,2026-07-05,60.9589
MII173259,Castelvetrano,2026-07-05,161.3636
MII173265,Castrovillari,2026-07-05,175.7143
MII173285,Catania Bicocca,2026-07-05,131.8182
MII173301,Catania Piazza Lanza,2026-07-05,169.2029
MII173311,Catanzaro,2026-07-05,113.5671
MII173356,Chiavari,2026-07-05,125.0000
MII173364,Chieti,2026-07-05,179.7468
MII173688,Civitavecchia Giuseppe Passerini,2026-07-05,56.2500
MII172208,Civitavecchia Nuovo Complesso,2026-07-05,182.4207
MII173712,Como,2026-07-05,181.3333
MII173341,Cosenza,2026-07-05,127.1889
MII173747,Cremona,2026-07-05,158.0729
MII173324,Crotone,2026-07-05,139.6825
MII173764,Cuneo,2026-07-05,96.0630
MII173784,Eboli,2026-07-05,70.3704
MII173813,Enna,2026-07-05,142.0690
MII173994,Favignana,2026-07-05,119.7674
MII174501,Fermo,2026-07-05,167.4419
MII174686,Ferrara,2026-07-05,163.9344
MII174825,Firenze Mario Gozzini,2026-07-05,122.7273
MII174720,Firenze Sollicciano,2026-07-05,149.5601
MII176375,Foggia,2026-07-05,225.4967
MII176403,Forlì,2026-07-05,121.3740
MII176414,Fossano,2026-07-05,84.5588
MII176424,Fossombrone,2026-07-05,118.5897
MII176437,Frosinone,2026-07-05,133.9921
MII176451,Gela,2026-07-05,172.9167
MII152284,Genova Marassi,2026-07-05,125.6554
MII176703,Genova Pontedecimo,2026-07-05,161.4583
MII176714,Giarre,2026-07-05,167.4419
MII176719,Gorizia,2026-07-05,131.7460
MII176743,Grosseto,2026-07-05,200.0000
MII176749,Imperia,2026-07-05,126.4151
MII176759,Isernia,2026-07-05,170.4545
MII176771,Isili,2026-07-05,112.1495
MII176781,Ivrea,2026-07-05,145.0867
MII177134,L'Aquila,2026-07-05,83.6538
MII176788,La Spezia,2026-07-05,146.0526
MII177107,Lanciano,2026-07-05,115.6951
MII177118,Lanusei,2026-07-05,96.9697
MII177323,Larino,2026-07-05,148.6239
MII177332,Latina,2026-07-05,206.4935
MII177346,Laureana di Borrello,2026-07-05,167.5676
MII177384,Lauro,2026-07-05,28.0000
MII177420,Lecce,2026-07-05,179.9747
MII177436,Lecco,2026-07-05,167.3077
MII177463,Livorno,2026-07-05,162.4161
MII177498,Livorno Gorgona,2026-07-05,131.4607
MII177996,Locri,2026-07-05,152.5000
MII178027,Lodi,2026-07-05,225.5814
MII178035,Lucca,2026-07-05,264.8649
MII178045,Lucera,2026-07-05,139.5349
MII178072,Mantova,2026-07-05,156.8421
MII178085,Massa,2026-07-05,177.7143
MII178115,Massa Marittima,2026-07-05,129.1667
MII178124,Matera,2026-07-05,168.8525
MII178141,Melfi,2026-07-05,141.7910
MII178148,Messina,2026-07-05,118.8679
MII158895,Milano San Vittore,2026-07-05,220.8678
MII178501,Milano San Vittore femminile,2026-07-05,236.1111
MII178638,Modena,2026-07-05,150.9434
MII178659,Monza,2026-07-05,186.2338
MII178666,Napoli Poggioreale,2026-07-05,165.9543
MII178672,Napoli Secondigliano,2026-07-05,139.3279
MII178681,Noto,2026-07-05,97.5000
MII178700,Novara,2026-07-05,69.8718
MII179224,Nuoro,2026-07-05,20.4380
MII178003,Onanì,2026-07-05,87.1429
MII179237,Opera,2026-07-05,151.7089
MII179274,Oristano,2026-07-05,98.0695
MII179280,Orvieto,2026-07-05,123.4694
MII179290,Padova,2026-07-05,122.7778
MII179299,Padova Nuovo Complesso,2026-07-05,155.0926
MII179306,Palermo Pagliarelli,2026-07-05,130.5936
MII179324,Palermo Ucciardone,2026-07-05,113.2692
MII179331,Paliano,2026-07-05,39.7260
MII179342,Palmi,2026-07-05,107.5630
MII179353,Paola,2026-07-05,146.5839
MII179364,Parma,2026-07-05,122.3421
MII182910,Pavia,2026-07-05,140.1942
MII179781,Perugia,2026-07-05,153.8961
MII179818,Pesaro,2026-07-05,181.9444
MII179830,Pescara,2026-07-05,163.7860
MII179842,Piacenza,2026-07-05,135.9223
MII179856,Piazza Armerina,2026-07-05,153.1915
MII182919,Pisa,2026-07-05,164.3243
MII179896,Pistoia,2026-07-05,121.0526
MII179913,Pordenone,2026-07-05,137.8378
MII179932,Porto Azzurro,2026-07-05,126.3473
MII179938,Potenza,2026-07-05,160.7477
MII179958,Prato,2026-07-05,116.9742
MII179965,Ragusa,2026-07-05,111.4754
MII179981,Ravenna,2026-07-05,175.5102
MII179988,Reggio Calabria Arghillà,2026-07-05,131.2281
MII179995,Reggio Calabria Giuseppe Panzera,2026-07-05,87.5776
MII182339,Reggio Emilia,2026-07-05,131.3305
MII169535,Rieti,2026-07-05,176.4706
MII180001,Rimini,2026-07-05,142.3729
MII180380,Roma Rebibbia,2026-07-05,107.6046
MII180348,Roma Rebibbia femminile,2026-07-05,162.5000
MII180356,Roma Rebibbia IIIª casa,2026-07-05,80.3030
MII180370,Roma Rebibbia Nuovo Complesso,2026-07-05,143.6330
MII180401,Roma Regina Coeli,2026-07-05,193.6057
MII180415,Rossano,2026-07-05,125.8555
MII180424,Rovigo,2026-07-05,129.6651
MII180426,Salerno,2026-07-05,154.7684
MII180437,Saluzzo,2026-07-05,89.8058
MII180451,San Cataldo,2026-07-05,88.0342
MII180458,San Gimignano,2026-07-05,150.6726
MII180476,San Severo,2026-07-05,155.7377
MII180465,Sanremo,2026-07-05,123.2877
MII181079,Sant'Angelo dei Lombardi,2026-07-05,162.6087
MII180487,Santa Maria Capua Vetere,2026-07-05,155.4734
MII181091,Sassari,2026-07-05,124.6725
MII181109,Sciacca,2026-07-05,130.0000
MII181115,Siena,2026-07-05,125.8621
MII181125,Siracusa,2026-07-05,134.3119
MII181346,Sondrio,2026-07-05,158.3333
MII181358,Spoleto,2026-07-05,112.7193
MII181371,Sulmona,2026-07-05,129.6367
MII181377,Taranto,2026-07-05,199.5349
MII181385,Tempio Pausania,2026-07-05,106.1350
MII181392,Teramo,2026-07-05,182.0717
MII181401,Termini Imerese,2026-07-05,117.8947
MII181407,Terni,2026-07-05,137.8251
MII181417,Tolmezzo,2026-07-05,112.8378
MII181424,Torino,2026-07-05,138.0474
MII181434,Trani,2026-07-05,151.8519
MII181440,Trani femminile,2026-07-05,128.1250
MII181625,Trapani,2026-07-05,114.1962
MII181636,Trento,2026-07-05,101.6588
MII181645,Treviso,2026-07-05,165.9091
MII181661,Trieste,2026-07-05,185.1852
MII181681,Turi,2026-07-05,170.3704
MII181672,Udine,2026-07-05,184.5238
MII181691,Vallo della Lucania,2026-07-05,160.0000
MII181703,Varese,2026-07-05,188.6792
MII181820,Vasto,2026-07-05,72.8205
MII181839,Velletri,2026-07-05,149.4819
MII181847,Venezia Giudecca,2026-07-05,89.2857
MII181863,Venezia Santa Maria Maggiore,2026-07-05,173.4177
MII181870,Verbania,2026-07-05,139.6226
MII181880,Vercelli,2026-07-05,159.5455
MII181891,Verona,2026-07-05,187.4618
MII181908,Vibo Valentia,2026-07-05,114.1304
MII181918,Vicenza,2026-07-05,133.4586
MII181924,Vigevano,2026-07-05,106.7114
MII181934,Viterbo,2026-07-05,172.7273
MII179733,Voghera,2026-07-05,115.9420
MII179876,Volterra,2026-07-05,98.4043
MII158910,Agrigento,2026-07-12,142.4242
MII157783,Alba,2026-07-12,85.7143
MII158919,"Alessandria Cantiello, Gaeta",2026-07-12,110.3004
MII158924,Alessandria San Michele,2026-07-12,83.0189
MII158935,Alghero,2026-07-12,94.2308
MII172277,Altamura,2026-07-12,189.7959
MII158944,Ancona Barcaglione,2026-07-12,79.0000
MII158941,Ancona Montacuto,2026-07-12,133.3333
MII158945,Arbus,2026-07-12,95.2381
MII158948,Arezzo,2026-07-12,190.9091
MII159053,Ariano Irpino,2026-07-12,140.7407
MII159060,Arienzo,2026-07-12,124.5614
MII159065,Ascoli Piceno,2026-07-12,153.3981
MII159069,Asti,2026-07-12,136.8159
MII159314,Augusta,2026-07-12,175.2809
MII172011,Avellino,2026-07-12,141.1392
MII172187,Aversa,2026-07-12,128.6325
MII182440,Avezzano,2026-07-12,132.0755
MII172222,Barcellona Pozzo di Gotto,2026-07-12,89.0977
MII181678,Bari,2026-07-12,167.8295
MII158901,Belluno,2026-07-12,126.8293
MII160204,Benevento,2026-07-12,151.0121
MII172827,Bergamo,2026-07-12,180.2508
MII172332,Biella,2026-07-12,149.2347
MII172344,Bollate,2026-07-12,127.2297
MII172508,Bologna,2026-07-12,176.2208
MII172580,Bolzano,2026-07-12,127.2727
MII172592,Brescia Canton Monbello,2026-07-12,207.1823
MII172610,Brescia Verziano,2026-07-12,176.0563
MII172623,Brindisi,2026-07-12,180.2632
MII172814,Brissogne - Aosta,2026-07-12,83.0508
MII172320,Busto Arsizio,2026-07-12,198.6364
MII172835,Cagliari Uta,2026-07-12,132.3792
MII173006,Caltagirone,2026-07-12,123.1638
MII173063,Caltanissetta,2026-07-12,140.9836
MII173088,Campobasso,2026-07-12,178.6408
MII173101,Carinola,2026-07-12,118.8596
MII173114,Cassino,2026-07-12,187.6404
MII173237,Castelfranco Emilia,2026-07-12,61.6438
MII173259,Castelvetrano,2026-07-12,163.6364
MII173265,Castrovillari,2026-07-12,165.7143
MII173285,Catania Bicocca,2026-07-12,129.5455
MII173301,Catania Piazza Lanza,2026-07-12,171.7391
MII173311,Catanzaro,2026-07-12,112.9573
MII173356,Chiavari,2026-07-12,123.0769
MII173364,Chieti,2026-07-12,178.4810
MII173688,Civitavecchia Giuseppe Passerini,2026-07-12,54.8611
MII172208,Civitavecchia Nuovo Complesso,2026-07-12,182.1326
MII173712,Como,2026-07-12,181.3333
MII173341,Cosenza,2026-07-12,128.6364
MII173747,Cremona,2026-07-12,156.7708
MII173324,Crotone,2026-07-12,139.6825
MII173764,Cuneo,2026-07-12,97.9003
MII173784,Eboli,2026-07-12,70.3704
MII173813,Enna,2026-07-12,146.9231
MII173994,Favignana,2026-07-12,115.1163
MII174501,Fermo,2026-07-12,167.4419
MII174686,Ferrara,2026-07-12,163.9344
MII174825,Firenze Mario Gozzini,2026-07-12,145.9459
MII174720,Firenze Sollicciano,2026-07-12,152.9052
MII176375,Foggia,2026-07-12,220.1987
MII176403,Forlì,2026-07-12,118.9394
MII176414,Fossano,2026-07-12,84.5588
MII176424,Fossombrone,2026-07-12,117.9487
MII176437,Frosinone,2026-07-12,133.7945
MII176451,Gela,2026-07-12,172.9167
MII152284,Genova Marassi,2026-07-12,122.9907
MII176703,Genova Pontedecimo,2026-07-12,160.4167
MII176714,Giarre,2026-07-12,169.7674
MII176719,Gorizia,2026-07-12,131.7460
MII176743,Grosseto,2026-07-12,193.3333
MII176749,Imperia,2026-07-12,115.0943
MII176759,Isernia,2026-07-12,170.4545
MII176771,Isili,2026-07-12,110.2804
MII176781,Ivrea,2026-07-12,146.8208
MII177134,L'Aquila,2026-07-12,85.5769
MII176788,La Spezia,2026-07-12,143.4211
MII177107,Lanciano,2026-07-12,114.3498
MII177118,Lanusei,2026-07-12,96.9697
MII177323,Larino,2026-07-12,150.4587
MII177332,Latina,2026-07-12,197.4026
MII177346,Laureana di Borrello,2026-07-12,167.5676
MII177384,Lauro,2026-07-12,26.0000
MII177420,Lecce,2026-07-12,182.1293
MII177436,Lecco,2026-07-12,175.4717
MII177463,Livorno,2026-07-12,159.0604
MII177498,Livorno Gorgona,2026-07-12,129.2135
MII177996,Locri,2026-07-12,147.5000
MII178027,Lodi,2026-07-12,211.6279
MII178035,Lucca,2026-07-12,251.3514
MII178045,Lucera,2026-07-12,140.3101
MII178072,Mantova,2026-07-12,155.7895
MII178085,Massa,2026-07-12,178.2857
MII178115,Massa Marittima,2026-07-12,122.9167
MII178124,Matera,2026-07-12,168.0328
MII178141,Melfi,2026-07-12,150.7463
MII178148,Messina,2026-07-12,117.9245
MII158895,Milano San Vittore,2026-07-12,225.0000
MII178501,Milano San Vittore femminile,2026-07-12,227.7778
MII178638,Modena,2026-07-12,155.7951
MII178659,Monza,2026-07-12,186.3049
MII178666,Napoli Poggioreale,2026-07-12,167.1334
MII178672,Napoli Secondigliano,2026-07-12,139.4545
MII178681,Noto,2026-07-12,98.7500
MII178700,Novara,2026-07-12,67.9487
MII179224,Nuoro,2026-07-12,18.2482
MII178003,Onanì,2026-07-12,90.9524
MII179237,Opera,2026-07-12,151.1577
MII179274,Oristano,2026-07-12,97.6834
MII179280,Orvieto,2026-07-12,119.3878
MII179290,Padova,2026-07-12,120.5556
MII179299,Padova Nuovo Complesso,2026-07-12,154.6296
MII179306,Palermo Pagliarelli,2026-07-12,130.9589
MII179324,Palermo Ucciardone,2026-07-12,113.4100
MII179331,Paliano,2026-07-12,40.4110
MII179342,Palmi,2026-07-12,104.2017
MII179353,Paola,2026-07-12,145.3416
MII179364,Parma,2026-07-12,126.1218
MII182910,Pavia,2026-07-12,139.8058
MII179781,Perugia,2026-07-12,157.0033
MII179818,Pesaro,2026-07-12,179.1667
MII179830,Pescara,2026-07-12,162.1399
MII179842,Piacenza,2026-07-12,138.1068
MII179856,Piazza Armerina,2026-07-12,156.2500
MII182919,Pisa,2026-07-12,164.8649
MII179896,Pistoia,2026-07-12,121.0526
MII179913,Pordenone,2026-07-12,143.2432
MII179932,Porto Azzurro,2026-07-12,123.9521
MII179938,Potenza,2026-07-12,163.5514
MII179958,Prato,2026-07-12,117.5277
MII179965,Ragusa,2026-07-12,114.2077
MII179981,Ravenna,2026-07-12,179.5918
MII179988,Reggio Calabria Arghillà,2026-07-12,129.8246
MII179995,Reggio Calabria Giuseppe Panzera,2026-07-12,81.9876
MII182339,Reggio Emilia,2026-07-12,133.0472
MII169535,Rieti,2026-07-12,176.1246
MII180001,Rimini,2026-07-12,145.7627
MII180380,Roma Rebibbia,2026-07-12,108.3650
MII180348,Roma Rebibbia femminile,2026-07-12,161.1111
MII180356,Roma Rebibbia IIIª casa,2026-07-12,79.5455
MII180370,Roma Rebibbia Nuovo Complesso,2026-07-12,142.5094
MII180401,Roma Regina Coeli,2026-07-12,190.0533
MII180415,Rossano,2026-07-12,123.6641
MII180424,Rovigo,2026-07-12,129.3269
MII180426,Salerno,2026-07-12,155.3134
MII180437,Saluzzo,2026-07-12,89.8058
MII180451,San Cataldo,2026-07-12,85.4701
MII180458,San Gimignano,2026-07-12,150.2242
MII180476,San Severo,2026-07-12,149.1803
MII180465,Sanremo,2026-07-12,122.3744
MII181079,Sant'Angelo dei Lombardi,2026-07-12,163.4783
MII180487,Santa Maria Capua Vetere,2026-07-12,154.1420
MII181091,Sassari,2026-07-12,125.7642
MII181109,Sciacca,2026-07-12,125.0000
MII181115,Siena,2026-07-12,129.3103
MII181125,Siracusa,2026-07-12,133.9450
MII181346,Sondrio,2026-07-12,150.0000
MII181358,Spoleto,2026-07-12,112.7193
MII181371,Sulmona,2026-07-12,129.4455
MII181377,Taranto,2026-07-12,199.5349
MII181385,Tempio Pausania,2026-07-12,106.1350
MII181392,Teramo,2026-07-12,181.2749
MII181401,Termini Imerese,2026-07-12,121.2766
MII181407,Terni,2026-07-12,136.4066
MII181417,Tolmezzo,2026-07-12,114.8649
MII181424,Torino,2026-07-12,138.5036
MII181434,Trani,2026-07-12,153.1987
MII181440,Trani femminile,2026-07-12,125.0000
MII181625,Trapani,2026-07-12,114.6138
MII181636,Trento,2026-07-12,101.6627
MII181645,Treviso,2026-07-12,167.4242
MII181661,Trieste,2026-07-12,180.7407
MII181681,Turi,2026-07-12,169.4444
MII181672,Udine,2026-07-12,184.5238
MII181691,Vallo della Lucania,2026-07-12,157.5000
MII181703,Varese,2026-07-12,181.1321
MII181820,Vasto,2026-07-12,73.3333
MII181839,Velletri,2026-07-12,151.0363
MII181847,Venezia Giudecca,2026-07-12,91.0714
MII181863,Venezia Santa Maria Maggiore,2026-07-12,172.9560
MII181870,Verbania,2026-07-12,143.3962
MII181880,Vercelli,2026-07-12,162.5571
MII181891,Verona,2026-07-12,189.9083
MII181908,Vibo Valentia,2026-07-12,113.4058
MII181918,Vicenza,2026-07-12,136.1217
MII181924,Vigevano,2026-07-12,104.0268
MII181934,Viterbo,2026-07-12,170.4545
MII179733,Voghera,2026-07-12,116.2319
MII179876,Volterra,2026-07-12,98.9362
MII158910,Agrigento,2026-07-19,143.1818
MII157783,Alba,2026-07-19,81.6327
MII158919,"Alessandria Cantiello, Gaeta",2026-07-19,109.4421
MII158924,Alessandria San Michele,2026-07-19,81.1321
MII158935,Alghero,2026-07-19,94.2308
MII172277,Altamura,2026-07-19,195.9184
MII158944,Ancona Barcaglione,2026-07-19,79.0000
MII158941,Ancona Montacuto,2026-07-19,134.1176
MII158945,Arbus,2026-07-19,92.8571
MII158948,Arezzo,2026-07-19,181.8182
MII159053,Ariano Irpino,2026-07-19,143.0556
MII159060,Arienzo,2026-07-19,122.8070
MII159065,Ascoli Piceno,2026-07-19,153.3981
MII159069,Asti,2026-07-19,134.8259
MII159314,Augusta,2026-07-19,175.2809
MII172011,Avellino,2026-07-19,139.2405
MII172187,Aversa,2026-07-19,129.9145
MII182440,Avezzano,2026-07-19,133.9623
MII172222,Barcellona Pozzo di Gotto,2026-07-19,90.2256
MII181678,Bari,2026-07-19,166.2791
MII158901,Belluno,2026-07-19,123.1707
MII160204,Benevento,2026-07-19,151.4170
MII172827,Bergamo,2026-07-19,180.2508
MII172332,Biella,2026-07-19,148.7245
MII172344,Bollate,2026-07-19,127.0718
MII172508,Bologna,2026-07-19,175.9062
MII172580,Bolzano,2026-07-19,125.0000
MII172592,Brescia Canton Monbello,2026-07-19,206.5934
MII172610,Brescia Verziano,2026-07-19,176.0563
MII172623,Brindisi,2026-07-19,176.3158
MII172814,Brissogne - Aosta,2026-07-19,87.5706
MII172320,Busto Arsizio,2026-07-19,194.5701
MII172835,Cagliari Uta,2026-07-19,132.5581
MII173006,Caltagirone,2026-07-19,124.2938
MII173063,Caltanissetta,2026-07-19,140.4372
MII173088,Campobasso,2026-07-19,181.5534
MII173101,Carinola,2026-07-19,118.9011
MII173114,Cassino,2026-07-19,174.7253
MII173237,Castelfranco Emilia,2026-07-19,63.0137
MII173259,Castelvetrano,2026-07-19,159.0909
MII173265,Castrovillari,2026-07-19,170.0000
MII173285,Catania Bicocca,2026-07-19,135.6061
MII173301,Catania Piazza Lanza,2026-07-19,175.7246
MII173311,Catanzaro,2026-07-19,111.1280
MII173356,Chiavari,2026-07-19,121.1538
MII173364,Chieti,2026-07-19,179.7468
MII173688,Civitavecchia Giuseppe Passerini,2026-07-19,54.1667
MII172208,Civitavecchia Nuovo Complesso,2026-07-19,180.4035
MII173712,Como,2026-07-19,184.7534
MII173341,Cosenza,2026-07-19,135.0000
MII173747,Cremona,2026-07-19,158.0729
MII173324,Crotone,2026-07-19,141.2698
MII173764,Cuneo,2026-07-19,98.6877
MII173784,Eboli,2026-07-19,70.3704
MII173813,Enna,2026-07-19,143.8462
MII173994,Favignana,2026-07-19,112.7907
MII174501,Fermo,2026-07-19,174.4186
MII174686,Ferrara,2026-07-19,162.7049
MII174825,Firenze Mario Gozzini,2026-07-19,141.8919
MII174720,Firenze Sollicciano,2026-07-19,160.1286
MII176375,Foggia,2026-07-19,219.8675
MII176403,Forlì,2026-07-19,122.7273
MII176414,Fossano,2026-07-19,82.3529
MII176424,Fossombrone,2026-07-19,119.8718
MII176437,Frosinone,2026-07-19,134.1897
MII176451,Gela,2026-07-19,177.0833
MII152284,Genova Marassi,2026-07-19,122.6168
MII176703,Genova Pontedecimo,2026-07-19,161.4583
MII176714,Giarre,2026-07-19,169.7674
MII176719,Gorizia,2026-07-19,128.5714
MII176743,Grosseto,2026-07-19,220.0000
MII176749,Imperia,2026-07-19,111.3208
MII176759,Isernia,2026-07-19,168.1818
MII176771,Isili,2026-07-19,109.3458
MII176781,Ivrea,2026-07-19,144.5087
MII177134,L'Aquila,2026-07-19,84.6154
MII176788,La Spezia,2026-07-19,147.3684
MII177107,Lanciano,2026-07-19,116.5919
MII177118,Lanusei,2026-07-19,106.0606
MII177323,Larino,2026-07-19,151.3761
MII177332,Latina,2026-07-19,210.3896
MII177346,Laureana di Borrello,2026-07-19,164.8649
MII177384,Lauro,2026-07-19,24.0000
MII177420,Lecce,2026-07-19,184.4586
MII177436,Lecco,2026-07-19,175.4717
MII177463,Livorno,2026-07-19,161.0738
MII177498,Livorno Gorgona,2026-07-19,130.3371
MII177996,Locri,2026-07-19,153.7500
MII178027,Lodi,2026-07-19,211.6279
MII178035,Lucca,2026-07-19,251.3514
MII178045,Lucera,2026-07-19,137.9845
MII178072,Mantova,2026-07-19,153.6842
MII178085,Massa,2026-07-19,177.1429
MII178115,Massa Marittima,2026-07-19,118.7500
MII178124,Matera,2026-07-19,170.4918
MII178141,Melfi,2026-07-19,159.7015
MII178148,Messina,2026-07-19,114.4186
MII158895,Milano San Vittore,2026-07-19,222.3140
MII178501,Milano San Vittore femminile,2026-07-19,178.2609
MII178638,Modena,2026-07-19,154.1779
MII178659,Monza,2026-07-19,188.0829
MII178666,Napoli Poggioreale,2026-07-19,167.8703
MII178672,Napoli Secondigliano,2026-07-19,138.5455
MII178681,Noto,2026-07-19,98.1250
MII178700,Novara,2026-07-19,67.3077
MII179224,Nuoro,2026-07-19,18.2482
MII178003,Onanì,2026-07-19,89.5238
MII179237,Opera,2026-07-19,150.8269
MII179274,Oristano,2026-07-19,98.0769
MII179280,Orvieto,2026-07-19,119.3878
MII179290,Padova,2026-07-19,115.7609
MII179299,Padova Nuovo Complesso,2026-07-19,154.6296
MII179306,Palermo Pagliarelli,2026-07-19,133.1507
MII179324,Palermo Ucciardone,2026-07-19,113.4100
MII179331,Paliano,2026-07-19,41.0959
MII179342,Palmi,2026-07-19,115.9664
MII179353,Paola,2026-07-19,147.8261
MII179364,Parma,2026-07-19,121.6923
MII182910,Pavia,2026-07-19,139.0291
MII179781,Perugia,2026-07-19,156.0261
MII179818,Pesaro,2026-07-19,177.7778
MII179830,Pescara,2026-07-19,164.6091
MII179842,Piacenza,2026-07-19,138.1068
MII179856,Piazza Armerina,2026-07-19,162.5000
MII182919,Pisa,2026-07-19,165.4054
MII179896,Pistoia,2026-07-19,122.3684
MII179913,Pordenone,2026-07-19,143.2432
MII179932,Porto Azzurro,2026-07-19,122.7545
MII179938,Potenza,2026-07-19,160.7477
MII179958,Prato,2026-07-19,116.7897
MII179965,Ragusa,2026-07-19,113.1148
MII179981,Ravenna,2026-07-19,183.6735
MII179988,Reggio Calabria Arghillà,2026-07-19,127.3684
MII179995,Reggio Calabria Giuseppe Panzera,2026-07-19,89.4410
MII182339,Reggio Emilia,2026-07-19,132.9060
MII169535,Rieti,2026-07-19,174.7405
MII180001,Rimini,2026-07-19,150.0000
MII180380,Roma Rebibbia,2026-07-19,107.6046
MII180348,Roma Rebibbia femminile,2026-07-19,165.8120
MII180356,Roma Rebibbia IIIª casa,2026-07-19,80.3030
MII180370,Roma Rebibbia Nuovo Complesso,2026-07-19,143.9139
MII180401,Roma Regina Coeli,2026-07-19,188.0995
MII180415,Rossano,2026-07-19,121.7557
MII180424,Rovigo,2026-07-19,126.3158
MII180426,Salerno,2026-07-19,155.0409
MII180437,Saluzzo,2026-07-19,89.5631
MII180451,San Cataldo,2026-07-19,78.6325
MII180458,San Gimignano,2026-07-19,152.4664
MII180476,San Severo,2026-07-19,142.6230
MII180465,Sanremo,2026-07-19,125.1142
MII181079,Sant'Angelo dei Lombardi,2026-07-19,160.8696
MII180487,Santa Maria Capua Vetere,2026-07-19,153.8462
MII181091,Sassari,2026-07-19,125.5459
MII181109,Sciacca,2026-07-19,120.0000
MII181115,Siena,2026-07-19,132.7586
MII181125,Siracusa,2026-07-19,132.1101
MII181346,Sondrio,2026-07-19,158.3333
MII181358,Spoleto,2026-07-19,113.1579
MII181371,Sulmona,2026-07-19,129.6367
MII181377,Taranto,2026-07-19,198.6047
MII181385,Tempio Pausania,2026-07-19,106.7485
MII181392,Teramo,2026-07-19,184.0637
MII181401,Termini Imerese,2026-07-19,120.0000
MII181407,Terni,2026-07-19,135.2381
MII181417,Tolmezzo,2026-07-19,112.8378
MII181424,Torino,2026-07-19,136.8277
MII181434,Trani,2026-07-19,150.1684
MII181440,Trani femminile,2026-07-19,125.0000
MII181625,Trapani,2026-07-19,114.1962
MII181636,Trento,2026-07-19,101.4252
MII181645,Treviso,2026-07-19,168.9394
MII181661,Trieste,2026-07-19,186.6667
MII181681,Turi,2026-07-19,171.2963
MII181672,Udine,2026-07-19,184.5238
MII181691,Vallo della Lucania,2026-07-19,155.0000
MII181703,Varese,2026-07-19,192.4528
MII181820,Vasto,2026-07-19,73.8462
MII181839,Velletri,2026-07-19,149.7409
MII181847,Venezia Giudecca,2026-07-19,87.5000
MII181863,Venezia Santa Maria Maggiore,2026-07-19,175.4717
MII181870,Verbania,2026-07-19,149.0566
MII181880,Vercelli,2026-07-19,159.3607
MII181891,Verona,2026-07-19,186.2385
MII181908,Vibo Valentia,2026-07-19,117.7536
MII181918,Vicenza,2026-07-19,135.7414
MII181924,Vigevano,2026-07-19,104.6980
MII181934,Viterbo,2026-07-19,169.6970
MII179733,Voghera,2026-07-19,114.4928
MII179876,Volterra,2026-07-19,100.0000
MII158910,Agrigento,2026-07-24,147.3485
MII157783,Alba,2026-07-24,83.3333
MII158919,"Alessandria Cantiello, Gaeta",2026-07-24,108.1545
MII158924,Alessandria San Michele,2026-07-24,79.2453
MII158935,Alghero,2026-07-24,94.8718
MII172277,Altamura,2026-07-24,193.8776
MII158944,Ancona Barcaglione,2026-07-24,79.0000
MII158941,Ancona Montacuto,2026-07-24,133.0709
MII158945,Arbus,2026-07-24,92.0635
MII158948,Arezzo,2026-07-24,190.9091
MII159053,Ariano Irpino,2026-07-24,141.6667
MII159060,Arienzo,2026-07-24,124.5614
MII159065,Ascoli Piceno,2026-07-24,148.5437
MII159069,Asti,2026-07-24,137.3134
MII159314,Augusta,2026-07-24,174.9064
MII172011,Avellino,2026-07-24,138.3966
MII172187,Aversa,2026-07-24,128.2051
MII182440,Avezzano,2026-07-24,135.8491
MII172222,Barcellona Pozzo di Gotto,2026-07-24,90.2256
MII181678,Bari,2026-07-24,166.2791
MII158901,Belluno,2026-07-24,123.1707
MII160204,Benevento,2026-07-24,148.9879
MII172827,Bergamo,2026-07-24,180.5643
MII172332,Biella,2026-07-24,147.7041
MII172344,Bollate,2026-07-24,127.0718
MII172508,Bologna,2026-07-24,173.6170
MII172580,Bolzano,2026-07-24,127.2727
MII172592,Brescia Canton Monbello,2026-07-24,202.7473
MII172610,Brescia Verziano,2026-07-24,175.7143
MII172623,Brindisi,2026-07-24,176.9737
MII172814,Brissogne - Aosta,2026-07-24,87.5706
MII172320,Busto Arsizio,2026-07-24,193.2127
MII172835,Cagliari Uta,2026-07-24,133.0948
MII173006,Caltagirone,2026-07-24,125.4237
MII173063,Caltanissetta,2026-07-24,140.9836
MII173088,Campobasso,2026-07-24,180.9524
MII173101,Carinola,2026-07-24,118.4615
MII173114,Cassino,2026-07-24,175.8242
MII173237,Castelfranco Emilia,2026-07-24,61.0738
MII173259,Castelvetrano,2026-07-24,159.0909
MII173265,Castrovillari,2026-07-24,164.2857
MII173285,Catania Bicocca,2026-07-24,138.6364
MII173301,Catania Piazza Lanza,2026-07-24,169.5652
MII173311,Catanzaro,2026-07-24,110.5183
MII173356,Chiavari,2026-07-24,117.3077
MII173364,Chieti,2026-07-24,182.2785
MII173688,Civitavecchia Giuseppe Passerini,2026-07-24,53.4722
MII172208,Civitavecchia Nuovo Complesso,2026-07-24,178.0980
MII173712,Como,2026-07-24,184.3049
MII173341,Cosenza,2026-07-24,134.5455
MII173747,Cremona,2026-07-24,157.8125
MII173324,Crotone,2026-07-24,144.4444
MII173764,Cuneo,2026-07-24,98.6877
MII173784,Eboli,2026-07-24,70.3704
MII173813,Enna,2026-07-24,142.3077
MII173994,Favignana,2026-07-24,113.9535
MII174501,Fermo,2026-07-24,169.7674
MII174686,Ferrara,2026-07-24,166.2551
MII174825,Firenze Mario Gozzini,2026-07-24,139.1892
MII174720,Firenze Sollicciano,2026-07-24,159.2949
MII176375,Foggia,2026-07-24,218.5430
MII176403,Forlì,2026-07-24,120.4545
MII176414,Fossano,2026-07-24,89.7059
MII176424,Fossombrone,2026-07-24,121.5686
MII176437,Frosinone,2026-07-24,134.9802
MII176451,Gela,2026-07-24,181.2500
MII152284,Genova Marassi,2026-07-24,122.8037
MII176703,Genova Pontedecimo,2026-07-24,162.5000
MII176714,Giarre,2026-07-24,169.7674
MII176719,Gorizia,2026-07-24,120.6349
MII176743,Grosseto,2026-07-24,206.6667
MII176749,Imperia,2026-07-24,109.4340
MII176759,Isernia,2026-07-24,163.6364
MII176771,Isili,2026-07-24,110.2804
MII176781,Ivrea,2026-07-24,142.7746
MII177134,L'Aquila,2026-07-24,86.0577
MII176788,La Spezia,2026-07-24,149.3421
MII177107,Lanciano,2026-07-24,116.5919
MII177118,Lanusei,2026-07-24,106.0606
MII177323,Larino,2026-07-24,149.5413
MII177332,Latina,2026-07-24,210.3896
MII177346,Laureana di Borrello,2026-07-24,162.1622
MII177384,Lauro,2026-07-24,24.0000
MII177420,Lecce,2026-07-24,184.2038
MII177436,Lecco,2026-07-24,175.4717
MII177463,Livorno,2026-07-24,157.0470
MII177498,Livorno Gorgona,2026-07-24,131.4607
MII177996,Locri,2026-07-24,157.1429
MII178027,Lodi,2026-07-24,206.9767
MII178035,Lucca,2026-07-24,243.2432
MII178045,Lucera,2026-07-24,139.5349
MII178072,Mantova,2026-07-24,152.6316
MII178085,Massa,2026-07-24,176.5714
MII178115,Massa Marittima,2026-07-24,114.5833
MII178124,Matera,2026-07-24,168.8525
MII178141,Melfi,2026-07-24,158.2090
MII178148,Messina,2026-07-24,116.2791
MII158895,Milano San Vittore,2026-07-24,223.3471
MII178501,Milano San Vittore femminile,2026-07-24,184.7826
MII178638,Modena,2026-07-24,154.7170
MII178659,Monza,2026-07-24,188.8312
MII178666,Napoli Poggioreale,2026-07-24,167.7229
MII178672,Napoli Secondigliano,2026-07-24,138.0909
MII178681,Noto,2026-07-24,97.5000
MII178700,Novara,2026-07-24,67.9487
MII179224,Nuoro,2026-07-24,17.8832
MII178003,Onanì,2026-07-24,90.0000
MII179237,Opera,2026-07-24,150.0551
MII179274,Oristano,2026-07-24,98.8462
MII179280,Orvieto,2026-07-24,115.3061
MII179290,Padova,2026-07-24,117.9348
MII179299,Padova Nuovo Complesso,2026-07-24,154.6296
MII179306,Palermo Pagliarelli,2026-07-24,135.0685
MII179324,Palermo Ucciardone,2026-07-24,113.0268
MII179331,Paliano,2026-07-24,41.0959
MII179342,Palmi,2026-07-24,116.8067
MII179353,Paola,2026-07-24,150.9317
MII179364,Parma,2026-07-24,121.5385
MII182910,Pavia,2026-07-24,139.4175
MII179781,Perugia,2026-07-24,155.3746
MII179818,Pesaro,2026-07-24,177.0833
MII179830,Pescara,2026-07-24,163.7860
MII179842,Piacenza,2026-07-24,140.2913
MII179856,Piazza Armerina,2026-07-24,158.3333
MII182919,Pisa,2026-07-24,164.8649
MII179896,Pistoia,2026-07-24,113.1579
MII179913,Pordenone,2026-07-24,135.1351
MII179932,Porto Azzurro,2026-07-24,120.3593
MII179938,Potenza,2026-07-24,162.6168
MII179958,Prato,2026-07-24,117.1587
MII179965,Ragusa,2026-07-24,118.0328
MII179981,Ravenna,2026-07-24,167.3469
MII179988,Reggio Calabria Arghillà,2026-07-24,122.4561
MII179995,Reggio Calabria Giuseppe Panzera,2026-07-24,90.0621
MII182339,Reggio Emilia,2026-07-24,135.4701
MII169535,Rieti,2026-07-24,176.1246
MII180001,Rimini,2026-07-24,144.9153
MII180380,Roma Rebibbia,2026-07-24,106.8441
MII180348,Roma Rebibbia femminile,2026-07-24,168.9956
MII180356,Roma Rebibbia IIIª casa,2026-07-24,78.0303
MII180370,Roma Rebibbia Nuovo Complesso,2026-07-24,144.7566
MII180401,Roma Regina Coeli,2026-07-24,184.9023
MII180415,Rossano,2026-07-24,122.1374
MII180424,Rovigo,2026-07-24,131.3725
MII180426,Salerno,2026-07-24,153.6785
MII180437,Saluzzo,2026-07-24,88.9157
MII180451,San Cataldo,2026-07-24,77.7778
MII180458,San Gimignano,2026-07-24,152.0179
MII180476,San Severo,2026-07-24,147.5410
MII180465,Sanremo,2026-07-24,126.0274
MII181079,Sant'Angelo dei Lombardi,2026-07-24,159.1304
MII180487,Santa Maria Capua Vetere,2026-07-24,152.9586
MII181091,Sassari,2026-07-24,124.6725
MII181109,Sciacca,2026-07-24,115.0000
MII181115,Siena,2026-07-24,131.0345
MII181125,Siracusa,2026-07-24,133.3945
MII181346,Sondrio,2026-07-24,154.1667
MII181358,Spoleto,2026-07-24,112.9670
MII181371,Sulmona,2026-07-24,129.0631
MII181377,Taranto,2026-07-24,198.1395
MII181385,Tempio Pausania,2026-07-24,109.8160
MII181392,Teramo,2026-07-24,182.8685
MII181401,Termini Imerese,2026-07-24,116.8421
MII181407,Terni,2026-07-24,136.6667
MII181417,Tolmezzo,2026-07-24,112.1622
MII181424,Torino,2026-07-24,137.2495
MII181434,Trani,2026-07-24,149.8316
MII181440,Trani femminile,2026-07-24,128.1250
MII181625,Trapani,2026-07-24,115.7563
MII181636,Trento,2026-07-24,99.5249
MII181645,Treviso,2026-07-24,168.9394
MII181661,Trieste,2026-07-24,186.6667
MII181681,Turi,2026-07-24,169.4444
MII181672,Udine,2026-07-24,183.3333
MII181691,Vallo della Lucania,2026-07-24,155.0000
MII181703,Varese,2026-07-24,184.9057
MII181820,Vasto,2026-07-24,73.3333
MII181839,Velletri,2026-07-24,141.2621
MII181847,Venezia Giudecca,2026-07-24,83.9286
MII181863,Venezia Santa Maria Maggiore,2026-07-24,177.3585
MII181870,Verbania,2026-07-24,143.3962
MII181880,Vercelli,2026-07-24,162.9630
MII181891,Verona,2026-07-24,185.6707
MII181908,Vibo Valentia,2026-07-24,119.4853
MII181918,Vicenza,2026-07-24,136.6412
MII181924,Vigevano,2026-07-24,104.6980
MII181934,Viterbo,2026-07-24,168.9394
MII179733,Voghera,2026-07-24,114.4928
MII179876,Volterra,2026-07-24,98.9362
MII158910,Agrigento,2026-08-02,146.2121
MII157783,Alba,2026-08-02,81.2500
MII158919,"Alessandria Cantiello, Gaeta",2026-08-02,107.7253
MII158924,Alessandria San Michele,2026-08-02,77.3585
MII158935,Alghero,2026-08-02,96.7949
MII172277,Altamura,2026-08-02,197.9592
MII158944,Ancona Barcaglione,2026-08-02,79.0000
MII158941,Ancona Montacuto,2026-08-02,133.4646
MII158945,Arbus,2026-08-02,90.4762
MII158948,Arezzo,2026-08-02,200.0000
MII159053,Ariano Irpino,2026-08-02,143.0556
MII159060,Arienzo,2026-08-02,124.5614
MII159065,Ascoli Piceno,2026-08-02,153.3981
MII159069,Asti,2026-08-02,136.8159
MII159314,Augusta,2026-08-02,176.7790
MII172011,Avellino,2026-08-02,139.2405
MII172187,Aversa,2026-08-02,128.2051
MII182440,Avezzano,2026-08-02,141.5094
MII172222,Barcellona Pozzo di Gotto,2026-08-02,89.4737
MII181678,Bari,2026-08-02,164.7287
MII158901,Belluno,2026-08-02,123.1707
MII160204,Benevento,2026-08-02,146.1538
MII172827,Bergamo,2026-08-02,180.8777
MII172332,Biella,2026-08-02,150.7653
MII172344,Bollate,2026-08-02,127.3875
MII172508,Bologna,2026-08-02,174.6809
MII172580,Bolzano,2026-08-02,127.2727
MII172592,Brescia Canton Monbello,2026-08-02,203.8462
MII172610,Brescia Verziano,2026-08-02,177.1429
MII172623,Brindisi,2026-08-02,182.8947
MII172814,Brissogne - Aosta,2026-08-02,89.2655
MII172320,Busto Arsizio,2026-08-02,190.9502
MII172835,Cagliari Uta,2026-08-02,134.1682
MII173006,Caltagirone,2026-08-02,125.9887
MII173063,Caltanissetta,2026-08-02,142.0765
MII173088,Campobasso,2026-08-02,180.0000
MII173101,Carinola,2026-08-02,118.3628
MII173114,Cassino,2026-08-02,180.0000
MII173237,Castelfranco Emilia,2026-08-02,61.7450
MII173259,Castelvetrano,2026-08-02,159.0909
MII173265,Castrovillari,2026-08-02,170.0000
MII173285,Catania Bicocca,2026-08-02,140.1515
MII173301,Catania Piazza Lanza,2026-08-02,169.5652
MII173311,Catanzaro,2026-08-02,108.9939
MII173356,Chiavari,2026-08-02,115.3846
MII173364,Chieti,2026-08-02,183.5443
MII173688,Civitavecchia Giuseppe Passerini,2026-08-02,52.7778
MII172208,Civitavecchia Nuovo Complesso,2026-08-02,180.6916
MII173712,Como,2026-08-02,179.5556
MII173341,Cosenza,2026-08-02,133.6364
MII173747,Cremona,2026-08-02,158.5938
MII173324,Crotone,2026-08-02,141.2698
MII173764,Cuneo,2026-08-02,98.4252
MII173784,Eboli,2026-08-02,70.3704
MII173813,Enna,2026-08-02,142.3077
MII173994,Favignana,2026-08-02,118.6047
MII174501,Fermo,2026-08-02,162.7907
MII174686,Ferrara,2026-08-02,165.4321
MII174825,Firenze Mario Gozzini,2026-08-02,136.4865
MII174720,Firenze Sollicciano,2026-08-02,148.6577
MII176375,Foggia,2026-08-02,221.1921
MII176403,Forlì,2026-08-02,118.9394
MII176414,Fossano,2026-08-02,91.1765
MII176424,Fossombrone,2026-08-02,121.5686
MII176437,Frosinone,2026-08-02,136.5613
MII176451,Gela,2026-08-02,185.4167
MII152284,Genova Marassi,2026-08-02,123.7383
MII176703,Genova Pontedecimo,2026-08-02,163.5417
MII176714,Giarre,2026-08-02,162.7907
MII176719,Gorizia,2026-08-02,133.3333
MII176743,Grosseto,2026-08-02,193.3333
MII176749,Imperia,2026-08-02,107.5472
MII176759,Isernia,2026-08-02,168.1818
MII176771,Isili,2026-08-02,110.2804
MII176781,Ivrea,2026-08-02,145.6647
MII177134,L'Aquila,2026-08-02,85.5769
MII176788,La Spezia,2026-08-02,146.0526
MII177107,Lanciano,2026-08-02,116.5179
MII177118,Lanusei,2026-08-02,106.0606
MII177323,Larino,2026-08-02,147.7064
MII177332,Latina,2026-08-02,220.7792
MII177346,Laureana di Borrello,2026-08-02,164.8649
MII177384,Lauro,2026-08-02,30.0000
MII177420,Lecce,2026-08-02,184.4586
MII177436,Lecco,2026-08-02,177.3585
MII177463,Livorno,2026-08-02,106.4982
MII177498,Livorno Gorgona,2026-08-02,129.2135
MII177996,Locri,2026-08-02,150.0000
MII178027,Lodi,2026-08-02,204.6512
MII178035,Lucca,2026-08-02,256.7568
MII178045,Lucera,2026-08-02,139.5349
MII178072,Mantova,2026-08-02,151.0417
MII178085,Massa,2026-08-02,176.0000
MII178115,Massa Marittima,2026-08-02,108.3333
MII178124,Matera,2026-08-02,168.0328
MII178141,Melfi,2026-08-02,156.7164
MII178148,Messina,2026-08-02,116.7442
MII158895,Milano San Vittore,2026-08-02,226.9151
MII178501,Milano San Vittore femminile,2026-08-02,184.7826
MII178638,Modena,2026-08-02,157.9515
MII178659,Monza,2026-08-02,190.6250
MII178666,Napoli Poggioreale,2026-08-02,169.2704
MII178672,Napoli Secondigliano,2026-08-02,137.1818
MII178681,Noto,2026-08-02,99.3750
MII178700,Novara,2026-08-02,64.7436
MII179224,Nuoro,2026-08-02,16.7883
MII178003,Onanì,2026-08-02,88.5714
MII179237,Opera,2026-08-02,149.7797
MII179274,Oristano,2026-08-02,99.2308
MII179280,Orvieto,2026-08-02,115.3061
MII179290,Padova,2026-08-02,119.0217
MII179299,Padova Nuovo Complesso,2026-08-02,155.5556
MII179306,Palermo Pagliarelli,2026-08-02,135.0046
MII179324,Palermo Ucciardone,2026-08-02,112.4046
MII179331,Paliano,2026-08-02,40.4110
MII179342,Palmi,2026-08-02,118.4874
MII179353,Paola,2026-08-02,150.9317
MII179364,Parma,2026-08-02,121.3846
MII182910,Pavia,2026-08-02,139.2233
MII179781,Perugia,2026-08-02,157.3770
MII179818,Pesaro,2026-08-02,173.6111
MII179830,Pescara,2026-08-02,163.7860
MII179842,Piacenza,2026-08-02,141.5049
MII179856,Piazza Armerina,2026-08-02,162.5000
MII182919,Pisa,2026-08-02,157.2973
MII179896,Pistoia,2026-08-02,110.5263
MII179913,Pordenone,2026-08-02,143.2432
MII179932,Porto Azzurro,2026-08-02,120.6587
MII179938,Potenza,2026-08-02,157.9439
MII179958,Prato,2026-08-02,118.0812
MII179965,Ragusa,2026-08-02,122.9508
MII179981,Ravenna,2026-08-02,173.4694
MII179988,Reggio Calabria Arghillà,2026-08-02,119.6491
MII179995,Reggio Calabria Giuseppe Panzera,2026-08-02,89.4410
MII182339,Reggio Emilia,2026-08-02,136.3248
MII169535,Rieti,2026-08-02,174.3945
MII180001,Rimini,2026-08-02,144.9153
MII180380,Roma Rebibbia,2026-08-02,107.9848
MII180348,Roma Rebibbia femminile,2026-08-02,164.6288
MII180356,Roma Rebibbia IIIª casa,2026-08-02,79.5455
MII180370,Roma Rebibbia Nuovo Complesso,2026-08-02,144.2884
MII180401,Roma Regina Coeli,2026-08-02,189.1652
MII180415,Rossano,2026-08-02,123.6641
MII180424,Rovigo,2026-08-02,128.0193
MII180426,Salerno,2026-08-02,155.0409
MII180437,Saluzzo,2026-08-02,89.1566
MII180451,San Cataldo,2026-08-02,78.6325
MII180458,San Gimignano,2026-08-02,147.0852
MII180476,San Severo,2026-08-02,152.4590
MII180465,Sanremo,2026-08-02,127.3973
MII181079,Sant'Angelo dei Lombardi,2026-08-02,160.8696
MII180487,Santa Maria Capua Vetere,2026-08-02,155.1880
MII181091,Sassari,2026-08-02,124.8352
MII181109,Sciacca,2026-08-02,120.0000
MII181115,Siena,2026-08-02,131.0345
MII181125,Siracusa,2026-08-02,132.2936
MII181346,Sondrio,2026-08-02,145.8333
MII181358,Spoleto,2026-08-02,113.4066
MII181371,Sulmona,2026-08-02,128.2983
MII181377,Taranto,2026-08-02,198.8372
MII181385,Tempio Pausania,2026-08-02,108.5890
MII181392,Teramo,2026-08-02,184.0637
MII181401,Termini Imerese,2026-08-02,120.2128
MII181407,Terni,2026-08-02,137.1158
MII181417,Tolmezzo,2026-08-02,111.4865
MII181424,Torino,2026-08-02,137.9781
MII181434,Trani,2026-08-02,151.5152
MII181440,Trani femminile,2026-08-02,121.8750
MII181625,Trapani,2026-08-02,117.2269
MII181636,Trento,2026-08-02,101.4252
MII181645,Treviso,2026-08-02,169.6970
MII181661,Trieste,2026-08-02,185.9259
MII181681,Turi,2026-08-02,172.2222
MII181672,Udine,2026-08-02,192.8571
MII181691,Vallo della Lucania,2026-08-02,160.0000
MII181703,Varese,2026-08-02,181.1321
MII181820,Vasto,2026-08-02,72.3077
MII181839,Velletri,2026-08-02,154.1451
MII181847,Venezia Giudecca,2026-08-02,88.3929
MII181863,Venezia Santa Maria Maggiore,2026-08-02,179.8742
MII181870,Verbania,2026-08-02,141.5094
MII181880,Vercelli,2026-08-02,165.4378
MII181891,Verona,2026-08-02,186.8902
MII181908,Vibo Valentia,2026-08-02,119.4853
MII181918,Vicenza,2026-08-02,138.5496
MII181924,Vigevano,2026-08-02,104.6980
MII181934,Viterbo,2026-08-02,166.4083
MII179733,Voghera,2026-08-02,115.6522
MII179876,Volterra,2026-08-02,97.8723
MII158910,Agrigento,2026-08-09,144.6970
MII157783,Alba,2026-08-09,81.2500
MII158919,"Alessandria Cantiello, Gaeta",2026-08-09,110.7296
MII158924,Alessandria San Michele,2026-08-09,77.3585
MII158935,Alghero,2026-08-09,98.0769
MII172277,Altamura,2026-08-09,200.0000
MII158944,Ancona Barcaglione,2026-08-09,81.0000
MII158941,Ancona Montacuto,2026-08-09,132.2835
MII158945,Arbus,2026-08-09,91.2698
MII158948,Arezzo,2026-08-09,204.5455
MII159053,Ariano Irpino,2026-08-09,143.5185
MII159060,Arienzo,2026-08-09,131.5789
MII159065,Ascoli Piceno,2026-08-09,151.4563
MII159069,Asti,2026-08-09,134.8259
MII159314,Augusta,2026-08-09,177.5281
MII172011,Avellino,2026-08-09,140.2954
MII172187,Aversa,2026-08-09,130.7692
MII182440,Avezzano,2026-08-09,141.5094
MII172222,Barcellona Pozzo di Gotto,2026-08-09,88.3459
MII181678,Bari,2026-08-09,167.8295
MII158901,Belluno,2026-08-09,124.3902
MII160204,Benevento,2026-08-09,153.0172
MII172827,Bergamo,2026-08-09,178.6834
MII172332,Biella,2026-08-09,150.2551
MII172344,Bollate,2026-08-09,127.8611
MII172508,Bologna,2026-08-09,172.5532
MII172580,Bolzano,2026-08-09,125.0000
MII172592,Brescia Canton Monbello,2026-08-09,204.9451
MII172610,Brescia Verziano,2026-08-09,175.7143
MII172623,Brindisi,2026-08-09,180.9211
MII172814,Brissogne - Aosta,2026-08-09,85.8757
MII172320,Busto Arsizio,2026-08-09,189.5928
MII172835,Cagliari Uta,2026-08-09,134.5259
MII173006,Caltagirone,2026-08-09,126.2712
MII173063,Caltanissetta,2026-08-09,139.3443
MII173088,Campobasso,2026-08-09,178.0952
MII173101,Carinola,2026-08-09,119.7802
MII173114,Cassino,2026-08-09,185.5556
MII173237,Castelfranco Emilia,2026-08-09,63.7584
MII173259,Castelvetrano,2026-08-09,165.9091
MII173265,Castrovillari,2026-08-09,168.5714
MII173285,Catania Bicocca,2026-08-09,142.4242
MII173301,Catania Piazza Lanza,2026-08-09,168.8172
MII173311,Catanzaro,2026-08-09,108.9939
MII173356,Chiavari,2026-08-09,115.3846
MII173364,Chieti,2026-08-09,183.5443
MII173688,Civitavecchia Giuseppe Passerini,2026-08-09,52.7778
MII172208,Civitavecchia Nuovo Complesso,2026-08-09,183.8617
MII173712,Como,2026-08-09,180.8889
MII173341,Cosenza,2026-08-09,131.3636
MII173747,Cremona,2026-08-09,160.6771
MII173324,Crotone,2026-08-09,142.8571
MII173764,Cuneo,2026-08-09,99.7375
MII173784,Eboli,2026-08-09,70.3704
MII173813,Enna,2026-08-09,147.6923
MII173994,Favignana,2026-08-09,119.7674
MII174501,Fermo,2026-08-09,153.4884
MII174686,Ferrara,2026-08-09,166.6667
MII174825,Firenze Mario Gozzini,2026-08-09,137.8378
MII174720,Firenze Sollicciano,2026-08-09,154.5788
MII176375,Foggia,2026-08-09,219.8675
MII176403,Forlì,2026-08-09,121.2121
MII176414,Fossano,2026-08-09,91.9118
MII176424,Fossombrone,2026-08-09,119.8718
MII176437,Frosinone,2026-08-09,137.8698
MII176451,Gela,2026-08-09,177.0833
MII152284,Genova Marassi,2026-08-09,126.5421
MII176703,Genova Pontedecimo,2026-08-09,164.5833
MII176714,Giarre,2026-08-09,165.1163
MII176719,Gorizia,2026-08-09,126.9841
MII176743,Grosseto,2026-08-09,173.3333
MII176749,Imperia,2026-08-09,122.6415
MII176759,Isernia,2026-08-09,168.1818
MII176771,Isili,2026-08-09,110.2804
MII176781,Ivrea,2026-08-09,147.9769
MII177134,L'Aquila,2026-08-09,86.5385
MII176788,La Spezia,2026-08-09,146.7105
MII177107,Lanciano,2026-08-09,119.1964
MII177118,Lanusei,2026-08-09,109.0909
MII177323,Larino,2026-08-09,146.7890
MII177332,Latina,2026-08-09,227.2727
MII177346,Laureana di Borrello,2026-08-09,162.1622
MII177384,Lauro,2026-08-09,30.0000
MII177420,Lecce,2026-08-09,185.0955
MII177436,Lecco,2026-08-09,175.4717
MII177463,Livorno,2026-08-09,113.7184
MII177498,Livorno Gorgona,2026-08-09,130.3371
MII177996,Locri,2026-08-09,158.7500
MII178027,Lodi,2026-08-09,206.9767
MII178035,Lucca,2026-08-09,243.2432
MII178045,Lucera,2026-08-09,140.3101
MII178072,Mantova,2026-08-09,152.0833
MII178085,Massa,2026-08-09,174.2857
MII178115,Massa Marittima,2026-08-09,120.8333
MII178124,Matera,2026-08-09,170.4918
MII178141,Melfi,2026-08-09,155.2239
MII178148,Messina,2026-08-09,114.2202
MII158895,Milano San Vittore,2026-08-09,229.1322
MII178501,Milano San Vittore femminile,2026-08-09,208.6957
MII178638,Modena,2026-08-09,161.9946
MII178659,Monza,2026-08-09,188.8601
MII178666,Napoli Poggioreale,2026-08-09,168.0914
MII178672,Napoli Secondigliano,2026-08-09,136.9526
MII178681,Noto,2026-08-09,101.2500
MII178700,Novara,2026-08-09,64.1026
MII179224,Nuoro,2026-08-09,16.4234
MII178003,Onanì,2026-08-09,89.5238
MII179237,Opera,2026-08-09,150.4405
MII179274,Oristano,2026-08-09,99.6154
MII179280,Orvieto,2026-08-09,113.2653
MII179290,Padova,2026-08-09,121.7391
MII179299,Padova Nuovo Complesso,2026-08-09,156.0185
MII179306,Palermo Pagliarelli,2026-08-09,135.2780
MII179324,Palermo Ucciardone,2026-08-09,111.7871
MII179331,Paliano,2026-08-09,42.4658
MII179342,Palmi,2026-08-09,110.0000
MII179353,Paola,2026-08-09,150.9317
MII179364,Parma,2026-08-09,122.7554
MII182910,Pavia,2026-08-09,137.6699
MII179781,Perugia,2026-08-09,159.2834
MII179818,Pesaro,2026-08-09,172.9167
MII179830,Pescara,2026-08-09,164.1975
MII179842,Piacenza,2026-08-09,143.5523
MII179856,Piazza Armerina,2026-08-09,168.7500
MII182919,Pisa,2026-08-09,154.5946
MII179896,Pistoia,2026-08-09,111.8421
MII179913,Pordenone,2026-08-09,159.4595
MII179932,Porto Azzurro,2026-08-09,120.3593
MII179938,Potenza,2026-08-09,158.8785
MII179958,Prato,2026-08-09,117.5277
MII179965,Ragusa,2026-08-09,122.4044
MII179981,Ravenna,2026-08-09,185.7143
MII179988,Reggio Calabria Arghillà,2026-08-09,118.9474
MII179995,Reggio Calabria Giuseppe Panzera,2026-08-09,124.7706
MII182339,Reggio Emilia,2026-08-09,135.6223
MII169535,Rieti,2026-08-09,176.8166
MII180001,Rimini,2026-08-09,152.5424
MII180380,Roma Rebibbia,2026-08-09,108.3019
MII180348,Roma Rebibbia femminile,2026-08-09,162.8821
MII180356,Roma Rebibbia IIIª casa,2026-08-09,78.0303
MII180370,Roma Rebibbia Nuovo Complesso,2026-08-09,143.0712
MII180401,Roma Regina Coeli,2026-08-09,191.6519
MII180415,Rossano,2026-08-09,125.5725
MII180424,Rovigo,2026-08-09,129.4686
MII180426,Salerno,2026-08-09,155.3134
MII180437,Saluzzo,2026-08-09,88.9157
MII180451,San Cataldo,2026-08-09,83.7607
MII180458,San Gimignano,2026-08-09,148.4305
MII180476,San Severo,2026-08-09,152.4590
MII180465,Sanremo,2026-08-09,126.0274
MII181079,Sant'Angelo dei Lombardi,2026-08-09,163.4783
MII180487,Santa Maria Capua Vetere,2026-08-09,154.5865
MII181091,Sassari,2026-08-09,126.5934
MII181109,Sciacca,2026-08-09,120.0000
MII181115,Siena,2026-08-09,129.8246
MII181125,Siracusa,2026-08-09,131.5596
MII181346,Sondrio,2026-08-09,150.0000
MII181358,Spoleto,2026-08-09,112.7473
MII181371,Sulmona,2026-08-09,127.3423
MII181377,Taranto,2026-08-09,198.1395
MII181385,Tempio Pausania,2026-08-09,109.2025
MII181392,Teramo,2026-08-09,184.4000
MII181401,Termini Imerese,2026-08-09,118.9474
MII181407,Terni,2026-08-09,138.0048
MII181417,Tolmezzo,2026-08-09,113.5135
MII181424,Torino,2026-08-09,138.0909
MII181434,Trani,2026-08-09,155.2189
MII181440,Trani femminile,2026-08-09,121.8750
MII181625,Trapani,2026-08-09,117.6471
MII181636,Trento,2026-08-09,104.0380
MII181645,Treviso,2026-08-09,170.4545
MII181661,Trieste,2026-08-09,188.8889
MII181681,Turi,2026-08-09,172.2222
MII181672,Udine,2026-08-09,198.8095
MII181691,Vallo della Lucania,2026-08-09,157.5000
MII181703,Varese,2026-08-09,181.1321
MII181820,Vasto,2026-08-09,74.3590
MII181839,Velletri,2026-08-09,152.5907
MII181847,Venezia Giudecca,2026-08-09,87.5000
MII181863,Venezia Santa Maria Maggiore,2026-08-09,179.8742
MII181870,Verbania,2026-08-09,141.5094
MII181880,Vercelli,2026-08-09,167.2811
MII181891,Verona,2026-08-09,190.2439
MII181908,Vibo Valentia,2026-08-09,118.0147
MII181918,Vicenza,2026-08-09,139.6947
MII181924,Vigevano,2026-08-09,106.7114
MII181934,Viterbo,2026-08-09,167.9587
MII179733,Voghera,2026-08-09,116.2319
MII179876,Volterra,2026-08-09,97.8723
MII158910,Agrigento,2026-08-16,143.9394
MII157783,Alba,2026-08-16,85.4167
MII158919,"Alessandria Cantiello, Gaeta",2026-08-16,110.7759
MII158924,Alessandria San Michele,2026-08-16,75.4717
MII158935,Alghero,2026-08-16,97.4359
MII172277,Altamura,2026-08-16,197.9592
MII158944,Ancona Barcaglione,2026-08-16,80.0000
MII158941,Ancona Montacuto,2026-08-16,134.2520
MII158945,Arbus,2026-08-16,89.6825
MII158948,Arezzo,2026-08-16,200.0000
MII159053,Ariano Irpino,2026-08-16,142.5926
MII159060,Arienzo,2026-08-16,129.8246
MII159065,Ascoli Piceno,2026-08-16,150.4854
MII159069,Asti,2026-08-16,136.3184
MII159314,Augusta,2026-08-16,178.2772
MII172011,Avellino,2026-08-16,141.5612
MII172187,Aversa,2026-08-16,130.3419
MII182440,Avezzano,2026-08-16,149.0566
MII172222,Barcellona Pozzo di Gotto,2026-08-16,84.5865
MII181678,Bari,2026-08-16,167.4419
MII158901,Belluno,2026-08-16,131.7073
MII160204,Benevento,2026-08-16,155.4113
MII172827,Bergamo,2026-08-16,180.5643
MII172332,Biella,2026-08-16,150.5102
MII172344,Bollate,2026-08-16,127.5454
MII172508,Bologna,2026-08-16,179.1209
MII172580,Bolzano,2026-08-16,130.6818
MII172592,Brescia Canton Monbello,2026-08-16,202.7473
MII172610,Brescia Verziano,2026-08-16,178.5714
MII172623,Brindisi,2026-08-16,182.2368
MII172814,Brissogne - Aosta,2026-08-16,89.2045
MII172320,Busto Arsizio,2026-08-16,190.9502
MII172835,Cagliari Uta,2026-08-16,134.3470
MII173006,Caltagirone,2026-08-16,124.8588
MII173063,Caltanissetta,2026-08-16,139.8907
MII173088,Campobasso,2026-08-16,175.2381
MII173101,Carinola,2026-08-16,119.7802
MII173114,Cassino,2026-08-16,175.5556
MII173237,Castelfranco Emilia,2026-08-16,63.7584
MII173259,Castelvetrano,2026-08-16,165.9091
MII173265,Castrovillari,2026-08-16,164.2857
MII173285,Catania Bicocca,2026-08-16,143.9394
MII173301,Catania Piazza Lanza,2026-08-16,168.1004
MII173311,Catanzaro,2026-08-16,108.6890
MII173356,Chiavari,2026-08-16,115.3846
MII173364,Chieti,2026-08-16,188.6076
MII173688,Civitavecchia Giuseppe Passerini,2026-08-16,56.9444
MII172208,Civitavecchia Nuovo Complesso,2026-08-16,179.5389
MII173712,Como,2026-08-16,183.5556
MII173341,Cosenza,2026-08-16,130.0000
MII173747,Cremona,2026-08-16,158.3333
MII173324,Crotone,2026-08-16,142.8571
MII173764,Cuneo,2026-08-16,99.7368
MII173784,Eboli,2026-08-16,72.2222
MII173813,Enna,2026-08-16,149.2308
MII173994,Favignana,2026-08-16,122.0930
MII174501,Fermo,2026-08-16,160.4651
MII174686,Ferrara,2026-08-16,169.9588
MII174825,Firenze Mario Gozzini,2026-08-16,140.5405
MII174720,Firenze Sollicciano,2026-08-16,170.6349
MII176375,Foggia,2026-08-16,222.1854
MII176403,Forlì,2026-08-16,117.4242
MII176414,Fossano,2026-08-16,92.6471
MII176424,Fossombrone,2026-08-16,119.2308
MII176437,Frosinone,2026-08-16,138.0671
MII176451,Gela,2026-08-16,170.8333
MII152284,Genova Marassi,2026-08-16,126.9159
MII176703,Genova Pontedecimo,2026-08-16,165.6250
MII176714,Giarre,2026-08-16,165.1163
MII176719,Gorizia,2026-08-16,128.5714
MII176743,Grosseto,2026-08-16,173.3333
MII176749,Imperia,2026-08-16,128.3019
MII176759,Isernia,2026-08-16,165.9091
MII176771,Isili,2026-08-16,107.4766
MII176781,Ivrea,2026-08-16,147.9769
MII177134,L'Aquila,2026-08-16,87.9808
MII176788,La Spezia,2026-08-16,147.3684
MII177107,Lanciano,2026-08-16,117.8571
MII177118,Lanusei,2026-08-16,112.1212
MII177323,Larino,2026-08-16,145.8716
MII177332,Latina,2026-08-16,209.0909
MII177346,Laureana di Borrello,2026-08-16,162.1622
MII177384,Lauro,2026-08-16,32.6531
MII177420,Lecce,2026-08-16,185.3503
MII177436,Lecco,2026-08-16,175.4717
MII177463,Livorno,2026-08-16,120.2166
MII177498,Livorno Gorgona,2026-08-16,128.0899
MII177996,Locri,2026-08-16,156.2500
MII178027,Lodi,2026-08-16,206.9767
MII178035,Lucca,2026-08-16,240.5405
MII178045,Lucera,2026-08-16,141.8605
MII178072,Mantova,2026-08-16,152.0833
MII178085,Massa,2026-08-16,176.5714
MII178115,Massa Marittima,2026-08-16,122.9167
MII178124,Matera,2026-08-16,171.3115
MII178141,Melfi,2026-08-16,161.1940
MII178148,Messina,2026-08-16,115.3488
MII158895,Milano San Vittore,2026-08-16,234.5041
MII178501,Milano San Vittore femminile,2026-08-16,204.3478
MII178638,Modena,2026-08-16,161.9946
MII178659,Monza,2026-08-16,191.4286
MII178666,Napoli Poggioreale,2026-08-16,169.2704
MII178672,Napoli Secondigliano,2026-08-16,137.3175
MII178681,Noto,2026-08-16,101.2500
MII178700,Novara,2026-08-16,66.6667
MII179224,Nuoro,2026-08-16,16.4234
MII178003,Onanì,2026-08-16,88.5714
MII179237,Opera,2026-08-16,150.7709
MII179274,Oristano,2026-08-16,99.6154
MII179280,Orvieto,2026-08-16,113.2653
MII179290,Padova,2026-08-16,129.3478
MII179299,Padova Nuovo Complesso,2026-08-16,156.4815
MII179306,Palermo Pagliarelli,2026-08-16,135.0957
MII179324,Palermo Ucciardone,2026-08-16,112.3106
MII179331,Paliano,2026-08-16,42.4658
MII179342,Palmi,2026-08-16,109.1667
MII179353,Paola,2026-08-16,151.5528
MII179364,Parma,2026-08-16,125.5418
MII182910,Pavia,2026-08-16,139.0625
MII179781,Perugia,2026-08-16,159.7403
MII179818,Pesaro,2026-08-16,170.8333
MII179830,Pescara,2026-08-16,166.6667
MII179842,Piacenza,2026-08-16,143.9320
MII179856,Piazza Armerina,2026-08-16,172.9167
MII182919,Pisa,2026-08-16,158.3784
MII179896,Pistoia,2026-08-16,121.0526
MII179913,Pordenone,2026-08-16,143.2432
MII179932,Porto Azzurro,2026-08-16,111.0778
MII179938,Potenza,2026-08-16,160.7477
MII179958,Prato,2026-08-16,117.1587
MII179965,Ragusa,2026-08-16,122.9508
MII179981,Ravenna,2026-08-16,181.6327
MII179988,Reggio Calabria Arghillà,2026-08-16,119.2982
MII179995,Reggio Calabria Giuseppe Panzera,2026-08-16,120.1835
MII182339,Reggio Emilia,2026-08-16,135.6223
MII169535,Rieti,2026-08-16,176.4706
MII180001,Rimini,2026-08-16,141.5254
MII180380,Roma Rebibbia,2026-08-16,109.0566
MII180348,Roma Rebibbia femminile,2026-08-16,162.0087
MII180356,Roma Rebibbia IIIª casa,2026-08-16,77.2727
MII180370,Roma Rebibbia Nuovo Complesso,2026-08-16,143.8202
MII180401,Roma Regina Coeli,2026-08-16,194.3162
MII180415,Rossano,2026-08-16,125.9542
MII180424,Rovigo,2026-08-16,130.1435
MII180426,Salerno,2026-08-16,156.1308
MII180437,Saluzzo,2026-08-16,89.1566
MII180451,San Cataldo,2026-08-16,87.1795
MII180458,San Gimignano,2026-08-16,144.8430
MII180476,San Severo,2026-08-16,152.4590
MII180465,Sanremo,2026-08-16,126.0274
MII181079,Sant'Angelo dei Lombardi,2026-08-16,165.2174
MII180487,Santa Maria Capua Vetere,2026-08-16,155.3383
MII181091,Sassari,2026-08-16,129.2308
MII181109,Sciacca,2026-08-16,120.0000
MII181115,Siena,2026-08-16,135.0877
MII181125,Siracusa,2026-08-16,131.3761
MII181346,Sondrio,2026-08-16,150.0000
MII181358,Spoleto,2026-08-16,113.4066
MII181371,Sulmona,2026-08-16,126.7686
MII181377,Taranto,2026-08-16,198.6047
MII181385,Tempio Pausania,2026-08-16,109.2025
MII181392,Teramo,2026-08-16,180.9524
MII181401,Termini Imerese,2026-08-16,116.8421
MII181407,Terni,2026-08-16,137.7672
MII181417,Tolmezzo,2026-08-16,114.8649
MII181424,Torino,2026-08-16,138.4335
MII181434,Trani,2026-08-16,157.2391
MII181440,Trani femminile,2026-08-16,125.0000
MII181625,Trapani,2026-08-16,117.4370
MII181636,Trento,2026-08-16,104.0380
MII181645,Treviso,2026-08-16,171.2121
MII181661,Trieste,2026-08-16,184.4444
MII181681,Turi,2026-08-16,171.2963
MII181672,Udine,2026-08-16,201.1905
MII181691,Vallo della Lucania,2026-08-16,157.5000
MII181703,Varese,2026-08-16,184.9057
MII181820,Vasto,2026-08-16,74.8718
MII181839,Velletri,2026-08-16,153.3679
MII181847,Venezia Giudecca,2026-08-16,85.7143
MII181863,Venezia Santa Maria Maggiore,2026-08-16,176.1006
MII181870,Verbania,2026-08-16,141.5094
MII181880,Vercelli,2026-08-16,165.8986
MII181891,Verona,2026-08-16,192.7052
MII181908,Vibo Valentia,2026-08-16,115.4412
MII181918,Vicenza,2026-08-16,140.3042
MII181924,Vigevano,2026-08-16,106.0403
MII181934,Viterbo,2026-08-16,170.2842
MII179733,Voghera,2026-08-16,116.5217
MII179876,Volterra,2026-08-16,98.4043
MII158910,Agrigento,2026-08-23,145.0758
MII157783,Alba,2026-08-23,85.4167
MII158919,"Alessandria Cantiello, Gaeta",2026-08-23,109.0129
MII158924,Alessandria San Michele,2026-08-23,77.3585
MII158935,Alghero,2026-08-23,97.4359
MII172277,Altamura,2026-08-23,202.0408
MII158944,Ancona Barcaglione,2026-08-23,78.0000
MII158941,Ancona Montacuto,2026-08-23,135.2941
MII158945,Arbus,2026-08-23,88.8889
MII158948,Arezzo,2026-08-23,200.0000
MII159053,Ariano Irpino,2026-08-23,147.2222
MII159060,Arienzo,2026-08-23,149.1228
MII159065,Ascoli Piceno,2026-08-23,152.4272
MII159069,Asti,2026-08-23,140.5000
MII159314,Augusta,2026-08-23,177.9026
MII172011,Avellino,2026-08-23,144.3038
MII172187,Aversa,2026-08-23,132.0513
MII182440,Avezzano,2026-08-23,145.2830
MII172222,Barcellona Pozzo di Gotto,2026-08-23,80.0752
MII181678,Bari,2026-08-23,165.8915
MII158901,Belluno,2026-08-23,132.9268
MII160204,Benevento,2026-08-23,155.6034
MII172827,Bergamo,2026-08-23,183.3856
MII172332,Biella,2026-08-23,151.0204
MII172344,Bollate,2026-08-23,127.7822
MII172508,Bologna,2026-08-23,178.6344
MII172580,Bolzano,2026-08-23,130.6818
MII172592,Brescia Canton Monbello,2026-08-23,207.6923
MII172610,Brescia Verziano,2026-08-23,181.4286
MII172623,Brindisi,2026-08-23,180.2632
MII172814,Brissogne - Aosta,2026-08-23,89.7727
MII172320,Busto Arsizio,2026-08-23,193.6652
MII172835,Cagliari Uta,2026-08-23,135.2415
MII173006,Caltagirone,2026-08-23,125.7062
MII173063,Caltanissetta,2026-08-23,137.7049
MII173088,Campobasso,2026-08-23,168.5714
MII173101,Carinola,2026-08-23,122.4176
MII173114,Cassino,2026-08-23,174.4444
MII173237,Castelfranco Emilia,2026-08-23,63.0872
MII173259,Castelvetrano,2026-08-23,165.9091
MII173265,Castrovillari,2026-08-23,167.1429
MII173285,Catania Bicocca,2026-08-23,143.1818
MII173301,Catania Piazza Lanza,2026-08-23,165.5914
MII173311,Catanzaro,2026-08-23,108.9666
MII173356,Chiavari,2026-08-23,111.5385
MII173364,Chieti,2026-08-23,186.0759
MII173688,Civitavecchia Giuseppe Passerini,2026-08-23,61.1111
MII172208,Civitavecchia Nuovo Complesso,2026-08-23,181.5562
MII173712,Como,2026-08-23,180.4444
MII173341,Cosenza,2026-08-23,130.0000
MII173747,Cremona,2026-08-23,158.5938
MII173324,Crotone,2026-08-23,144.4444
MII173764,Cuneo,2026-08-23,98.9474
MII173784,Eboli,2026-08-23,72.2222
MII173813,Enna,2026-08-23,150.0000
MII173994,Favignana,2026-08-23,124.4186
MII174501,Fermo,2026-08-23,162.7907
MII174686,Ferrara,2026-08-23,171.6049
MII174825,Firenze Mario Gozzini,2026-08-23,140.5405
MII174720,Firenze Sollicciano,2026-08-23,175.7937
MII176375,Foggia,2026-08-23,222.8477
MII176403,Forlì,2026-08-23,116.6667
MII176414,Fossano,2026-08-23,92.6471
MII176424,Fossombrone,2026-08-23,119.2308
MII176437,Frosinone,2026-08-23,137.4016
MII176451,Gela,2026-08-23,166.6667
MII152284,Genova Marassi,2026-08-23,128.7850
MII176703,Genova Pontedecimo,2026-08-23,164.5833
MII176714,Giarre,2026-08-23,169.7674
MII176719,Gorizia,2026-08-23,131.7460
MII176743,Grosseto,2026-08-23,173.3333
MII176749,Imperia,2026-08-23,133.9623
MII176759,Isernia,2026-08-23,165.9091
MII176771,Isili,2026-08-23,105.6075
MII176781,Ivrea,2026-08-23,153.7572
MII177134,L'Aquila,2026-08-23,88.4615
MII176788,La Spezia,2026-08-23,150.0000
MII177107,Lanciano,2026-08-23,117.8571
MII177118,Lanusei,2026-08-23,109.0909
MII177323,Larino,2026-08-23,149.5413
MII177332,Latina,2026-08-23,212.9870
MII177346,Laureana di Borrello,2026-08-23,156.7568
MII177384,Lauro,2026-08-23,34.6939
MII177420,Lecce,2026-08-23,184.0764
MII177436,Lecco,2026-08-23,179.2453
MII177463,Livorno,2026-08-23,121.6606
MII177498,Livorno Gorgona,2026-08-23,126.9663
MII177996,Locri,2026-08-23,157.5000
MII178027,Lodi,2026-08-23,202.3256
MII178035,Lucca,2026-08-23,245.9459
MII178045,Lucera,2026-08-23,141.8605
MII178072,Mantova,2026-08-23,155.2083
MII178085,Massa,2026-08-23,177.1429
MII178115,Massa Marittima,2026-08-23,120.8333
MII178124,Matera,2026-08-23,172.1311
MII178141,Melfi,2026-08-23,161.1940
MII178148,Messina,2026-08-23,114.4186
MII158895,Milano San Vittore,2026-08-23,230.1653
MII178501,Milano San Vittore femminile,2026-08-23,200.0000
MII178638,Modena,2026-08-23,163.8814
MII178659,Monza,2026-08-23,191.1917
MII178666,Napoli Poggioreale,2026-08-23,168.3125
MII178672,Napoli Secondigliano,2026-08-23,137.6825
MII178681,Noto,2026-08-23,101.2500
MII178700,Novara,2026-08-23,66.6667
MII179224,Nuoro,2026-08-23,16.7883
MII178003,Onanì,2026-08-23,88.5714
MII179237,Opera,2026-08-23,151.5419
MII179274,Oristano,2026-08-23,98.4733
MII179280,Orvieto,2026-08-23,116.3265
MII179290,Padova,2026-08-23,135.3261
MII179299,Padova Nuovo Complesso,2026-08-23,157.1759
MII179306,Palermo Pagliarelli,2026-08-23,135.7338
MII179324,Palermo Ucciardone,2026-08-23,112.5000
MII179331,Paliano,2026-08-23,43.1507
MII179342,Palmi,2026-08-23,113.7931
MII179353,Paola,2026-08-23,149.6894
MII179364,Parma,2026-08-23,126.3975
MII182910,Pavia,2026-08-23,139.6484
MII179781,Perugia,2026-08-23,160.1942
MII179818,Pesaro,2026-08-23,170.8333
MII179830,Pescara,2026-08-23,167.0782
MII179842,Piacenza,2026-08-23,143.9320
MII179856,Piazza Armerina,2026-08-23,170.8333
MII182919,Pisa,2026-08-23,161.6216
MII179896,Pistoia,2026-08-23,119.7368
MII179913,Pordenone,2026-08-23,142.8571
MII179932,Porto Azzurro,2026-08-23,111.0778
MII179938,Potenza,2026-08-23,163.5514
MII179958,Prato,2026-08-23,117.7122
MII179965,Ragusa,2026-08-23,121.8579
MII179981,Ravenna,2026-08-23,179.5918
MII179988,Reggio Calabria Arghillà,2026-08-23,118.5965
MII179995,Reggio Calabria Giuseppe Panzera,2026-08-23,119.2661
MII182339,Reggio Emilia,2026-08-23,136.3248
MII169535,Rieti,2026-08-23,177.1626
MII180001,Rimini,2026-08-23,146.6102
MII180380,Roma Rebibbia,2026-08-23,108.3019
MII180348,Roma Rebibbia femminile,2026-08-23,161.8421
MII180356,Roma Rebibbia IIIª casa,2026-08-23,77.2727
MII180370,Roma Rebibbia Nuovo Complesso,2026-08-23,144.0075
MII180401,Roma Regina Coeli,2026-08-23,197.5133
MII180415,Rossano,2026-08-23,126.7176
MII180424,Rovigo,2026-08-23,130.7692
MII180426,Salerno,2026-08-23,158.9041
MII180437,Saluzzo,2026-08-23,88.6747
MII180451,San Cataldo,2026-08-23,87.1795
MII180458,San Gimignano,2026-08-23,143.4978
MII180476,San Severo,2026-08-23,154.0984
MII180465,Sanremo,2026-08-23,125.5708
MII181079,Sant'Angelo dei Lombardi,2026-08-23,165.2174
MII180487,Santa Maria Capua Vetere,2026-08-23,156.3910
MII181091,Sassari,2026-08-23,129.2308
MII181109,Sciacca,2026-08-23,115.0000
MII181115,Siena,2026-08-23,133.3333
MII181125,Siracusa,2026-08-23,132.1101
MII181346,Sondrio,2026-08-23,158.3333
MII181358,Spoleto,2026-08-23,112.9670
MII181371,Sulmona,2026-08-23,125.2390
MII181377,Taranto,2026-08-23,199.5349
MII181385,Tempio Pausania,2026-08-23,109.2025
MII181392,Teramo,2026-08-23,179.7619
MII181401,Termini Imerese,2026-08-23,113.2653
MII181407,Terni,2026-08-23,137.7672
MII181417,Tolmezzo,2026-08-23,115.5405
MII181424,Torino,2026-08-23,140.4372
MII181434,Trani,2026-08-23,158.5859
MII181440,Trani femminile,2026-08-23,128.1250
MII181625,Trapani,2026-08-23,118.2773
MII181636,Trento,2026-08-23,103.3175
MII181645,Treviso,2026-08-23,171.9697
MII181661,Trieste,2026-08-23,178.5185
MII181681,Turi,2026-08-23,172.2222
MII181672,Udine,2026-08-23,192.8571
MII181691,Vallo della Lucania,2026-08-23,165.0000
MII181703,Varese,2026-08-23,184.9057
MII181820,Vasto,2026-08-23,75.8974
MII181839,Velletri,2026-08-23,153.6269
MII181847,Venezia Giudecca,2026-08-23,87.5000
MII181863,Venezia Santa Maria Maggiore,2026-08-23,171.0692
MII181870,Verbania,2026-08-23,149.0566
MII181880,Vercelli,2026-08-23,168.6636
MII181891,Verona,2026-08-23,192.4012
MII181908,Vibo Valentia,2026-08-23,113.9194
MII181918,Vicenza,2026-08-23,140.1515
MII181924,Vigevano,2026-08-23,106.0403
MII181934,Viterbo,2026-08-23,170.0258
MII179733,Voghera,2026-08-23,118.2609
MII179876,Volterra,2026-08-23,98.4043
MII158910,Agrigento,2026-08-30,146.9697
MII157783,Alba,2026-08-30,81.2500
MII158919,"Alessandria Cantiello, Gaeta",2026-08-30,110.4803
MII158924,Alessandria San Michele,2026-08-30,75.4717
MII158935,Alghero,2026-08-30,104.4872
MII172277,Altamura,2026-08-30,202.0408
MII158944,Ancona Barcaglione,2026-08-30,78.0000
MII158941,Ancona Montacuto,2026-08-30,136.8627
MII158945,Arbus,2026-08-30,90.4762
MII158948,Arezzo,2026-08-30,195.4545
MII159053,Ariano Irpino,2026-08-30,147.2222
MII159060,Arienzo,2026-08-30,150.8772
MII159065,Ascoli Piceno,2026-08-30,153.3981
MII159069,Asti,2026-08-30,139.3035
MII159314,Augusta,2026-08-30,177.9026
MII172011,Avellino,2026-08-30,144.3038
MII172187,Aversa,2026-08-30,132.9060
MII182440,Avezzano,2026-08-30,143.3962
MII172222,Barcellona Pozzo di Gotto,2026-08-30,79.6992
MII181678,Bari,2026-08-30,168.6047
MII158901,Belluno,2026-08-30,136.5854
MII160204,Benevento,2026-08-30,156.0345
MII172827,Bergamo,2026-08-30,187.4608
MII172332,Biella,2026-08-30,150.7653
MII172344,Bollate,2026-08-30,127.7822
MII172508,Bologna,2026-08-30,179.1209
MII172580,Bolzano,2026-08-30,123.8636
MII172592,Brescia Canton Monbello,2026-08-30,210.9890
MII172610,Brescia Verziano,2026-08-30,171.8310
MII172623,Brindisi,2026-08-30,182.7815
MII172814,Brissogne - Aosta,2026-08-30,88.5057
MII172320,Busto Arsizio,2026-08-30,194.5701
MII172835,Cagliari Uta,2026-08-30,134.3470
MII173006,Caltagirone,2026-08-30,126.5537
MII173063,Caltanissetta,2026-08-30,139.8907
MII173088,Campobasso,2026-08-30,169.5238
MII173101,Carinola,2026-08-30,121.7582
MII173114,Cassino,2026-08-30,176.6667
MII173237,Castelfranco Emilia,2026-08-30,65.7718
MII173259,Castelvetrano,2026-08-30,165.9091
MII173265,Castrovillari,2026-08-30,165.7143
MII173285,Catania Bicocca,2026-08-30,144.6970
MII173301,Catania Piazza Lanza,2026-08-30,168.1004
MII173311,Catanzaro,2026-08-30,110.1824
MII173356,Chiavari,2026-08-30,117.3077
MII173364,Chieti,2026-08-30,183.5443
MII173688,Civitavecchia Giuseppe Passerini,2026-08-30,61.1111
MII172208,Civitavecchia Nuovo Complesso,2026-08-30,182.9971
MII173712,Como,2026-08-30,180.4444
MII173341,Cosenza,2026-08-30,131.8182
MII173747,Cremona,2026-08-30,161.7188
MII173324,Crotone,2026-08-30,149.2063
MII173764,Cuneo,2026-08-30,99.4737
MII173784,Eboli,2026-08-30,72.2222
MII173813,Enna,2026-08-30,150.7692
MII173994,Favignana,2026-08-30,125.5814
MII174501,Fermo,2026-08-30,167.4419
MII174686,Ferrara,2026-08-30,172.8395
MII174825,Firenze Mario Gozzini,2026-08-30,137.8378
MII174720,Firenze Sollicciano,2026-08-30,176.9841
MII176375,Foggia,2026-08-30,224.5033
MII176403,Forlì,2026-08-30,122.7273
MII176414,Fossano,2026-08-30,91.1765
MII176424,Fossombrone,2026-08-30,120.5128
MII176437,Frosinone,2026-08-30,137.5984
MII176451,Gela,2026-08-30,168.7500
MII152284,Genova Marassi,2026-08-30,130.4673
MII176703,Genova Pontedecimo,2026-08-30,163.5417
MII176714,Giarre,2026-08-30,169.7674
MII176719,Gorizia,2026-08-30,133.3333
MII176743,Grosseto,2026-08-30,173.3333
MII176749,Imperia,2026-08-30,135.8491
MII176759,Isernia,2026-08-30,165.9091
MII176771,Isili,2026-08-30,108.4112
MII176781,Ivrea,2026-08-30,152.3256
MII177134,L'Aquila,2026-08-30,87.0192
MII176788,La Spezia,2026-08-30,150.6579
MII177107,Lanciano,2026-08-30,116.5179
MII177118,Lanusei,2026-08-30,112.1212
MII177323,Larino,2026-08-30,152.2936
MII177332,Latina,2026-08-30,215.5844
MII177346,Laureana di Borrello,2026-08-30,156.7568
MII177384,Lauro,2026-08-30,32.6531
MII177420,Lecce,2026-08-30,185.8599
MII177436,Lecco,2026-08-30,175.4717
MII177463,Livorno,2026-08-30,122.3827
MII177498,Livorno Gorgona,2026-08-30,129.2135
MII177996,Locri,2026-08-30,160.0000
MII178027,Lodi,2026-08-30,209.3023
MII178035,Lucca,2026-08-30,251.3514
MII178045,Lucera,2026-08-30,142.6357
MII178072,Mantova,2026-08-30,157.2917
MII178085,Massa,2026-08-30,177.7143
MII178115,Massa Marittima,2026-08-30,114.5833
MII178124,Matera,2026-08-30,174.5902
MII178141,Melfi,2026-08-30,158.2090
MII178148,Messina,2026-08-30,116.7442
MII158895,Milano San Vittore,2026-08-30,228.0992
MII178501,Milano San Vittore femminile,2026-08-30,202.1739
MII178638,Modena,2026-08-30,166.0377
MII178659,Monza,2026-08-30,190.9794
MII178666,Napoli Poggioreale,2026-08-30,168.9757
MII178672,Napoli Secondigliano,2026-08-30,137.7737
MII178681,Noto,2026-08-30,101.2500
MII178700,Novara,2026-08-30,67.9487
MII179224,Nuoro,2026-08-30,16.7883
MII178003,Onanì,2026-08-30,89.5238
MII179237,Opera,2026-08-30,151.8722
MII179274,Oristano,2026-08-30,97.7099
MII179280,Orvieto,2026-08-30,117.3469
MII179290,Padova,2026-08-30,141.8478
MII179299,Padova Nuovo Complesso,2026-08-30,158.1019
MII179306,Palermo Pagliarelli,2026-08-30,135.6427
MII179324,Palermo Ucciardone,2026-08-30,112.0983
MII179331,Paliano,2026-08-30,43.8356
MII179342,Palmi,2026-08-30,110.3448
MII179353,Paola,2026-08-30,152.1739
MII179364,Parma,2026-08-30,125.3106
MII182910,Pavia,2026-08-30,140.6615
MII179781,Perugia,2026-08-30,157.9288
MII179818,Pesaro,2026-08-30,172.9167
MII179830,Pescara,2026-08-30,167.9012
MII179842,Piacenza,2026-08-30,143.9320
MII179856,Piazza Armerina,2026-08-30,168.7500
MII182919,Pisa,2026-08-30,163.7838
MII179896,Pistoia,2026-08-30,122.3684
MII179913,Pordenone,2026-08-30,145.7143
MII179932,Porto Azzurro,2026-08-30,110.7784
MII179938,Potenza,2026-08-30,166.9811
MII179958,Prato,2026-08-30,118.0812
MII179965,Ragusa,2026-08-30,122.4044
MII179981,Ravenna,2026-08-30,175.5102
MII179988,Reggio Calabria Arghillà,2026-08-30,120.0000
MII179995,Reggio Calabria Giuseppe Panzera,2026-08-30,117.4312
MII182339,Reggio Emilia,2026-08-30,135.8974
MII169535,Rieti,2026-08-30,175.7785
MII180001,Rimini,2026-08-30,154.2373
MII180380,Roma Rebibbia,2026-08-30,108.6792
MII180348,Roma Rebibbia femminile,2026-08-30,161.8421
MII180356,Roma Rebibbia IIIª casa,2026-08-30,76.5152
MII180370,Roma Rebibbia Nuovo Complesso,2026-08-30,143.4457
MII180401,Roma Regina Coeli,2026-08-30,200.3552
MII180415,Rossano,2026-08-30,126.3359
MII180424,Rovigo,2026-08-30,132.0574
MII180426,Salerno,2026-08-30,157.9946
MII180437,Saluzzo,2026-08-30,87.9518
MII180451,San Cataldo,2026-08-30,84.6154
MII180458,San Gimignano,2026-08-30,142.1525
MII180476,San Severo,2026-08-30,154.0984
MII180465,Sanremo,2026-08-30,126.9406
MII181079,Sant'Angelo dei Lombardi,2026-08-30,166.0870
MII180487,Santa Maria Capua Vetere,2026-08-30,156.9925
MII181091,Sassari,2026-08-30,133.4066
MII181109,Sciacca,2026-08-30,110.0000
MII181115,Siena,2026-08-30,138.5965
MII181125,Siracusa,2026-08-30,131.1927
MII181346,Sondrio,2026-08-30,158.3333
MII181358,Spoleto,2026-08-30,112.0879
MII181371,Sulmona,2026-08-30,124.4742
MII181377,Taranto,2026-08-30,200.6977
MII181385,Tempio Pausania,2026-08-30,109.8160
MII181392,Teramo,2026-08-30,183.7302
MII181401,Termini Imerese,2026-08-30,111.2245
MII181407,Terni,2026-08-30,137.7672
MII181417,Tolmezzo,2026-08-30,116.2162
MII181424,Torino,2026-08-30,141.1658
MII181434,Trani,2026-08-30,160.6061
MII181440,Trani femminile,2026-08-30,121.8750
MII181625,Trapani,2026-08-30,118.9076
MII181636,Trento,2026-08-30,102.6066
MII181645,Treviso,2026-08-30,177.6923
MII181661,Trieste,2026-08-30,175.5556
MII181681,Turi,2026-08-30,171.2963
MII181672,Udine,2026-08-30,194.0476
MII181691,Vallo della Lucania,2026-08-30,165.0000
MII181703,Varese,2026-08-30,188.6792
MII181820,Vasto,2026-08-30,76.4103
MII181839,Velletri,2026-08-30,154.4041
MII181847,Venezia Giudecca,2026-08-30,95.0980
MII181863,Venezia Santa Maria Maggiore,2026-08-30,170.4403
MII181870,Verbania,2026-08-30,154.7170
MII181880,Vercelli,2026-08-30,171.8894
MII181891,Verona,2026-08-30,192.7273
MII181908,Vibo Valentia,2026-08-30,113.5531
MII181918,Vicenza,2026-08-30,141.2879
MII181924,Vigevano,2026-08-30,106.0403
MII181934,Viterbo,2026-08-30,169.7674
MII179733,Voghera,2026-08-30,117.1014
MII179876,Volterra,2026-08-30,97.8723
MII158910,Agrigento,2026-09-06,146.2121
MII157783,Alba,2026-09-06,85.4167
MII158919,"Alessandria Cantiello, Gaeta",2026-09-06,109.8712
MII158924,Alessandria San Michele,2026-09-06,75.4717
MII158935,Alghero,2026-09-06,103.2051
MII172277,Altamura,2026-09-06,202.0408
MII158944,Ancona Barcaglione,2026-09-06,79.0000
MII158941,Ancona Montacuto,2026-09-06,136.4706
MII158945,Arbus,2026-09-06,89.6825
MII158948,Arezzo,2026-09-06,186.3636
MII159053,Ariano Irpino,2026-09-06,148.1481
MII159060,Arienzo,2026-09-06,148.2759
MII159065,Ascoli Piceno,2026-09-06,151.4563
MII159069,Asti,2026-09-06,139.3035
MII159314,Augusta,2026-09-06,177.1536
MII172011,Avellino,2026-09-06,144.9367
MII172187,Aversa,2026-09-06,132.4786
MII182440,Avezzano,2026-09-06,141.5094
MII172222,Barcellona Pozzo di Gotto,2026-09-06,78.8104
MII181678,Bari,2026-09-06,168.2171
MII158901,Belluno,2026-09-06,137.8049
MII160204,Benevento,2026-09-06,156.8966
MII172827,Bergamo,2026-09-06,190.5956
MII172332,Biella,2026-09-06,151.9182
MII172344,Bollate,2026-09-06,127.6243
MII172508,Bologna,2026-09-06,180.4396
MII172580,Bolzano,2026-09-06,122.7273
MII172592,Brescia Canton Monbello,2026-09-06,217.0330
MII172610,Brescia Verziano,2026-09-06,173.2394
MII172623,Brindisi,2026-09-06,183.4437
MII172814,Brissogne - Aosta,2026-09-06,90.0000
MII172320,Busto Arsizio,2026-09-06,199.0950
MII172835,Cagliari Uta,2026-09-06,130.7692
MII173006,Caltagirone,2026-09-06,125.9887
MII173063,Caltanissetta,2026-09-06,142.0765
MII173088,Campobasso,2026-09-06,169.5238
MII173101,Carinola,2026-09-06,122.6374
MII173114,Cassino,2026-09-06,177.7778
MII173237,Castelfranco Emilia,2026-09-06,65.1007
MII173259,Castelvetrano,2026-09-06,168.1818
MII173265,Castrovillari,2026-09-06,164.2857
MII173285,Catania Bicocca,2026-09-06,147.7273
MII173301,Catania Piazza Lanza,2026-09-06,171.3262
MII173311,Catanzaro,2026-09-06,110.7903
MII173356,Chiavari,2026-09-06,126.9231
MII173364,Chieti,2026-09-06,183.5443
MII173688,Civitavecchia Giuseppe Passerini,2026-09-06,59.7222
MII172208,Civitavecchia Nuovo Complesso,2026-09-06,183.2853
MII173712,Como,2026-09-06,181.2500
MII173341,Cosenza,2026-09-06,126.8182
MII173747,Cremona,2026-09-06,161.1979
MII173324,Crotone,2026-09-06,149.2063
MII173764,Cuneo,2026-09-06,101.5789
MII173784,Eboli,2026-09-06,72.2222
MII173813,Enna,2026-09-06,150.0000
MII173994,Favignana,2026-09-06,130.1205
MII174501,Fermo,2026-09-06,162.7907
MII174686,Ferrara,2026-09-06,172.8395
MII174825,Firenze Mario Gozzini,2026-09-06,135.1351
MII174720,Firenze Sollicciano,2026-09-06,165.0558
MII176375,Foggia,2026-09-06,224.4300
MII176403,Forlì,2026-09-06,123.4848
MII176414,Fossano,2026-09-06,91.9118
MII176424,Fossombrone,2026-09-06,120.5128
MII176437,Frosinone,2026-09-06,136.4173
MII176451,Gela,2026-09-06,166.6667
MII152284,Genova Marassi,2026-09-06,129.4007
MII176703,Genova Pontedecimo,2026-09-06,166.6667
MII176714,Giarre,2026-09-06,172.0930
MII176719,Gorizia,2026-09-06,125.3968
MII176743,Grosseto,2026-09-06,173.3333
MII176749,Imperia,2026-09-06,135.8491
MII176759,Isernia,2026-09-06,168.1818
MII176771,Isili,2026-09-06,109.3458
MII176781,Ivrea,2026-09-06,151.4620
MII177134,L'Aquila,2026-09-06,85.5769
MII176788,La Spezia,2026-09-06,148.6842
MII177107,Lanciano,2026-09-06,116.5179
MII177118,Lanusei,2026-09-06,109.0909
MII177323,Larino,2026-09-06,152.2936
MII177332,Latina,2026-09-06,210.3896
MII177346,Laureana di Borrello,2026-09-06,154.0541
MII177384,Lauro,2026-09-06,32.6531
MII177420,Lecce,2026-09-06,188.7451
MII177436,Lecco,2026-09-06,173.5849
MII177463,Livorno,2026-09-06,125.6318
MII177498,Livorno Gorgona,2026-09-06,128.0899
MII177996,Locri,2026-09-06,160.0000
MII178027,Lodi,2026-09-06,211.6279
MII178035,Lucca,2026-09-06,267.5676
MII178045,Lucera,2026-09-06,144.1860
MII178072,Mantova,2026-09-06,158.3333
MII178085,Massa,2026-09-06,172.5714
MII178115,Massa Marittima,2026-09-06,114.5833
MII178124,Matera,2026-09-06,178.1513
MII178141,Melfi,2026-09-06,159.7015
MII178148,Messina,2026-09-06,115.3488
MII158895,Milano San Vittore,2026-09-06,229.3388
MII178501,Milano San Vittore femminile,2026-09-06,213.0435
MII178638,Modena,2026-09-06,165.4987
MII178659,Monza,2026-09-06,191.7526
MII178666,Napoli Poggioreale,2026-09-06,169.8600
MII178672,Napoli Secondigliano,2026-09-06,137.8650
MII178681,Noto,2026-09-06,100.6250
MII178700,Novara,2026-09-06,67.3077
MII179224,Nuoro,2026-09-06,16.4234
MII178003,Onanì,2026-09-06,90.0000
MII179237,Opera,2026-09-06,150.6608
MII179274,Oristano,2026-09-06,94.3182
MII179280,Orvieto,2026-09-06,117.3469
MII179290,Padova,2026-09-06,143.4783
MII179299,Padova Nuovo Complesso,2026-09-06,159.0278
MII179306,Palermo Pagliarelli,2026-09-06,137.4658
MII179324,Palermo Ucciardone,2026-09-06,111.8644
MII179331,Paliano,2026-09-06,44.5205
MII179342,Palmi,2026-09-06,105.1724
MII179353,Paola,2026-09-06,153.4161
MII179364,Parma,2026-09-06,124.3789
MII182910,Pavia,2026-09-06,140.3883
MII179781,Perugia,2026-09-06,157.2816
MII179818,Pesaro,2026-09-06,172.9167
MII179830,Pescara,2026-09-06,165.4321
MII179842,Piacenza,2026-09-06,144.9029
MII179856,Piazza Armerina,2026-09-06,168.7500
MII182919,Pisa,2026-09-06,164.3243
MII179896,Pistoia,2026-09-06,122.3684
MII179913,Pordenone,2026-09-06,140.0000
MII179932,Porto Azzurro,2026-09-06,111.6766
MII179938,Potenza,2026-09-06,166.9811
MII179958,Prato,2026-09-06,118.4502
MII179965,Ragusa,2026-09-06,124.0437
MII179981,Ravenna,2026-09-06,183.6735
MII179988,Reggio Calabria Arghillà,2026-09-06,121.7544
MII179995,Reggio Calabria Giuseppe Panzera,2026-09-06,119.2661
MII182339,Reggio Emilia,2026-09-06,138.4615
MII169535,Rieti,2026-09-06,178.5467
MII180001,Rimini,2026-09-06,150.0000
MII180380,Roma Rebibbia,2026-09-06,108.3019
MII180348,Roma Rebibbia femminile,2026-09-06,158.9520
MII180356,Roma Rebibbia IIIª casa,2026-09-06,75.7576
MII180370,Roma Rebibbia Nuovo Complesso,2026-09-06,144.2884
MII180401,Roma Regina Coeli,2026-09-06,201.2433
MII180415,Rossano,2026-09-06,126.7176
MII180424,Rovigo,2026-09-06,135.4067
MII180426,Salerno,2026-09-06,157.1816
MII180437,Saluzzo,2026-09-06,87.4699
MII180451,San Cataldo,2026-09-06,86.3248
MII180458,San Gimignano,2026-09-06,143.9462
MII180476,San Severo,2026-09-06,152.4590
MII180465,Sanremo,2026-09-06,126.4840
MII181079,Sant'Angelo dei Lombardi,2026-09-06,163.4783
MII180487,Santa Maria Capua Vetere,2026-09-06,157.7444
MII181091,Sassari,2026-09-06,134.7253
MII181109,Sciacca,2026-09-06,115.0000
MII181115,Siena,2026-09-06,135.0877
MII181125,Siracusa,2026-09-06,131.3761
MII181346,Sondrio,2026-09-06,154.1667
MII181358,Spoleto,2026-09-06,111.1842
MII181371,Sulmona,2026-09-06,124.4742
MII181377,Taranto,2026-09-06,200.6977
MII181385,Tempio Pausania,2026-09-06,112.2699
MII181392,Teramo,2026-09-06,186.0558
MII181401,Termini Imerese,2026-09-06,108.1633
MII181407,Terni,2026-09-06,131.5914
MII181417,Tolmezzo,2026-09-06,116.8919
MII181424,Torino,2026-09-06,142.5319
MII181434,Trani,2026-09-06,162.2896
MII181440,Trani femminile,2026-09-06,125.0000
MII181625,Trapani,2026-09-06,118.9076
MII181636,Trento,2026-09-06,103.0806
MII181645,Treviso,2026-09-06,173.8462
MII181661,Trieste,2026-09-06,180.7407
MII181681,Turi,2026-09-06,173.1481
MII181672,Udine,2026-09-06,195.2381
MII181691,Vallo della Lucania,2026-09-06,152.5000
MII181703,Varese,2026-09-06,190.5660
MII181820,Vasto,2026-09-06,76.4103
MII181839,Velletri,2026-09-06,155.9585
MII181847,Venezia Giudecca,2026-09-06,99.0196
MII181863,Venezia Santa Maria Maggiore,2026-09-06,169.8113
MII181870,Verbania,2026-09-06,162.2642
MII181880,Vercelli,2026-09-06,174.3119
MII181891,Verona,2026-09-06,192.1450
MII181908,Vibo Valentia,2026-09-06,112.8205
MII181918,Vicenza,2026-09-06,142.8030
MII181924,Vigevano,2026-09-06,106.0403
MII181934,Viterbo,2026-09-06,161.7571
MII179733,Voghera,2026-09-06,117.3913
MII179876,Volterra,2026-09-06,97.8723
MII158910,Agrigento,2026-09-10,145.8333
MII157783,Alba,2026-09-10,83.3333
MII158919,"Alessandria Cantiello, Gaeta",2026-09-10,111.1588
MII158924,Alessandria San Michele,2026-09-10,73.5849
MII158935,Alghero,2026-09-10,101.9231
MII172277,Altamura,2026-09-10,202.0408
MII158944,Ancona Barcaglione,2026-09-10,78.0000
MII158941,Ancona Montacuto,2026-09-10,137.1094
MII158945,Arbus,2026-09-10,91.2698
MII158948,Arezzo,2026-09-10,190.9091
MII159053,Ariano Irpino,2026-09-10,148.1481
MII159060,Arienzo,2026-09-10,151.7241
MII159065,Ascoli Piceno,2026-09-10,149.5146
MII159069,Asti,2026-09-10,140.2985
MII159314,Augusta,2026-09-10,177.5281
MII172011,Avellino,2026-09-10,143.4599
MII172187,Aversa,2026-09-10,131.6239
MII182440,Avezzano,2026-09-10,145.2830
MII172222,Barcellona Pozzo di Gotto,2026-09-10,88.3333
MII181678,Bari,2026-09-10,166.2791
MII158901,Belluno,2026-09-10,137.8049
MII160204,Benevento,2026-09-10,156.2771
MII172827,Bergamo,2026-09-10,191.2226
MII172332,Biella,2026-09-10,151.9182
MII172344,Bollate,2026-09-10,127.7822
MII172508,Bologna,2026-09-10,177.3626
MII172580,Bolzano,2026-09-10,122.7273
MII172592,Brescia Canton Monbello,2026-09-10,217.5824
MII172610,Brescia Verziano,2026-09-10,171.8310
MII172623,Brindisi,2026-09-10,182.1192
MII172814,Brissogne - Aosta,2026-09-10,90.5882
MII172320,Busto Arsizio,2026-09-10,201.3575
MII172835,Cagliari Uta,2026-09-10,132.4615
MII173006,Caltagirone,2026-09-10,125.4237
MII173063,Caltanissetta,2026-09-10,143.1694
MII173088,Campobasso,2026-09-10,171.1538
MII173101,Carinola,2026-09-10,123.7363
MII173114,Cassino,2026-09-10,176.6667
MII173237,Castelfranco Emilia,2026-09-10,66.4430
MII173259,Castelvetrano,2026-09-10,165.9091
MII173265,Castrovillari,2026-09-10,167.1429
MII173285,Catania Bicocca,2026-09-10,148.4848
MII173301,Catania Piazza Lanza,2026-09-10,172.0430
MII173311,Catanzaro,2026-09-10,108.9802
MII173356,Chiavari,2026-09-10,125.0000
MII173364,Chieti,2026-09-10,183.5443
MII173688,Civitavecchia Giuseppe Passerini,2026-09-10,58.3333
MII172208,Civitavecchia Nuovo Complesso,2026-09-10,184.1499
MII173712,Como,2026-09-10,181.1659
MII173341,Cosenza,2026-09-10,125.9091
MII173747,Cremona,2026-09-10,162.5000
MII173324,Crotone,2026-09-10,149.2063
MII173764,Cuneo,2026-09-10,101.8470
MII173784,Eboli,2026-09-10,70.3704
MII173813,Enna,2026-09-10,148.0916
MII173994,Favignana,2026-09-10,127.7108
MII174501,Fermo,2026-09-10,160.4651
MII174686,Ferrara,2026-09-10,174.0741
MII174825,Firenze Mario Gozzini,2026-09-10,131.0811
MII174720,Firenze Sollicciano,2026-09-10,166.1710
MII176375,Foggia,2026-09-10,224.1042
MII176403,Forlì,2026-09-10,121.2121
MII176414,Fossano,2026-09-10,91.9118
MII176424,Fossombrone,2026-09-10,119.8718
MII176437,Frosinone,2026-09-10,136.0236
MII176451,Gela,2026-09-10,164.5833
MII152284,Genova Marassi,2026-09-10,130.3202
MII176703,Genova Pontedecimo,2026-09-10,166.6667
MII176714,Giarre,2026-09-10,172.0930
MII176719,Gorizia,2026-09-10,130.1587
MII176743,Grosseto,2026-09-10,186.6667
MII176749,Imperia,2026-09-10,145.2830
MII176759,Isernia,2026-09-10,175.0000
MII176771,Isili,2026-09-10,109.3458
MII176781,Ivrea,2026-09-10,150.8772
MII177134,L'Aquila,2026-09-10,85.5769
MII176788,La Spezia,2026-09-10,148.0263
MII177107,Lanciano,2026-09-10,117.8571
MII177118,Lanusei,2026-09-10,112.1212
MII177323,Larino,2026-09-10,153.2110
MII177332,Latina,2026-09-10,212.9870
MII177346,Laureana di Borrello,2026-09-10,154.0541
MII177384,Lauro,2026-09-10,30.6122
MII177420,Lecce,2026-09-10,189.0039
MII177436,Lecco,2026-09-10,173.5849
MII177463,Livorno,2026-09-10,128.1588
MII177498,Livorno Gorgona,2026-09-10,125.8427
MII177996,Locri,2026-09-10,157.5000
MII178027,Lodi,2026-09-10,209.3023
MII178035,Lucca,2026-09-10,262.1622
MII178045,Lucera,2026-09-10,152.0000
MII178072,Mantova,2026-09-10,160.4167
MII178085,Massa,2026-09-10,168.0000
MII178115,Massa Marittima,2026-09-10,112.5000
MII178124,Matera,2026-09-10,169.6721
MII178141,Melfi,2026-09-10,158.2090
MII178148,Messina,2026-09-10,113.9535
MII158895,Milano San Vittore,2026-09-10,228.0992
MII178501,Milano San Vittore femminile,2026-09-10,204.3478
MII178638,Modena,2026-09-10,166.3073
MII178659,Monza,2026-09-10,191.7098
MII178666,Napoli Poggioreale,2026-09-10,169.7863
MII178672,Napoli Secondigliano,2026-09-10,138.0474
MII178681,Noto,2026-09-10,100.0000
MII178700,Novara,2026-09-10,69.2308
MII179224,Nuoro,2026-09-10,16.4234
MII178003,Onanì,2026-09-10,90.4762
MII179237,Opera,2026-09-10,150.4405
MII179274,Oristano,2026-09-10,93.5606
MII179280,Orvieto,2026-09-10,116.3265
MII179290,Padova,2026-09-10,140.9574
MII179299,Padova Nuovo Complesso,2026-09-10,160.1852
MII179306,Palermo Pagliarelli,2026-09-10,138.1039
MII179324,Palermo Ucciardone,2026-09-10,111.1111
MII179331,Paliano,2026-09-10,43.8356
MII179342,Palmi,2026-09-10,106.0345
MII179353,Paola,2026-09-10,157.1429
MII179364,Parma,2026-09-10,124.6894
MII182910,Pavia,2026-09-10,141.7476
MII179781,Perugia,2026-09-10,158.8997
MII179818,Pesaro,2026-09-10,174.3056
MII179830,Pescara,2026-09-10,165.4321
MII179842,Piacenza,2026-09-10,144.6602
MII179856,Piazza Armerina,2026-09-10,170.8333
MII182919,Pisa,2026-09-10,167.0270
MII179896,Pistoia,2026-09-10,115.7895
MII179913,Pordenone,2026-09-10,142.8571
MII179932,Porto Azzurro,2026-09-10,110.1796
MII179938,Potenza,2026-09-10,167.9245
MII179958,Prato,2026-09-10,119.0037
MII179965,Ragusa,2026-09-10,122.4044
MII179981,Ravenna,2026-09-10,177.5510
MII179988,Reggio Calabria Arghillà,2026-09-10,122.8070
MII179995,Reggio Calabria Giuseppe Panzera,2026-09-10,77.8443
MII182339,Reggio Emilia,2026-09-10,136.3248
MII169535,Rieti,2026-09-10,179.9308
MII180001,Rimini,2026-09-10,150.8475
MII180380,Roma Rebibbia,2026-09-10,108.3019
MII180348,Roma Rebibbia femminile,2026-09-10,160.2620
MII180356,Roma Rebibbia IIIª casa,2026-09-10,75.0000
MII180370,Roma Rebibbia Nuovo Complesso,2026-09-10,144.6629
MII180401,Roma Regina Coeli,2026-09-10,204.4405
MII180415,Rossano,2026-09-10,128.1369
MII180424,Rovigo,2026-09-10,134.9282
MII180426,Salerno,2026-09-10,159.5109
MII180437,Saluzzo,2026-09-10,87.4699
MII180451,San Cataldo,2026-09-10,87.1795
MII180458,San Gimignano,2026-09-10,144.3946
MII180476,San Severo,2026-09-10,154.0984
MII180465,Sanremo,2026-09-10,127.8539
MII181079,Sant'Angelo dei Lombardi,2026-09-10,161.7391
MII180487,Santa Maria Capua Vetere,2026-09-10,156.0651
MII181091,Sassari,2026-09-10,137.1429
MII181109,Sciacca,2026-09-10,105.0000
MII181115,Siena,2026-09-10,136.8421
MII181125,Siracusa,2026-09-10,129.7248
MII181346,Sondrio,2026-09-10,170.8333
MII181358,Spoleto,2026-09-10,110.9890
MII181371,Sulmona,2026-09-10,123.7094
MII181377,Taranto,2026-09-10,201.8605
MII181385,Tempio Pausania,2026-09-10,109.8160
MII181392,Teramo,2026-09-10,182.8685
MII181401,Termini Imerese,2026-09-10,107.1429
MII181407,Terni,2026-09-10,131.5914
MII181417,Tolmezzo,2026-09-10,115.5405
MII181424,Torino,2026-09-10,141.9854
MII181434,Trani,2026-09-10,160.6061
MII181440,Trani femminile,2026-09-10,128.1250
MII181625,Trapani,2026-09-10,118.5804
MII181636,Trento,2026-09-10,104.0284
MII181645,Treviso,2026-09-10,173.0769
MII181661,Trieste,2026-09-10,182.9630
MII181681,Turi,2026-09-10,168.5185
MII181672,Udine,2026-09-10,196.4286
MII181691,Vallo della Lucania,2026-09-10,155.0000
MII181703,Varese,2026-09-10,200.0000
MII181820,Vasto,2026-09-10,76.9231
MII181839,Velletri,2026-09-10,155.9585
MII181847,Venezia Giudecca,2026-09-10,95.0980
MII181863,Venezia Santa Maria Maggiore,2026-09-10,167.9245
MII181870,Verbania,2026-09-10,156.6038
MII181880,Vercelli,2026-09-10,172.1461
MII181891,Verona,2026-09-10,189.4260
MII181908,Vibo Valentia,2026-09-10,112.0879
MII181918,Vicenza,2026-09-10,142.8030
MII181924,Vigevano,2026-09-10,106.0403
MII181934,Viterbo,2026-09-10,160.9819
MII179733,Voghera,2026-09-10,117.3913
MII179876,Volterra,2026-09-10,97.3404
